/* Reference image shipped with the vendor driver for this panel:
 * krstc/openepaperlinkforCN refdoc/BLE_EPD_DISPLAY/EPD_3in98g-TU/image_data.h
 * 105984 bytes = 768 x 552 x 2bpp, row-major, 192 bytes per line.
 * Displaying it here is a control experiment: same board, same driver,
 * known-good content. */
#ifndef REF_IMAGE_H
#define REF_IMAGE_H

#include <stdint.h>

#define REF_IMAGE_BYTES 105984

static const uint8_t ref_image[REF_IMAGE_BYTES] = {
    0x55,0x55,0x55,0x55,0x55,0x55,0x55,0x55,0x55,0x55,0x55,0x55,0x55,0x55,0x55,0x55,
    0x55,0x55,0x55,0x55,0x55,0x55,0x55,0x55,0x55,0x55,0x55,0x55,0x55,0x55,0x55,0x55,
    0x55,0x55,0x55,0x55,0x55,0x55,0x55,0x55,0x55,0x55,0x55,0x55,0x55,0x55,0x55,0x55,
    0x55,0x55,0x55,0x55,0x55,0x55,0x55,0x55,0x55,0x55,0x55,0x55,0x55,0x55,0x55,0x55,
    0x55,0x55,0x55,0x55,0x55,0x55,0x55,0x55,0x55,0x55,0x55,0x55,0x55,0x55,0x55,0x55,
    0x55,0x55,0x55,0x55,0x55,0x55,0x55,0x55,0x55,0x55,0x55,0x55,0x55,0x55,0x55,0x55,
    0x55,0x55,0x55,0x55,0x55,0x55,0x55,0x55,0x55,0x55,0x55,0x55,0x55,0x55,0x55,0x55,
    0x55,0x55,0x55,0x55,0x55,0x55,0x55,0x55,0x55,0x55,0x55,0x55,0x55,0x55,0x55,0x55,
    0x55,0x55,0x55,0x55,0x55,0x55,0x55,0x55,0x55,0x55,0x55,0x55,0x55,0x55,0x55,0x55,
    0x55,0x55,0x55,0x55,0x55,0x55,0x55,0x55,0x55,0x55,0x55,0x55,0x55,0x55,0x55,0x55,
    0x55,0x55,0x55,0x55,0x55,0x55,0x55,0x55,0x55,0x55,0x55,0x55,0x55,0x55,0x55,0x55,
    0x55,0x55,0x55,0x55,0x55,0x55,0x55,0x55,0x55,0x55,0x55,0x55,0x55,0x55,0x55,0x55,
    0x59,0x65,0x96,0x59,0x65,0x96,0x59,0x65,0x96,0x59,0x65,0x96,0x59,0x65,0x96,0x59,
    0x65,0x96,0x59,0x65,0x96,0x59,0x65,0x96,0x59,0x65,0x96,0x59,0x65,0x96,0x59,0x65,
    0x96,0x59,0x65,0x96,0x59,0x65,0x96,0x59,0x65,0x96,0x59,0x65,0x96,0x59,0x65,0x96,
    0x59,0x96,0x59,0x65,0x96,0x59,0x65,0x96,0x59,0x65,0x96,0x59,0x65,0x96,0x59,0x65,
    0x96,0x59,0x65,0x96,0x59,0x65,0x96,0x59,0x65,0x96,0x59,0x65,0x96,0x59,0x65,0x96,
    0x59,0x65,0x96,0x59,0x65,0x96,0x59,0x65,0x96,0x59,0x65,0x96,0x59,0x65,0x96,0x59,
    0x65,0x96,0x59,0x65,0x96,0x59,0x65,0x96,0x59,0x65,0x96,0x59,0x65,0x96,0x59,0x59,
    0x59,0x65,0x96,0x59,0x65,0x96,0x59,0x65,0x96,0x59,0x65,0x96,0x59,0x65,0x96,0x59,
    0x65,0x96,0x59,0x65,0x96,0x59,0x65,0x96,0x59,0x65,0x96,0x59,0x65,0x96,0x59,0x65,
    0x96,0x59,0x65,0x96,0x59,0x65,0x96,0x59,0x65,0x96,0x59,0x65,0x96,0x59,0x65,0x96,
    0x59,0x65,0x96,0x59,0x65,0x96,0x59,0x65,0x96,0x59,0x65,0x96,0x59,0x65,0x96,0x59,
    0x65,0x96,0x59,0x65,0x96,0x59,0x65,0x96,0x59,0x65,0x96,0x59,0x65,0x96,0x59,0x65,
    0x55,0x55,0x55,0x55,0x55,0x55,0x55,0x55,0x55,0x55,0x55,0x55,0x55,0x55,0x55,0x55,
    0x55,0x55,0x55,0x55,0x55,0x55,0x55,0x55,0x55,0x55,0x55,0x55,0x55,0x55,0x55,0x55,
    0x55,0x55,0x55,0x55,0x55,0x55,0x55,0x55,0x55,0x55,0x55,0x55,0x55,0x55,0x55,0x55,
    0x95,0x55,0x55,0x55,0x55,0x55,0x55,0x55,0x55,0x55,0x55,0x55,0x55,0x55,0x55,0x55,
    0x55,0x55,0x55,0x55,0x55,0x55,0x55,0x55,0x55,0x55,0x55,0x56,0x55,0x55,0x95,0x55,
    0x55,0x55,0x55,0x55,0x55,0x55,0x55,0x55,0x55,0x55,0x55,0x55,0x55,0x55,0x55,0x55,
    0x55,0x55,0x55,0x55,0x55,0x55,0x55,0x55,0x55,0x55,0x55,0x55,0x55,0x55,0x55,0x95,
    0x95,0x55,0x55,0x55,0x55,0x55,0x55,0x55,0x55,0x55,0x55,0x55,0x55,0x55,0x55,0x55,
    0x55,0x55,0x55,0x55,0x55,0x55,0x55,0x55,0x55,0x55,0x55,0x55,0x55,0x55,0x55,0x55,
    0x55,0x55,0x55,0x55,0x55,0x55,0x55,0x55,0x55,0x55,0x55,0x55,0x55,0x55,0x55,0x55,
    0x55,0x55,0x55,0x55,0x55,0x55,0x55,0x55,0x55,0x55,0x55,0x55,0x55,0x55,0x55,0x55,
    0x55,0x55,0x55,0x55,0x55,0x55,0x55,0x55,0x55,0x55,0x55,0x55,0x55,0x55,0x55,0x55,
    0x65,0x96,0x5d,0x65,0xd6,0x5d,0x67,0x59,0x76,0x76,0x5d,0x65,0xd6,0x5d,0x65,0x97,
    0x59,0x9d,0x97,0x66,0x75,0x97,0x59,0xd9,0xd7,0x67,0x67,0x59,0xd9,0xd9,0xd7,0x67,
    0x67,0x67,0x59,0xd6,0x75,0x9d,0x67,0x59,0xd9,0xd6,0x75,0x9d,0x67,0x67,0x67,0x65,
    0x5d,0x76,0x76,0x76,0x76,0x76,0x75,0xd9,0xd7,0x67,0x67,0x5d,0x9d,0x76,0x75,0xd9,
    0xd7,0x67,0x5d,0x9d,0x67,0x59,0xd7,0x67,0x5d,0x9d,0x9d,0x95,0x76,0x75,0x5d,0x9d,
    0x9d,0x9d,0x9d,0x9d,0x9d,0x9d,0x9d,0x9d,0x75,0x97,0x59,0x75,0x97,0x59,0xd9,0xd6,
    0x75,0x97,0x59,0x75,0x97,0x59,0xd6,0x75,0x97,0x59,0x65,0xd6,0x59,0x65,0xd5,0x55,
    0x55,0x96,0x59,0x75,0x97,0x59,0xd6,0x75,0x9d,0x67,0x59,0x75,0x97,0x59,0x75,0x9d,
    0x67,0x59,0xd6,0x76,0x76,0x76,0x76,0x76,0x76,0x76,0x76,0x76,0x75,0x9d,0x9d,0x9d,
    0x67,0x67,0x67,0x67,0x67,0x67,0x67,0x67,0x67,0x67,0x67,0x59,0xd6,0x76,0x76,0x75,
    0x9d,0x65,0xd6,0x5d,0x65,0xd6,0x75,0x9d,0x67,0x65,0xd9,0x75,0x9d,0x67,0x67,0x67,
    0x59,0x75,0x9d,0x9d,0x67,0x67,0x59,0xd9,0x9d,0x67,0x59,0xd6,0x75,0x9d,0x97,0x59,
    0x55,0x55,0xd5,0x55,0x55,0xd5,0x55,0x57,0x55,0x55,0x55,0x5d,0x55,0x55,0x55,0x75,
    0x55,0x55,0x55,0x55,0x55,0x75,0x55,0x55,0x55,0x55,0x55,0x55,0x55,0x55,0x55,0x55,
    0x55,0x55,0x55,0x55,0x55,0x55,0x55,0x55,0x55,0x55,0x55,0x55,0x55,0x55,0x55,0x57,
    0x55,0x55,0x55,0x55,0x55,0x55,0x55,0x55,0x55,0x55,0x55,0x55,0x55,0x55,0x55,0x55,
    0x55,0x55,0x55,0x55,0x55,0x55,0x55,0x55,0x55,0x55,0x55,0x77,0x55,0x56,0x55,0x55,
    0x55,0x55,0x55,0x55,0x55,0x55,0x55,0x55,0x55,0x75,0x55,0x55,0x75,0x55,0x55,0x55,
    0x55,0x75,0x55,0x55,0x55,0x55,0x55,0x55,0x75,0x55,0xd5,0x55,0x57,0x55,0x59,0x75,
    0x75,0x55,0x55,0x55,0x55,0x55,0x55,0x55,0x55,0x55,0x57,0x55,0x55,0x57,0x55,0x55,
    0x55,0x55,0x55,0x55,0x55,0x55,0x55,0x55,0x55,0x55,0x55,0x55,0x55,0x55,0x55,0x55,
    0x55,0x55,0x55,0x55,0x55,0x55,0x55,0x55,0x55,0x55,0x55,0x55,0x55,0x55,0x55,0x55,
    0x55,0x5d,0x55,0x55,0x5d,0x55,0x55,0x55,0x55,0x55,0x55,0x55,0x55,0x55,0x55,0x55,
    0x57,0x55,0x55,0x55,0x55,0x55,0x55,0x55,0x55,0x55,0x55,0x55,0x55,0x55,0x55,0x65,
    0x59,0xd5,0x56,0x5d,0x99,0x56,0x59,0x65,0x56,0x56,0x66,0x55,0x65,0xd5,0x9d,0x55,
    0x97,0x56,0x59,0x65,0x59,0x55,0x96,0x56,0x59,0x65,0x56,0x65,0x95,0x65,0x66,0x59,
    0x59,0x56,0x65,0x9d,0x65,0xd6,0x75,0x97,0x55,0x99,0x67,0x59,0x75,0x65,0x65,0x75,
    0x59,0x65,0x65,0x65,0x65,0x65,0x66,0x59,0x66,0x56,0x56,0x65,0x96,0x59,0x59,0x65,
    0x65,0x96,0x65,0x96,0x75,0x9d,0x65,0x95,0x96,0x59,0x75,0x55,0x56,0x55,0xd6,0x75,
    0x96,0x59,0x75,0x96,0x59,0x65,0x65,0x65,0x96,0x55,0x97,0x59,0x55,0x96,0x55,0x99,
    0x66,0x55,0x97,0x59,0xd6,0x65,0x65,0x96,0x55,0x95,0x56,0x59,0xd5,0x5d,0x55,0x56,
    0x55,0xd7,0x5d,0x65,0xd6,0x65,0x97,0x59,0xd6,0x75,0x95,0x59,0x76,0x65,0x59,0x65,
    0xd5,0x97,0x59,0x65,0x65,0x65,0x96,0x59,0x59,0x59,0x59,0x59,0x59,0xd5,0x95,0x65,
    0x96,0x56,0x56,0x59,0x75,0x95,0x95,0x95,0x95,0x96,0x56,0x75,0x99,0x65,0x59,0x59,
    0xd6,0x55,0x65,0xd9,0x95,0x65,0x96,0x59,0x95,0x96,0x59,0x66,0x59,0x96,0x55,0x95,
    0x95,0x59,0x95,0x96,0x75,0x96,0x65,0x97,0x56,0x75,0x96,0x59,0x66,0x56,0x75,0x55,
    0x55,0x59,0x65,0x55,0x55,0x55,0x55,0x55,0x95,0x65,0x55,0x59,0x55,0x59,0x55,0x55,
    0x55,0x65,0x75,0x57,0x55,0x95,0x5d,0x65,0x55,0x57,0x65,0x5d,0x5d,0x57,0x55,0x55,
    0xd5,0xd5,0x57,0x55,0x55,0x55,0x55,0x55,0x65,0x55,0xd5,0x55,0x56,0x57,0x57,0x55,
    0x95,0x57,0x57,0x57,0x57,0x57,0x55,0x55,0x55,0x75,0x75,0x55,0x55,0x55,0xd5,0x57,
    0x55,0x55,0x55,0x55,0x55,0x55,0x55,0x5d,0x55,0x55,0x55,0x55,0x55,0x5d,0x55,0x55,
    0x55,0x55,0x55,0x55,0x55,0x55,0x55,0x55,0x5d,0x55,0x55,0x65,0x65,0x5d,0x65,0x57,
    0x55,0x55,0x55,0x55,0x55,0x57,0x57,0x55,0x55,0x5d,0x65,0x55,0x55,0x95,0x97,0x55,
    0x59,0x55,0x55,0x55,0x55,0x55,0x55,0x55,0x55,0x55,0x59,0x55,0x55,0x55,0x55,0xd5,
    0x59,0x55,0x57,0x57,0x57,0x55,0x5d,0x55,0xd5,0xd5,0xd5,0xd5,0xd5,0x59,0x5d,0x55,
    0x75,0x75,0x75,0x57,0x55,0x5d,0x5d,0x5d,0x5d,0x55,0x75,0x55,0x57,0x57,0x55,0xd5,
    0x55,0x65,0x55,0x55,0x55,0x55,0x55,0xd5,0x5d,0x55,0xd5,0x55,0xd5,0x75,0x75,0x5d,
    0x56,0x55,0x5d,0x55,0x55,0x55,0x5d,0x55,0x65,0x55,0x5d,0x57,0x55,0x75,0x56,0x5d,
    0x65,0x55,0x55,0xd6,0x57,0x65,0xd7,0x5d,0x59,0x57,0x5d,0x55,0x97,0x00,0x04,0x16,
    0x65,0x57,0x55,0x95,0x65,0x59,0x55,0x57,0x5d,0x95,0x55,0xd5,0x55,0x95,0x59,0xd5,
    0x55,0x59,0x75,0x56,0x5d,0x99,0x65,0x99,0x57,0x5d,0x55,0x97,0x65,0x75,0x55,0x59,
    0x57,0x65,0x55,0x55,0x55,0x55,0x57,0x5d,0x75,0x55,0x55,0x75,0xd7,0x65,0x59,0xd5,
    0x59,0xd7,0x5d,0x75,0x96,0x59,0x67,0x55,0x65,0x55,0xd8,0x61,0x87,0x45,0x11,0xd1,
    0x1d,0x11,0x11,0x11,0x31,0x00,0x00,0x00,0x05,0x66,0x76,0x55,0x56,0x55,0x5d,0x75,
    0x57,0x59,0x76,0x65,0x97,0x55,0x55,0x5d,0x66,0x55,0x55,0xd5,0x65,0x55,0x55,0x65,
    0xd5,0x65,0x96,0x75,0x99,0x75,0xd6,0x65,0x65,0x96,0x55,0x97,0x59,0x5d,0x95,0x56,
    0x55,0xd6,0x65,0x55,0x55,0x5d,0x55,0x75,0x55,0x55,0x55,0x55,0x56,0x55,0xd5,0x9d,
    0x55,0x55,0x55,0xd5,0x59,0x55,0x55,0x55,0x55,0x77,0x55,0x96,0x75,0x55,0x65,0x55,
    0x96,0x56,0x5d,0x65,0x76,0x5d,0x75,0x55,0xd5,0x75,0x57,0x5d,0x55,0x55,0x56,0x55,
    0x75,0x65,0xd5,0x75,0x96,0x75,0xd5,0x75,0x57,0x59,0x55,0x75,0x57,0x55,0x55,0x55,
    0x57,0x5d,0x75,0x55,0x75,0x55,0x55,0x55,0x57,0x55,0x55,0x9d,0x50,0x04,0x00,0x05,
    0x57,0x55,0x59,0x5d,0x57,0x55,0xd6,0x55,0x55,0x5d,0x5d,0x55,0x95,0x75,0x95,0x59,
    0x65,0x95,0x55,0x65,0x55,0x55,0x55,0x55,0xd5,0x55,0x59,0x55,0x55,0x55,0x96,0x55,
    0x75,0x55,0x99,0x65,0x99,0x65,0x95,0x55,0x56,0x59,0x96,0x55,0x59,0x57,0x55,0x59,
    0x55,0x55,0x55,0x55,0x5d,0x55,0xd5,0x65,0x54,0x00,0x00,0x00,0x00,0x00,0x00,0x00,
    0x00,0x00,0x00,0x00,0x00,0x00,0x03,0x04,0x50,0x55,0x55,0x5d,0x95,0x75,0x95,0x55,
    0x65,0x55,0x55,0x55,0x55,0x65,0x96,0x55,0x55,0x65,0x9d,0x59,0x57,0x59,0x75,0x55,
    0x55,0x55,0x55,0x55,0x55,0x55,0x55,0x57,0x55,0x55,0x75,0x55,0x55,0xd5,0x5d,0x65,
    0x75,0x55,0x55,0x65,0x99,0x95,0x96,0x56,0x59,0x66,0x59,0x65,0x95,0x75,0x55,0x55,
    0x96,0x59,0x96,0x56,0x55,0xd6,0x65,0x96,0x65,0x95,0x59,0x55,0x55,0x65,0x55,0x99,
    0x55,0x75,0x55,0x57,0x55,0x55,0x95,0x95,0x56,0x55,0x95,0x55,0x59,0x65,0x95,0x75,
    0x55,0x55,0x56,0x55,0x5d,0x55,0x55,0x56,0x55,0x55,0xd6,0x55,0x95,0x59,0x9d,0x99,
    0x55,0x55,0x56,0x65,0x55,0x65,0x99,0x96,0x75,0x65,0x95,0x55,0x40,0x55,0x51,0x41,
    0x55,0x65,0x95,0x55,0x65,0x5d,0x55,0x75,0x99,0x55,0x95,0x59,0x5d,0x55,0x5d,0x55,
    0xd5,0x5d,0x65,0x57,0x59,0x67,0x5d,0x75,0x59,0x65,0x95,0x75,0x97,0x59,0x55,0x65,
    0x55,0x95,0x55,0xd5,0x55,0x5d,0x5d,0x66,0x65,0x75,0x55,0x59,0x95,0x75,0x59,0x55,
    0x9d,0x65,0x99,0x99,0xd5,0x75,0x55,0x55,0x40,0x00,0x04,0x11,0x10,0x48,0x44,0x44,
    0x48,0x44,0x47,0x65,0x55,0x55,0x55,0x55,0x54,0x57,0x55,0x95,0x5d,0x55,0x55,0x96,
    0x55,0x67,0x59,0x5d,0x75,0x55,0x75,0x65,0x9d,0x55,0x55,0x55,0xd5,0x55,0x56,0x5d,
    0x66,0x75,0xd7,0x59,0x75,0xd6,0x67,0x55,0x5d,0x75,0x55,0xd9,0x95,0x55,0x95,0x57,
    0x55,0x99,0x75,0xd5,0x55,0x55,0x75,0x55,0x75,0x55,0x57,0x55,0x5d,0x55,0x96,0x59,
    0x55,0xd5,0x5d,0x55,0x65,0x55,0x57,0x55,0x55,0x55,0x95,0xd7,0x56,0x57,0x5d,0x55,
    0xd7,0x55,0xd6,0x65,0x56,0x65,0x59,0x5d,0x65,0x59,0x56,0x65,0x97,0x57,0x57,0x56,
    0x59,0xd7,0x55,0x59,0xd5,0x59,0x66,0x55,0x75,0x95,0x55,0x59,0x59,0x55,0x55,0x55,
    0x65,0x99,0x95,0x57,0x59,0x55,0x55,0x55,0x55,0x55,0x5d,0x55,0x05,0x55,0x55,0x41,
    0x66,0x55,0x57,0x59,0x55,0x95,0x66,0x55,0x55,0xd5,0x56,0x55,0xd5,0x96,0x55,0x65,
    0x59,0xd5,0x57,0x65,0x55,0x55,0x55,0x55,0x95,0x55,0x57,0x55,0x55,0x55,0x75,0xd7,
    0x59,0x5d,0x75,0x57,0x5d,0xd5,0x55,0x55,0x57,0x55,0xd7,0x55,0x57,0x55,0x95,0xd5,
    0x55,0x56,0x55,0x55,0x56,0x55,0x96,0x54,0x03,0x55,0x55,0x55,0x55,0x55,0x55,0x55,
    0x55,0x55,0x55,0x55,0x55,0x55,0x55,0x55,0x50,0x55,0x65,0x55,0xd5,0x65,0x9d,0x55,
    0x5d,0x55,0x55,0x95,0x56,0x67,0x55,0x55,0x55,0x75,0xd5,0x95,0x56,0x5d,0x65,0x55,
    0x55,0x55,0x55,0x55,0x55,0x55,0x55,0x65,0x95,0x56,0x59,0x55,0x5d,0x65,0x56,0x55,
    0x59,0x55,0x55,0x59,0xd7,0x5d,0x55,0xd9,0x56,0x75,0xd5,0x5d,0x95,0x65,0x55,0xd5,
    0xd5,0x57,0x55,0x67,0x57,0x66,0x75,0x5d,0x76,0x59,0x55,0x55,0x65,0x75,0x55,0x5d,
    0x55,0x55,0x55,0x55,0x95,0x57,0x55,0x55,0x55,0x95,0x75,0x55,0x55,0x55,0x65,0x55,
    0x55,0x55,0x66,0x55,0x56,0x55,0x55,0x76,0x55,0x5d,0x99,0x95,0x55,0xd7,0x56,0x5d,
    0x55,0x55,0x59,0x75,0x55,0x9d,0x9d,0x76,0x59,0x76,0x55,0x94,0x15,0x11,0x15,0x41,
    0x55,0x75,0xd5,0x55,0xd5,0x56,0x55,0x59,0xd5,0x59,0x65,0x65,0x55,0x55,0x75,0x5d,
    0x55,0x56,0x55,0x55,0x9d,0x95,0x96,0x65,0x57,0x59,0xd5,0x59,0x9d,0x97,0x55,0x55,
    0x55,0x55,0x55,0x95,0x55,0x56,0x59,0x9d,0x45,0x55,0x55,0x67,0x55,0x59,0x55,0x59,
    0xd6,0x75,0x5d,0x75,0x65,0x59,0x55,0xd0,0x15,0x55,0x55,0x55,0x55,0x55,0x55,0x55,
    0x55,0x55,0x55,0x54,0x59,0x55,0x59,0x59,0x50,0x59,0x57,0x59,0x56,0x55,0x55,0x67,
    0x55,0x96,0x59,0x56,0x65,0x55,0x56,0x75,0xd6,0x55,0x59,0x5d,0x65,0x55,0x55,0xd6,
    0x57,0x56,0x59,0x67,0x59,0x65,0xd5,0x57,0x56,0x55,0xd5,0x56,0x55,0x56,0x55,0x75,
    0x95,0x75,0xd9,0x55,0x55,0x56,0x59,0x55,0xd5,0x55,0x59,0x55,0x56,0x56,0x75,0x55,
    0x59,0x65,0x65,0x95,0x55,0x55,0x55,0x95,0x55,0x75,0x75,0x99,0x57,0x55,0x96,0x55,
    0x65,0x99,0x66,0x5d,0x57,0x55,0x59,0xd6,0x5d,0x57,0x55,0x75,0xd6,0x59,0x55,0x96,
    0x75,0x99,0x55,0x75,0x95,0x76,0x75,0x55,0x59,0x55,0x55,0x57,0x5d,0x55,0x65,0x55,
    0x5d,0x97,0x55,0x55,0x99,0x55,0x55,0x55,0x55,0x55,0x75,0x50,0x51,0x55,0x54,0x49,
    0xd7,0x55,0x59,0x9d,0x59,0xd5,0x5d,0x55,0x59,0x65,0x57,0x55,0x99,0x76,0x56,0x55,
    0x95,0x65,0x76,0x59,0x55,0x5d,0x55,0x57,0x55,0x55,0x59,0x55,0x55,0x55,0x59,0x65,
    0x99,0xd6,0x65,0x59,0x96,0x55,0x55,0x55,0x55,0x66,0x66,0x55,0x65,0x95,0x46,0x55,
    0x55,0x55,0xd5,0x56,0x55,0x95,0x75,0x50,0x55,0x59,0x65,0x96,0x65,0x96,0x59,0x99,
    0x96,0x59,0x65,0x95,0x55,0xd9,0x95,0x55,0x61,0x55,0x95,0x55,0x55,0x5d,0x59,0x55,
    0x55,0x55,0x55,0xd5,0x55,0xd5,0x95,0x55,0x55,0x59,0x55,0x55,0x57,0x59,0x75,0x55,
    0x75,0x55,0x55,0x55,0x55,0x5d,0x56,0x75,0x55,0x75,0x56,0x65,0x59,0x95,0x76,0x55,
    0x57,0x55,0x55,0x9d,0x65,0x95,0x55,0x65,0x56,0x59,0x55,0xd9,0x75,0x5d,0x56,0x51,
    0x57,0x55,0x55,0x55,0x99,0x5d,0x59,0x56,0x65,0x55,0x55,0x55,0xd5,0x55,0x55,0x65,
    0x55,0x55,0x55,0x55,0x65,0x65,0x95,0x55,0x55,0x75,0x59,0x55,0x55,0x75,0x75,0x55,
    0x55,0x55,0x9d,0x55,0x59,0x55,0x56,0x65,0x95,0xd9,0x65,0xd5,0x55,0x65,0x57,0x59,
    0x55,0x55,0x5d,0x65,0x55,0xd5,0x55,0x59,0x75,0x55,0x55,0x41,0x55,0x14,0x00,0x04,
    0x55,0x59,0x55,0x55,0x55,0x56,0x55,0x9d,0x55,0xd5,0xd5,0x5d,0x55,0x55,0x55,0x65,
    0x5d,0x55,0x55,0x55,0xd5,0xd5,0x76,0x75,0x66,0x65,0x95,0x9d,0x59,0x65,0x95,0x55,
    0x55,0x55,0x57,0x55,0x55,0x64,0x64,0x56,0x59,0x55,0x55,0x15,0x51,0x54,0x55,0x75,
    0x99,0x65,0x56,0x55,0x5d,0x57,0x55,0x41,0x59,0x55,0x55,0x55,0x55,0x55,0x55,0x55,
    0x55,0xd5,0x55,0x45,0x75,0x55,0x57,0x5d,0x41,0x65,0x5d,0x65,0xd9,0x55,0x95,0xd5,
    0x19,0xd7,0x65,0x57,0x5d,0x55,0x5d,0x59,0x65,0xd5,0x97,0x59,0x75,0x55,0x56,0x59,
    0x55,0x67,0x5d,0x95,0x97,0x55,0x65,0x55,0x67,0x54,0x55,0x57,0x55,0x5d,0x55,0x59,
    0x75,0x59,0x65,0x55,0x57,0x59,0xd9,0x5d,0x65,0x75,0x9d,0x55,0x55,0xd5,0x55,0x55,
    0x95,0x51,0x9d,0x45,0x55,0x15,0x95,0x75,0x57,0x59,0x99,0xd5,0x59,0x66,0x67,0x56,
    0x5d,0x67,0x5d,0x65,0x55,0x55,0x5d,0x66,0x65,0x55,0x95,0x99,0x99,0x55,0x56,0x75,
    0x99,0x75,0x55,0x99,0xd5,0x95,0x95,0x55,0x5d,0x55,0x5d,0x56,0x65,0x56,0x75,0x55,
    0x65,0x96,0x55,0x56,0x5d,0x54,0x81,0x15,0x54,0x86,0x55,0xc1,0x45,0x40,0x00,0x50,
    0x55,0x95,0x97,0x56,0x65,0x65,0x75,0x55,0x9d,0x55,0x59,0x55,0x5d,0x96,0x75,0x57,
    0x55,0x9d,0x96,0x75,0x59,0x56,0x55,0x55,0x55,0x5d,0x55,0x55,0x95,0x5d,0x57,0x67,
    0x5d,0x65,0xd5,0x64,0x5d,0x55,0x55,0x65,0x55,0xd4,0x51,0x59,0x15,0x65,0x56,0x55,
    0x54,0x55,0x95,0x64,0x55,0x45,0x59,0x01,0x55,0xd7,0x5d,0x75,0xd7,0x5d,0x75,0xd7,
    0x5d,0x57,0x5d,0x55,0x55,0x55,0xd5,0x55,0x05,0x57,0x55,0x55,0x55,0xd5,0x5d,0x54,
    0x05,0x55,0x57,0x55,0x55,0x66,0x55,0x95,0x55,0x55,0x55,0x55,0x55,0x67,0x55,0x55,
    0x96,0x55,0x55,0x5d,0x55,0x65,0x57,0x56,0x55,0x50,0x16,0x75,0x5d,0x55,0x95,0xd5,
    0x55,0x95,0x57,0x59,0x75,0x55,0x55,0xd5,0x57,0x55,0x55,0x65,0x95,0x56,0x64,0x65,
    0x59,0x55,0x55,0x56,0x75,0x55,0x57,0x55,0x75,0x55,0x55,0x59,0x95,0x55,0x55,0x55,
    0xd5,0x55,0x55,0x57,0x5d,0x76,0x55,0x55,0x57,0x59,0x55,0x55,0x55,0xd6,0x55,0x55,
    0x55,0x56,0x59,0x55,0x55,0x5d,0x57,0x5d,0x55,0x65,0xd5,0x65,0x56,0x75,0x55,0x96,
    0x55,0x75,0x66,0x75,0x55,0x40,0x00,0x00,0x40,0x00,0x15,0x05,0x55,0x01,0x55,0x41,
    0x59,0x55,0x55,0x65,0x57,0x57,0x55,0x95,0x55,0x66,0x55,0xd6,0x55,0x55,0x56,0x75,
    0x59,0x55,0x55,0x55,0x95,0x65,0x59,0x59,0x67,0x55,0x75,0xd5,0x5d,0x55,0x65,0x55,
    0x55,0x55,0x59,0x55,0x55,0x96,0x55,0x57,0x5d,0x55,0x55,0x55,0x56,0x55,0x95,0x59,
    0x15,0x5d,0x51,0x55,0x59,0x55,0x95,0x05,0x65,0x55,0x55,0x55,0x55,0x55,0x55,0x55,
    0x55,0x55,0x55,0x56,0x59,0x45,0x55,0x65,0x05,0x95,0x59,0x76,0x59,0x59,0xd5,0x50,
    0x05,0x65,0x95,0x65,0x96,0x55,0x59,0x57,0x65,0x97,0x59,0x67,0x59,0x55,0x65,0x9d,
    0x55,0x56,0x59,0x55,0x75,0x56,0x55,0x55,0x45,0x42,0x25,0x55,0x55,0x95,0x5d,0x56,
    0x65,0x54,0x55,0x55,0x55,0x97,0x59,0x56,0x75,0x59,0xd6,0x55,0x46,0x55,0x55,0x56,
    0x54,0x65,0x96,0x65,0x55,0x96,0x75,0x59,0x55,0x9d,0x45,0x95,0x57,0x59,0x75,0x9d,
    0x56,0x55,0x96,0x75,0x55,0x55,0x59,0x75,0xd5,0x55,0x76,0x75,0xd5,0x55,0x75,0x97,
    0x5d,0x65,0x75,0x75,0x67,0x55,0x75,0x55,0x96,0x55,0x55,0x57,0x5d,0x55,0x65,0x5d,
    0x59,0x55,0x55,0x55,0x50,0x01,0x55,0x00,0x00,0x00,0x00,0x15,0x91,0x05,0x55,0x05,
    0x55,0x75,0xd9,0x55,0xd5,0x55,0x59,0x5d,0x65,0x55,0x45,0x55,0x75,0x9d,0x65,0x55,
    0x95,0x45,0x45,0xd5,0x54,0x55,0x15,0xd5,0x55,0x56,0x55,0x59,0x15,0x96,0x55,0x96,
    0x59,0x91,0x95,0x15,0x99,0x45,0x76,0x75,0x55,0x99,0x99,0x9d,0x65,0x5d,0x5d,0x95,
    0x56,0x55,0x55,0x95,0x95,0x65,0x55,0x05,0x55,0x15,0x95,0x95,0x55,0x95,0x15,0x45,
    0x55,0x15,0x94,0x55,0x54,0x55,0x51,0x54,0x15,0x5d,0x55,0x55,0x55,0x55,0x55,0x41,
    0x45,0x55,0x55,0x55,0x55,0x57,0x55,0x75,0x55,0x55,0x55,0x55,0x55,0x95,0x55,0x55,
    0x5d,0x75,0x55,0xd6,0x56,0x55,0xd6,0x64,0x55,0x45,0x05,0x56,0x59,0x5d,0x55,0x65,
    0x56,0x45,0x66,0x46,0x59,0x55,0x55,0x65,0x55,0x95,0x55,0x51,0x55,0x64,0x56,0x55,
    0xd5,0x55,0x5d,0x57,0x59,0x55,0x55,0x55,0x96,0x55,0x55,0x5d,0x75,0x55,0x55,0x55,
    0x55,0x75,0x55,0x55,0x96,0x59,0xd5,0x55,0x59,0x96,0x55,0x55,0x59,0x67,0x55,0x55,
    0x55,0x57,0x55,0x56,0x55,0x65,0x55,0x95,0x75,0x5d,0x66,0x55,0x55,0x59,0x57,0x55,
    0x57,0x59,0xd5,0x54,0x00,0x15,0x55,0x54,0x15,0x41,0x50,0x50,0x00,0x15,0x56,0x16,
    0x65,0x55,0x55,0x75,0x56,0x65,0x95,0x55,0x54,0x5d,0x56,0x64,0x55,0x55,0x54,0x55,
    0x51,0x56,0x55,0x59,0x15,0x59,0x55,0x54,0x5d,0x65,0x59,0x55,0x55,0x75,0x45,0x55,
    0x15,0x55,0x55,0x59,0x55,0x55,0x55,0x55,0x95,0x55,0x55,0x55,0x55,0x55,0x55,0x55,
    0x55,0x56,0x55,0x5d,0x5d,0x55,0xd4,0x15,0x75,0x59,0x55,0x51,0x65,0x51,0x56,0x55,
    0x91,0x55,0x55,0x67,0x55,0x56,0x55,0x50,0x56,0x55,0x9d,0x96,0x75,0x96,0x55,0x41,
    0x05,0x97,0x5d,0x97,0x65,0xd5,0x5d,0x55,0x67,0x59,0x67,0x56,0x59,0x5d,0x67,0x56,
    0x55,0x55,0x9d,0x55,0x55,0x75,0x55,0x55,0x55,0x05,0x05,0x75,0x55,0xd5,0x96,0x55,
    0x15,0x55,0x55,0x55,0x75,0x19,0x91,0x54,0x59,0x54,0x59,0x15,0x96,0x55,0x65,0x75,
    0x56,0x5d,0x55,0x75,0x55,0x5d,0x56,0x59,0x55,0x56,0x59,0xd5,0x55,0x9d,0x65,0xd5,
    0x99,0x56,0x75,0x59,0x55,0x55,0x57,0x59,0x55,0x5d,0x54,0x56,0x55,0x15,0x59,0x19,
    0x99,0xd5,0x59,0x65,0x75,0x56,0x65,0x59,0x55,0x95,0x55,0x75,0x96,0x57,0x55,0x65,
    0x65,0x55,0x54,0x40,0x05,0x55,0x55,0x50,0x55,0x54,0x14,0x00,0x01,0x55,0x95,0x55,
    0x57,0x59,0x65,0x56,0x55,0x55,0x57,0x59,0x15,0x55,0x95,0x55,0x59,0x45,0x95,0x66,
    0x55,0x65,0x59,0x95,0x56,0x55,0x65,0x95,0x55,0x51,0x54,0x65,0x96,0x55,0x56,0x75,
    0x55,0xd5,0x9d,0x55,0xd7,0x59,0xd7,0x59,0x46,0x55,0x57,0x44,0x40,0x00,0x00,0x41,
    0x21,0x75,0x45,0x55,0x55,0x9d,0x55,0x05,0x55,0x50,0x51,0x55,0x54,0x55,0x55,0x55,
    0x55,0x59,0x15,0x55,0x45,0x65,0x59,0x40,0x55,0x75,0x55,0x55,0x55,0x75,0x45,0x05,
    0x05,0x55,0x55,0x55,0x55,0x59,0x55,0x59,0x55,0x55,0x55,0x65,0x55,0x55,0x55,0x65,
    0x59,0x65,0x55,0x65,0x97,0x55,0x94,0x55,0x94,0x19,0x85,0x55,0x9d,0x55,0x55,0x51,
    0x57,0x59,0x9d,0x59,0x55,0x55,0x55,0x95,0x55,0x15,0x55,0x55,0x55,0x75,0x57,0x56,
    0x55,0x55,0x96,0x55,0x54,0x00,0x15,0x55,0xd4,0x65,0x75,0x55,0x95,0x55,0x55,0x59,
    0x55,0x65,0x56,0x55,0x75,0x9d,0x55,0x55,0x16,0x55,0x65,0x65,0x45,0x55,0x95,0x55,
    0x55,0x59,0x57,0x57,0x56,0x5d,0x56,0x54,0x59,0x56,0x5d,0x55,0x55,0xd5,0x66,0x55,
    0x55,0x97,0x50,0x01,0x55,0x55,0x55,0x41,0x55,0x54,0x04,0x00,0x55,0x59,0x55,0x59,
    0x75,0x55,0x57,0x65,0x67,0x5d,0x75,0x55,0x59,0x95,0x59,0x75,0x95,0x55,0x75,0x55,
    0x75,0x55,0x95,0x55,0x95,0x75,0x57,0x59,0x96,0x55,0x95,0x55,0x5d,0x54,0x55,0x55,
    0x95,0x59,0x55,0x9d,0x55,0x55,0x55,0x55,0x55,0x44,0x00,0x00,0x00,0x00,0x00,0x00,
    0x00,0x00,0x00,0x01,0x15,0x55,0x54,0x15,0x96,0x54,0x15,0x56,0x55,0x55,0x97,0x59,
    0x55,0x95,0x56,0x55,0x55,0x57,0x55,0x01,0x59,0x55,0x95,0x9d,0x59,0x55,0x55,0x05,
    0x05,0x65,0x96,0x59,0x65,0x95,0x96,0x55,0x56,0x5d,0x96,0x55,0xd7,0x56,0x56,0x55,
    0xd5,0x57,0x56,0x55,0x75,0x59,0x55,0x65,0x54,0x59,0x81,0x65,0x55,0x59,0x45,0xd5,
    0x65,0x55,0x55,0x95,0xd6,0x57,0x55,0x5d,0x65,0x55,0x65,0x66,0x75,0x56,0x75,0x55,
    0x51,0x59,0x5d,0x56,0x50,0x00,0x05,0x65,0x55,0x57,0x55,0x65,0x59,0x65,0x16,0x55,
    0x51,0x55,0x55,0xd7,0x55,0x55,0x65,0x91,0x55,0x45,0x55,0x57,0x55,0x65,0x56,0x57,
    0x51,0x55,0x15,0x55,0x55,0x55,0x75,0x75,0x55,0x45,0x55,0x99,0xd9,0x56,0x55,0x5d,
    0x59,0x55,0x40,0x55,0x55,0x55,0x55,0x05,0x55,0x55,0x05,0x50,0x15,0x55,0x67,0x55,
    0x55,0x99,0xd5,0x55,0x55,0x55,0x55,0x96,0x55,0x59,0xd5,0x55,0x57,0x66,0x56,0x5d,
    0x56,0x5d,0x5d,0x75,0x5d,0x56,0x75,0x55,0x55,0x15,0x5d,0x67,0x55,0x65,0x65,0xd5,
    0x5d,0x95,0x59,0x55,0x65,0x9d,0x65,0x95,0x40,0x00,0x00,0x11,0x75,0x55,0x55,0x50,
    0x00,0x00,0x00,0x00,0x00,0x55,0x65,0x25,0x55,0x55,0x05,0x95,0x75,0x65,0x55,0x54,
    0x5d,0x55,0x65,0x74,0x59,0xd5,0x50,0x15,0x55,0xd5,0x59,0x55,0x95,0x16,0x55,0x25,
    0x05,0x5d,0x55,0x75,0x57,0x55,0x55,0x40,0x55,0x55,0x55,0x5d,0x55,0x65,0x75,0x5d,
    0x57,0x55,0x65,0x5d,0x55,0x95,0x45,0x5d,0x50,0x66,0x41,0x57,0x56,0x55,0x55,0x56,
    0x55,0x97,0x55,0x5d,0x55,0x65,0x67,0x55,0x56,0x54,0x01,0x55,0x56,0x55,0x55,0x95,
    0x00,0x15,0xd5,0x65,0x00,0x00,0x00,0x55,0x99,0x65,0x56,0x57,0x54,0x55,0x55,0x75,
    0x15,0x75,0xd9,0x55,0x59,0x45,0x55,0x55,0x67,0x56,0x5d,0x95,0x59,0x57,0x55,0x75,
    0x55,0x9d,0x59,0x65,0x94,0x65,0x55,0x55,0x97,0x55,0x95,0x55,0x55,0x65,0x45,0xd5,
    0x55,0x54,0x05,0x55,0x55,0x55,0x55,0x05,0x55,0x55,0x41,0x55,0x05,0x96,0x55,0x5d,
    0x59,0x55,0x59,0x59,0xd5,0x96,0x59,0x51,0x59,0x55,0x57,0x59,0x75,0x55,0x55,0x55,
    0x95,0x55,0x55,0x56,0x55,0x95,0x55,0x65,0xd9,0x59,0xd5,0x55,0x65,0x56,0x55,0x59,
    0xd5,0x57,0x55,0x56,0x55,0x55,0x51,0x50,0x00,0x04,0x55,0x55,0x55,0x55,0x55,0x55,
    0x55,0x55,0x4f,0x33,0x00,0x01,0x54,0x15,0x75,0x15,0x05,0x5d,0x55,0x57,0x59,0x45,
    0x55,0x5d,0x57,0x55,0x55,0x55,0x40,0x56,0x5d,0x59,0x75,0x55,0x51,0x55,0x64,0x15,
    0x35,0x95,0x67,0x55,0x95,0x59,0xd5,0x00,0x17,0x59,0x75,0xd5,0x59,0x55,0x55,0xd5,
    0x55,0x65,0x55,0xd5,0x59,0x54,0x56,0x55,0x41,0x6d,0x92,0x55,0x65,0x45,0x99,0x95,
    0x59,0x55,0x67,0x55,0x66,0x55,0x55,0x65,0x95,0x50,0x00,0x15,0x65,0x76,0x59,0x54,
    0x00,0x05,0x55,0x55,0x00,0xc4,0xc0,0x15,0x55,0x55,0x65,0x55,0x65,0x59,0x67,0x55,
    0x56,0x55,0x55,0x59,0x55,0x56,0x76,0x59,0x55,0x55,0x55,0x55,0x95,0xd5,0x67,0x55,
    0x95,0x55,0x55,0x51,0x55,0x56,0x59,0x65,0x55,0x59,0x5d,0x45,0x65,0x15,0x55,0x55,
    0x55,0xc0,0x00,0x55,0x55,0x55,0x55,0x15,0x55,0x55,0x55,0x45,0x05,0x55,0x55,0x95,
    0x95,0x75,0x55,0x95,0x59,0x55,0x15,0x15,0x57,0x5d,0x65,0x55,0x95,0x97,0x51,0x95,
    0x59,0xd9,0x96,0x55,0x15,0x5d,0x59,0x51,0x55,0x55,0x56,0x5d,0x54,0x65,0x76,0x55,
    0x56,0x55,0x64,0x65,0x51,0x65,0x15,0x00,0x15,0x55,0x55,0x55,0x55,0x96,0x59,0x65,
    0x55,0x55,0x01,0xe1,0xe3,0x00,0x05,0x05,0x55,0x59,0x41,0x55,0x56,0x75,0x55,0x55,
    0x65,0x15,0x45,0x55,0x95,0x54,0x01,0x55,0x55,0x55,0x55,0x19,0x15,0x59,0x55,0x15,
    0x05,0x55,0x55,0x59,0x5d,0x55,0x55,0x05,0x05,0x55,0x55,0x55,0x95,0x75,0x95,0x55,
    0x96,0x57,0x5d,0x56,0x55,0x45,0x55,0x55,0x4d,0x99,0x90,0x56,0x54,0x55,0x55,0x59,
    0x75,0x75,0x55,0x65,0x55,0x76,0x75,0x54,0x5d,0x00,0x00,0x16,0x57,0x55,0x54,0x50,
    0x03,0x01,0x59,0x14,0x02,0x00,0x08,0x16,0x75,0xd6,0x57,0x59,0x55,0x55,0xd5,0x59,
    0x65,0x59,0x65,0x15,0x91,0x95,0x55,0x55,0xd5,0x96,0x65,0x9d,0x55,0x56,0x55,0x59,
    0x59,0xd6,0x67,0x55,0x65,0x95,0xd5,0x55,0x96,0x55,0xd5,0x56,0x55,0x57,0x59,0x65,
    0x60,0x01,0x10,0x15,0x55,0x55,0x54,0x15,0x55,0x55,0x54,0x55,0x41,0x59,0xd5,0x55,
    0x57,0x56,0x65,0x5d,0x55,0x19,0x55,0x56,0x75,0x55,0x55,0x91,0x55,0x55,0x55,0x5d,
    0x95,0x55,0x5d,0x45,0x59,0xd5,0x95,0x15,0x59,0xd6,0x55,0x55,0x95,0x57,0x55,0x75,
    0x65,0x45,0x55,0x57,0x55,0x51,0x58,0x05,0x55,0x55,0x59,0x66,0x65,0x55,0x55,0x55,
    0x65,0x65,0x43,0x33,0x34,0xd3,0x00,0x15,0x95,0x55,0x50,0x55,0x95,0x55,0x45,0x59,
    0x55,0x55,0x55,0x65,0x5d,0x40,0x15,0x67,0x59,0x96,0x59,0x55,0x55,0x95,0xd4,0x19,
    0x05,0x67,0x59,0x55,0x15,0x65,0x65,0x26,0x41,0x01,0x65,0x65,0x57,0x55,0x5d,0x59,
    0x55,0x55,0x55,0x55,0x45,0x55,0x65,0x59,0x05,0xa6,0xd0,0x55,0x55,0x59,0x75,0x95,
    0x55,0x56,0x75,0x54,0x64,0x55,0x56,0x45,0x54,0x03,0x23,0x05,0x75,0x59,0x15,0x40,
    0x30,0x00,0x55,0x50,0x00,0x08,0x80,0x05,0x55,0x55,0x45,0x54,0x59,0xd5,0x55,0x95,
    0x55,0x95,0x55,0x55,0x55,0x56,0x54,0x5d,0x59,0x55,0x57,0x55,0x65,0x95,0x56,0x55,
    0x55,0x55,0x55,0x65,0x55,0x55,0x54,0x5d,0x55,0x65,0x56,0x55,0x75,0x95,0x55,0x56,
    0x40,0x15,0x55,0x05,0x55,0x55,0x55,0x55,0x55,0x55,0x55,0x51,0x40,0x55,0x59,0xd6,
    0x75,0x55,0x57,0x55,0x65,0x55,0x65,0x95,0x55,0x99,0x19,0x55,0x64,0x65,0x96,0x55,
    0x51,0x59,0xd5,0x56,0x55,0x55,0x45,0x56,0x55,0x55,0x76,0x45,0x59,0x75,0x56,0x56,
    0x54,0x56,0x75,0x75,0x59,0xd5,0x40,0x55,0x65,0x96,0x55,0x55,0x57,0x5d,0x75,0xd6,
    0x55,0x55,0x42,0x1c,0x4f,0x3c,0x80,0x15,0x5d,0x65,0x54,0x15,0x45,0x54,0x55,0xd5,
    0x75,0x66,0x56,0x54,0x54,0x01,0x56,0x55,0x55,0x55,0xd5,0x59,0x59,0x55,0x54,0x15,
    0x25,0x55,0x55,0x55,0x55,0x57,0x54,0x19,0x80,0x00,0x56,0x55,0x75,0x56,0x55,0x95,
    0x75,0xd6,0x59,0x65,0x56,0x59,0x54,0x00,0x19,0x91,0xa4,0x01,0x15,0x55,0x55,0x5d,
    0x67,0x65,0x56,0x45,0x55,0x55,0x15,0x55,0x50,0x00,0x00,0x01,0x55,0x55,0x55,0x00,
    0x08,0x20,0x15,0x40,0x32,0x00,0x03,0x01,0x59,0x67,0x55,0x95,0x55,0x59,0x65,0x56,
    0x5d,0x57,0x51,0x65,0xd5,0x95,0x75,0x55,0x55,0x75,0xd5,0x56,0x57,0x59,0xd5,0x45,
    0x9d,0x66,0x5d,0x55,0x30,0x05,0x55,0x55,0x75,0x55,0x65,0x67,0x55,0x59,0x9d,0x95,
    0x04,0x15,0x55,0x41,0x55,0x55,0x55,0x55,0x55,0x55,0x55,0x15,0x54,0x15,0x55,0x55,
    0x55,0x65,0xd5,0x56,0x55,0x97,0x55,0x59,0x59,0x55,0x55,0x16,0x55,0x55,0x65,0x75,
    0x15,0x95,0x55,0x95,0x75,0x99,0x56,0x55,0x75,0x9d,0x55,0x56,0x57,0x55,0x95,0x55,
    0x45,0x55,0x56,0x55,0x55,0x55,0x01,0x59,0x57,0x55,0x75,0xd7,0x55,0x55,0x55,0x55,
    0x5d,0x75,0x43,0xc7,0x31,0x21,0xf4,0x01,0x55,0x55,0x54,0x35,0x55,0xd5,0x55,0x57,
    0x55,0x55,0x75,0x55,0x40,0x15,0x65,0x56,0x59,0x75,0x56,0x55,0x95,0x75,0x55,0x35,
    0x05,0xd4,0x40,0x11,0x56,0x55,0x40,0x9a,0x66,0x51,0x55,0x5d,0x55,0x65,0x55,0x57,
    0x55,0x55,0x55,0x54,0x55,0x55,0x00,0x06,0x59,0xea,0x64,0x00,0x01,0x66,0x59,0xd5,
    0x55,0x55,0x15,0x55,0x55,0x65,0x59,0x59,0x40,0x22,0x08,0x00,0x56,0x65,0x50,0x0c,
    0x80,0x00,0x01,0x43,0x00,0x10,0xc0,0x01,0x55,0x55,0x55,0x59,0x75,0x57,0x57,0x55,
    0xd5,0x75,0x55,0x55,0x59,0x5d,0x55,0x96,0x59,0x55,0x59,0x65,0x45,0x55,0x59,0x55,
    0x55,0x55,0x15,0x50,0x00,0x00,0x16,0x65,0x56,0x76,0x55,0x55,0x59,0xd5,0x55,0x5d,
    0x10,0x55,0x55,0x51,0x55,0x55,0x55,0x55,0x55,0x55,0x55,0x54,0x54,0x15,0x55,0x55,
    0x55,0x55,0x55,0x55,0x55,0x55,0x55,0x55,0x55,0x55,0x55,0x55,0x55,0x55,0x55,0x55,
    0x55,0x55,0x55,0x55,0x55,0x55,0x55,0x55,0x55,0x55,0x55,0x55,0x55,0x55,0x55,0x55,
    0x55,0x55,0x55,0x56,0x65,0x50,0x15,0x55,0x15,0x5d,0x55,0x55,0x51,0x56,0x59,0x65,
    0xd5,0x55,0x41,0x33,0xd3,0xcc,0xcf,0xc0,0x15,0x1d,0xd5,0x05,0x59,0x55,0x65,0x95,
    0x56,0x51,0x55,0x40,0x01,0x56,0x55,0xd5,0x57,0x55,0x95,0x75,0x57,0x56,0x54,0x14,
    0x15,0x50,0x00,0x00,0x15,0x75,0x05,0x99,0xa6,0x81,0x59,0x55,0x55,0x55,0xd9,0x75,
    0x59,0x65,0xd6,0x45,0x65,0xd4,0x05,0x59,0x9e,0x66,0x69,0x99,0x00,0x15,0x55,0x56,
    0x59,0x51,0x55,0x11,0x19,0x56,0x55,0xd4,0x03,0x00,0x00,0x80,0x15,0x55,0x40,0x00,
    0x02,0x32,0x03,0x00,0x88,0x0c,0x12,0x20,0x5d,0x96,0x59,0xd5,0x56,0x75,0x55,0x65,
    0x55,0x55,0x96,0x5d,0x55,0x55,0x59,0x55,0x57,0x59,0x95,0x54,0x55,0x65,0x54,0x59,
    0xd6,0x45,0x55,0x40,0x00,0x00,0x05,0x56,0x65,0x55,0x75,0x16,0x55,0x57,0x56,0x55,
    0x51,0x55,0x55,0x55,0x55,0x55,0x55,0x55,0x55,0x55,0x55,0x45,0x45,0x0c,0xc3,0x0c,
    0x00,0x01,0x00,0x00,0x00,0x04,0x03,0x03,0x01,0x00,0xc1,0x31,0x03,0x00,0x00,0x04,
    0x10,0x40,0x00,0x0c,0x20,0x00,0x30,0x83,0x08,0x04,0x02,0x08,0x04,0x10,0x40,0x01,
    0x11,0x12,0x11,0x15,0x51,0x50,0x55,0x95,0x55,0x55,0x55,0x65,0x55,0x65,0x55,0x51,
    0x55,0x95,0x83,0xd2,0x32,0x1d,0x11,0x1c,0x01,0x64,0x61,0x41,0xd1,0x18,0x5d,0x14,
    0x44,0x55,0x44,0x00,0x15,0x65,0x15,0x57,0x55,0x59,0x51,0x55,0xd5,0x55,0x75,0x15,
    0x15,0x41,0x55,0x50,0x05,0x54,0x19,0xba,0x79,0x49,0x55,0xd6,0x50,0x59,0x55,0x55,
    0x55,0x55,0x55,0x55,0x55,0x54,0x35,0xa7,0x66,0x98,0x66,0x66,0x58,0x15,0xd6,0x55,
    0x45,0xd5,0x40,0x00,0x00,0x15,0x75,0x50,0x00,0x20,0x4c,0x0c,0x01,0x54,0x03,0x20,
    0x80,0x00,0x30,0x08,0x00,0xc2,0x00,0x00,0x55,0x51,0x55,0x57,0x55,0x55,0x65,0x51,
    0x59,0x65,0x55,0x55,0x97,0x59,0x95,0x75,0xd5,0x55,0x51,0x45,0x56,0x57,0x45,0x55,
    0x55,0x55,0x94,0x00,0x11,0x30,0x01,0x55,0x55,0x59,0x55,0x55,0x75,0x65,0x65,0x45,
    0x41,0x55,0x55,0x55,0x55,0x55,0x55,0x55,0x55,0x55,0x55,0x55,0x54,0x00,0x00,0x00,
    0x00,0x00,0x00,0x00,0x00,0x00,0x00,0x00,0x00,0x00,0x00,0x00,0x00,0x00,0x00,0x00,
    0x00,0x00,0x00,0x00,0x00,0x00,0x00,0x00,0x00,0x00,0x00,0x00,0x00,0x00,0x00,0x00,
    0x00,0x00,0x00,0x05,0x55,0x42,0x59,0x5d,0x59,0x45,0x91,0x54,0x56,0x54,0x51,0x55,
    0x59,0x51,0x4c,0x8c,0xd3,0xcc,0xfc,0xf2,0x03,0x51,0x57,0x42,0x45,0x75,0xd1,0x46,
    0x55,0xcc,0x00,0x05,0x55,0x51,0x55,0x95,0x65,0x95,0x55,0x95,0x59,0x65,0x55,0x04,
    0x15,0x05,0x65,0x55,0x41,0x54,0x06,0x66,0xa6,0x05,0x65,0x55,0x40,0x55,0x57,0x59,
    0x94,0x59,0x91,0x59,0x66,0x55,0x01,0x66,0x99,0x26,0x9e,0x76,0x40,0x55,0x55,0x75,
    0x55,0x54,0x00,0x00,0x00,0x01,0x55,0x40,0xc8,0x03,0x00,0x40,0x00,0x10,0x30,0x00,
    0x31,0x20,0x40,0x40,0x04,0x20,0x02,0x00,0x15,0x95,0x75,0x95,0x65,0x96,0x54,0x55,
    0x55,0x55,0x9d,0x65,0x55,0x55,0x57,0x55,0x59,0x65,0x15,0x55,0x65,0x75,0x55,0x96,
    0x51,0x65,0x50,0x02,0x33,0x11,0x00,0x59,0x75,0xd5,0x45,0x99,0x56,0x55,0x54,0x55,
    0x05,0x55,0x55,0x55,0x55,0x55,0x55,0x55,0x55,0x05,0x55,0x51,0x45,0x01,0x04,0x10,
    0x44,0x41,0x04,0x44,0x44,0x41,0x11,0x10,0x43,0x10,0x40,0x40,0x10,0x44,0x41,0x04,
    0x03,0x01,0x11,0x10,0x41,0x11,0x04,0x10,0x41,0x02,0x10,0x41,0x04,0x20,0x21,0x11,
    0x04,0x84,0x44,0x49,0x75,0x01,0x55,0x55,0x55,0x55,0x55,0x55,0x65,0x45,0x55,0x75,
    0x55,0x15,0x01,0xcd,0x3c,0x71,0x32,0x37,0xd0,0x17,0x45,0x50,0x5d,0x11,0x45,0x5d,
    0xcc,0x00,0x04,0x55,0x56,0x55,0x55,0x55,0x55,0x55,0xd5,0x59,0x95,0x55,0x95,0x05,
    0x19,0x05,0x55,0x55,0x50,0x55,0x01,0xa9,0xa6,0x15,0x55,0x95,0x05,0x56,0x55,0x55,
    0x55,0x55,0x55,0x95,0x55,0x75,0x40,0x69,0x2a,0x69,0xa6,0x99,0x01,0x59,0x67,0x56,
    0x59,0x40,0x03,0x23,0x30,0x00,0x54,0x00,0x00,0x40,0x20,0x08,0xc0,0x00,0x02,0x08,
    0x00,0x00,0x08,0x02,0x00,0x00,0x80,0x30,0x15,0x56,0x55,0x59,0x57,0x55,0x45,0x59,
    0x9d,0x9d,0x55,0x57,0x66,0x75,0xd5,0x59,0x55,0x51,0x56,0x59,0x55,0x55,0x65,0x55,
    0xd5,0x55,0x00,0x31,0x31,0x33,0x30,0x55,0x55,0x54,0x55,0x57,0x55,0x45,0x15,0x59,
    0x15,0x55,0x55,0x55,0x55,0x55,0x55,0x55,0x54,0x01,0x55,0x55,0x54,0x16,0x59,0x65,
    0x95,0x55,0x55,0x55,0x55,0x55,0x55,0x59,0x95,0x99,0x96,0x65,0x55,0x55,0x45,0x55,
    0x55,0x59,0x99,0x90,0x66,0x66,0x66,0x66,0x66,0x55,0x99,0x96,0x59,0x55,0x59,0x95,
    0x55,0x55,0x55,0x45,0x55,0x05,0x5d,0x55,0xd7,0x56,0x56,0x75,0x55,0x55,0x56,0x55,
    0x91,0x55,0x0c,0xd3,0xc7,0x3f,0xd3,0x4c,0xcc,0x05,0x13,0x14,0x15,0x57,0x53,0x00,
    0x00,0x15,0x55,0x55,0x55,0x11,0x00,0x00,0x01,0x15,0x55,0x55,0x55,0x54,0x05,0x04,
    0x15,0x05,0x4c,0x11,0x10,0x55,0x52,0x66,0x69,0x05,0x55,0x54,0x15,0x55,0x75,0x95,
    0x16,0x65,0xd5,0x57,0x5d,0x55,0x50,0x16,0x67,0x67,0x61,0xa4,0x05,0x55,0x55,0x55,
    0x15,0x00,0x30,0x00,0x08,0xc0,0x00,0x0c,0x80,0x32,0x03,0x00,0x23,0x03,0x20,0x03,
    0x10,0xc8,0xc0,0x20,0x32,0x08,0x0c,0x42,0x16,0x75,0x59,0xd5,0xd5,0x51,0x55,0x95,
    0x55,0x55,0x56,0x75,0x55,0x55,0x56,0x55,0x91,0x55,0x55,0x55,0x9d,0x66,0x55,0x9d,
    0x56,0x54,0x00,0x8c,0xd0,0x88,0x40,0x17,0x59,0x65,0x59,0x75,0x64,0x55,0x59,0x55,
    0x15,0x55,0x55,0x55,0x55,0x55,0x55,0x55,0x54,0x00,0x55,0x54,0x55,0x05,0xa6,0x9a,
    0x65,0x55,0x55,0x55,0x55,0x55,0x55,0x67,0x6a,0x76,0x69,0x99,0x55,0x55,0x45,0x55,
    0xaa,0xa7,0x6d,0x89,0x99,0x9e,0x67,0x67,0x99,0xea,0x76,0x79,0xe7,0xaa,0xb6,0x75,
    0x55,0x55,0x55,0x05,0x65,0x05,0x55,0x45,0x55,0x65,0x55,0x55,0x97,0x55,0x95,0x55,
    0x55,0x55,0x0b,0x3c,0x4c,0x84,0x3c,0xf1,0x37,0xc0,0x00,0x00,0x00,0x00,0x00,0x00,
    0x04,0x51,0x11,0xd1,0x00,0x00,0x00,0x00,0x00,0x00,0x08,0x4d,0x13,0x4c,0x01,0x05,
    0x11,0x16,0x00,0x00,0x00,0x61,0x90,0x88,0x21,0x06,0x1d,0x10,0x56,0x45,0x55,0x51,
    0x55,0x55,0x56,0x55,0x55,0x65,0x54,0x09,0xb6,0x9a,0x99,0x90,0x15,0x65,0xd5,0x91,
    0x50,0x03,0x08,0x20,0x80,0x20,0x00,0xc0,0x04,0x00,0x30,0x8c,0x00,0x80,0x01,0x30,
    0x08,0x00,0x08,0x03,0x00,0xc0,0xc0,0x00,0x05,0x55,0x95,0x55,0x59,0x55,0x59,0x55,
    0xd5,0x56,0x45,0x55,0x65,0x16,0x55,0x51,0x55,0x96,0x65,0xd9,0x55,0x55,0x5d,0x55,
    0x65,0x50,0x0c,0x44,0x08,0xc3,0x20,0x05,0x55,0x55,0x95,0x55,0x55,0x59,0x55,0x96,
    0x15,0x55,0x55,0x55,0x55,0x55,0x55,0x55,0x54,0x01,0x55,0x55,0x45,0x41,0x9d,0xdd,
    0xd5,0x55,0x55,0x55,0x55,0x55,0x55,0xb6,0x9d,0xa7,0x9d,0xed,0x55,0x55,0x45,0x55,
    0xd7,0x76,0x94,0x15,0xd1,0xe5,0xb6,0xb6,0x76,0x9d,0xa7,0x9a,0x69,0x9d,0x9b,0x69,
    0x55,0x55,0x55,0x41,0x55,0x15,0x95,0x55,0x95,0x55,0x17,0x55,0x55,0x59,0x75,0xd4,
    0x55,0x94,0x31,0xc4,0xf8,0xf3,0x87,0x1c,0xf2,0x10,0x00,0x00,0x00,0x00,0x00,0x00,
    0x00,0x00,0x00,0x00,0x00,0x33,0x3c,0xf3,0x4c,0xc0,0x00,0x00,0x00,0x01,0x70,0x04,
    0x00,0x14,0x00,0x00,0x00,0x00,0x00,0x00,0x00,0x00,0x00,0x00,0x00,0x01,0x65,0x95,
    0x65,0x75,0x65,0x75,0x96,0x56,0x55,0x01,0x99,0x24,0x69,0x80,0x55,0x55,0x59,0x55,
    0x50,0x30,0x80,0x00,0x04,0x03,0x30,0x22,0x03,0x23,0x04,0x02,0x10,0x08,0x80,0x08,
    0x80,0x8c,0x40,0xc0,0x48,0x04,0x12,0x08,0x05,0x59,0x5d,0x65,0x95,0x96,0x55,0x75,
    0x59,0xd5,0x55,0x59,0x51,0x55,0x46,0x55,0x59,0x55,0x55,0x55,0xd6,0x75,0xd5,0x65,
    0x55,0x40,0x34,0x33,0x4c,0x44,0xc4,0x05,0x67,0x59,0x57,0x59,0x65,0x95,0x97,0x55,
    0x55,0x55,0x55,0x55,0x55,0x55,0x55,0x55,0x54,0x01,0x55,0x54,0x55,0x41,0x99,0xa6,
    0x65,0x55,0x55,0x55,0x55,0x55,0x55,0xd9,0x27,0x49,0x86,0x5a,0x55,0x55,0x45,0x5a,
    0x69,0x99,0x18,0x10,0x00,0x00,0x19,0x64,0x9b,0x67,0x49,0xb4,0x77,0x9b,0x76,0x99,
    0x55,0x55,0x55,0x05,0x55,0x05,0x5d,0x65,0x51,0x51,0x55,0x51,0x45,0x55,0x55,0x55,
    0x65,0x54,0x34,0xcf,0x23,0x4d,0x33,0x8f,0x4c,0xfc,0x00,0x00,0x00,0x00,0x00,0x00,
    0x00,0x00,0x00,0x00,0xff,0x4b,0x47,0x4b,0x37,0x2f,0x10,0x00,0x00,0x03,0x50,0x07,
    0x00,0x10,0x00,0x00,0x00,0x00,0x00,0x00,0x00,0x00,0x00,0x00,0x00,0x01,0x55,0x56,
    0x56,0x56,0x55,0x55,0x55,0x55,0x65,0x42,0x6a,0x69,0x99,0x01,0x56,0x5d,0x55,0x65,
    0x00,0x08,0x01,0x21,0x00,0xc4,0x08,0x00,0x20,0x00,0x80,0x20,0x03,0x00,0x0c,0x80,
    0x0c,0x00,0x0c,0x10,0x00,0x80,0x00,0x00,0x05,0x95,0xd5,0x54,0x55,0x5d,0x65,0x55,
    0x95,0x59,0x59,0x95,0xd5,0x65,0x55,0x65,0x95,0xd9,0xd9,0x95,0x55,0x55,0x56,0x57,
    0x54,0x00,0xc3,0x20,0x21,0x32,0x13,0x01,0x55,0x55,0xd5,0x55,0x55,0x55,0x75,0x5d,
    0x55,0x55,0x55,0x55,0x55,0x55,0x55,0x55,0x55,0x55,0x55,0x55,0x44,0x50,0x74,0x61,
    0xb5,0x55,0x55,0x55,0x55,0x55,0x56,0x92,0x69,0x9b,0x69,0x27,0x55,0x55,0x45,0x9d,
    0xd2,0x49,0x90,0x00,0x00,0x00,0x01,0xb6,0x66,0x49,0x9b,0x66,0x99,0x26,0x69,0x27,
    0x55,0x55,0x55,0x49,0x75,0x25,0x55,0x55,0xd5,0x95,0x55,0x95,0x55,0xd1,0x51,0x65,
    0x57,0x54,0x33,0x84,0xf4,0xf3,0xdc,0xc4,0xc7,0x12,0x00,0x00,0x00,0x00,0x00,0x00,
    0x00,0x00,0x00,0xfb,0x44,0xf3,0x33,0x31,0xcc,0x71,0xff,0x70,0x00,0x01,0xf4,0x04,
    0x00,0x00,0x00,0x00,0x00,0x00,0x00,0x00,0x00,0x00,0x00,0xc0,0x00,0x01,0x65,0xd5,
    0x55,0x55,0x5d,0x66,0x75,0xd7,0x55,0x53,0x91,0xa6,0xb4,0x05,0x55,0x55,0x97,0x55,
    0x03,0x00,0x48,0x10,0xc8,0x00,0x80,0x81,0x02,0x20,0x02,0x03,0x08,0x23,0x10,0x01,
    0x00,0x88,0x20,0x02,0x08,0x0c,0x82,0x32,0x05,0x55,0x56,0x45,0x59,0x15,0x57,0x59,
    0x55,0x55,0xd5,0x5d,0x55,0x56,0x65,0x5d,0x5d,0x55,0x55,0x5d,0x65,0x96,0x55,0x45,
    0x54,0x02,0x12,0x4d,0x30,0xc8,0x32,0x01,0x56,0x65,0x59,0x99,0xd9,0xd9,0x55,0x95,
    0x55,0x55,0x55,0x55,0x55,0x55,0x55,0x55,0x55,0x55,0x55,0x54,0x55,0x53,0x69,0x99,
    0x99,0x55,0x55,0x55,0x55,0x55,0x5e,0x66,0xde,0xb6,0x64,0xd9,0x89,0x9d,0x89,0xd9,
    0xa6,0x67,0x40,0x0c,0xef,0x7c,0xc0,0x5a,0xd2,0x9a,0x76,0x69,0x9a,0x76,0x13,0xfe,
    0x95,0x55,0x55,0x05,0x55,0x05,0x65,0x95,0x55,0x55,0x65,0x55,0x95,0x55,0x55,0x54,
    0x55,0x50,0x1c,0xf2,0xcc,0xd3,0x31,0xf3,0xb3,0x8f,0x70,0x20,0x03,0x0c,0x00,0x84,
    0x10,0x00,0x3b,0x4c,0xcc,0x87,0x4e,0xd3,0x38,0xcc,0xc4,0x3d,0x30,0x07,0x77,0x04,
    0x00,0x00,0x00,0x40,0x30,0x30,0x03,0x03,0x0c,0x30,0xc0,0x70,0x0c,0x05,0x55,0x56,
    0x5d,0x75,0xd5,0x55,0x55,0x55,0x55,0x41,0xa6,0x92,0x68,0x15,0x65,0xd5,0x55,0x54,
    0x00,0x80,0xc4,0xcd,0x10,0x20,0x00,0x00,0x30,0x02,0x20,0x30,0x80,0x00,0x00,0x80,
    0x30,0x00,0x02,0x20,0x30,0x00,0x00,0x00,0x05,0x75,0x95,0x55,0x55,0x55,0x95,0x55,
    0x75,0x91,0x57,0x55,0x59,0x95,0x57,0x55,0x55,0x56,0x5d,0x55,0x5d,0x55,0x19,0x55,
    0x40,0x0c,0xc4,0x30,0x84,0x81,0x31,0x00,0x55,0x57,0x55,0x55,0x55,0x55,0xd5,0x56,
    0x55,0x55,0x01,0x55,0x55,0x55,0x55,0x55,0x55,0x55,0x55,0x55,0x51,0x50,0x67,0x9d,
    0xd1,0x55,0x55,0x55,0x55,0x55,0x69,0x2d,0x99,0x64,0x98,0x18,0x67,0xaa,0x06,0x61,
    0x9d,0xe6,0x03,0xd2,0x30,0xc4,0x70,0x25,0xa6,0x77,0x9a,0x4f,0x37,0x67,0xff,0xf1,
    0x95,0x55,0x55,0x41,0x65,0x05,0x55,0x51,0x59,0x5d,0x54,0x59,0x5d,0x56,0x59,0x45,
    0x65,0x10,0xcd,0x1c,0x4d,0x3d,0x2c,0xc4,0xc4,0xf1,0x30,0x16,0x51,0x66,0x66,0x69,
    0x98,0x03,0x4c,0x34,0xd3,0xf3,0x34,0x3c,0x73,0x71,0x33,0x8c,0xd3,0x07,0x77,0x40,
    0x54,0x04,0x37,0x71,0x55,0x55,0x55,0x55,0x55,0x55,0x43,0xd0,0x54,0x05,0x65,0x95,
    0x55,0x55,0x56,0x51,0x59,0x65,0x99,0x41,0x9a,0x69,0x94,0x15,0x55,0x59,0x9d,0x50,
    0x30,0x08,0x40,0x40,0x83,0x04,0x8c,0x4c,0x02,0x30,0x03,0x04,0x0c,0x84,0xc8,0x0c,
    0x82,0x31,0x30,0x03,0x02,0x12,0x32,0x23,0x05,0x55,0x51,0x59,0x9d,0x65,0x5d,0x97,
    0x55,0x55,0x55,0x56,0x55,0x5d,0x75,0x59,0x65,0x95,0x55,0x99,0x95,0x45,0x55,0xd5,
    0x80,0x11,0x13,0x13,0x33,0x1c,0xd0,0xc0,0xd6,0x75,0x59,0x75,0x91,0x5d,0x59,0x95,
    0x55,0x54,0x00,0x55,0x55,0x55,0x55,0x40,0x15,0x55,0x55,0x54,0x55,0x42,0x66,0x66,
    0x99,0x55,0x55,0x55,0x55,0x55,0xe7,0x66,0x46,0x19,0xb6,0x19,0xa6,0x45,0x4d,0x99,
    0xe6,0x46,0x04,0xcf,0x47,0x33,0x34,0x06,0x76,0x69,0x86,0xff,0xfc,0x98,0xfd,0xff,
    0x75,0x55,0x55,0x05,0x55,0x05,0x75,0x15,0x55,0xd5,0x75,0x55,0xd5,0x65,0x55,0x55,
    0x55,0x40,0xb3,0x33,0xf3,0x13,0x31,0x3f,0x4f,0x13,0x2d,0x06,0xa0,0xa9,0xa6,0x99,
    0x80,0x1c,0xc7,0x4c,0xcd,0x1c,0x73,0xc7,0x34,0xfb,0xec,0xd3,0x31,0x37,0x77,0x70,
    0x0c,0x00,0x77,0x50,0x77,0x77,0x77,0x77,0x77,0x77,0x07,0x38,0x14,0x05,0x55,0x5d,
    0x75,0x96,0x55,0x55,0x95,0x55,0x55,0xc9,0xb6,0x9e,0xa8,0x16,0x66,0x55,0x55,0x40,
    0x08,0x80,0x08,0x08,0x04,0x12,0x00,0x02,0x20,0x01,0x30,0x40,0x00,0x00,0x00,0xc0,
    0x00,0x00,0x00,0x10,0x20,0x00,0x00,0x00,0x05,0x96,0x55,0x95,0x55,0x57,0x55,0x55,
    0x59,0x75,0x99,0x65,0x65,0xd5,0x55,0x95,0x55,0x75,0xd5,0x55,0x56,0x55,0x95,0x54,
    0x00,0x8c,0x8c,0x8d,0x11,0x0c,0x08,0x70,0x15,0x55,0x95,0x55,0x55,0x95,0x55,0x5d,
    0x55,0x54,0x00,0x55,0x55,0x55,0x55,0x00,0x05,0x55,0x55,0x55,0x44,0x51,0xb4,0x79,
    0x1a,0x55,0x55,0x55,0x55,0x5a,0x46,0x67,0xa9,0xad,0x99,0x36,0x79,0xda,0xc6,0x1a,
    0x49,0xa4,0x3c,0xb0,0xcc,0x4e,0x33,0xc1,0x98,0x76,0x67,0x37,0xff,0xff,0xdf,0x1f,
    0x69,0x55,0x55,0x49,0x59,0x45,0x55,0x55,0x95,0x55,0x55,0x5d,0x55,0x54,0x5d,0x59,
    0x53,0x43,0x12,0xc4,0xd1,0xce,0x1f,0xd0,0xf1,0xcf,0xc4,0xc1,0x64,0x1a,0x9a,0x79,
    0x03,0x4e,0x33,0x38,0x73,0xcf,0x38,0x73,0x8c,0x00,0x00,0x00,0x00,0x37,0x77,0x5c,
    0x00,0x0d,0xdd,0xf0,0x5d,0xdd,0xdd,0xdd,0xdd,0xdc,0x3c,0x7c,0x34,0x05,0x67,0x55,
    0x55,0x55,0x65,0x15,0x5d,0x45,0xd5,0x06,0x65,0x05,0x94,0x15,0x55,0x75,0xd5,0x40,
    0xc0,0x0c,0x00,0xc0,0x00,0xc0,0x32,0x20,0x03,0x10,0x00,0x02,0x22,0x32,0x20,0x22,
    0x31,0x20,0x80,0x02,0x00,0xc2,0x23,0x04,0x0d,0x55,0xd5,0x57,0x56,0x55,0x65,0x65,
    0x95,0x55,0x55,0x54,0x55,0x56,0x59,0x57,0x67,0x55,0x59,0xd7,0x51,0x59,0x5d,0x58,
    0x0d,0x31,0x31,0x30,0x8c,0xe1,0xcc,0x20,0x05,0x59,0x54,0x59,0x15,0x56,0x65,0xd5,
    0x55,0x54,0x00,0x55,0x55,0x55,0x04,0x00,0x05,0x55,0x55,0x54,0x55,0x41,0x99,0x99,
    0xa7,0xb5,0x55,0x55,0x55,0x9d,0x9a,0xd9,0x9d,0xda,0x46,0x06,0xd9,0xa7,0x41,0x9d,
    0x9b,0x50,0xc7,0x1d,0x34,0xf1,0x34,0x80,0x66,0x98,0x67,0xfc,0x7d,0xfd,0xff,0xfc,
    0x67,0x95,0x55,0x05,0x75,0x41,0x59,0x59,0x51,0x59,0x65,0x95,0x51,0x45,0x55,0x15,
    0xd5,0x81,0xcc,0x7c,0xcc,0xf3,0xcc,0x3b,0x1c,0xe1,0x33,0xc0,0x64,0x26,0xab,0x98,
    0x04,0xcc,0x74,0xd3,0xf4,0xb1,0xcf,0x38,0x00,0x00,0x00,0x44,0x54,0x1d,0xd3,0x41,
    0x70,0x17,0x77,0x53,0x75,0x55,0x55,0x55,0x57,0x50,0x47,0xc7,0x04,0x05,0x55,0x59,
    0x65,0x97,0x55,0x59,0x55,0x55,0x55,0x09,0x90,0x09,0xa4,0x15,0x97,0x55,0x59,0x00,
    0x20,0xc2,0x30,0x20,0x4c,0x08,0x00,0x03,0x30,0x03,0x22,0x30,0x00,0x00,0x02,0x00,
    0x00,0x00,0x08,0x30,0x04,0x20,0x00,0x40,0xc5,0x65,0x59,0x75,0x65,0x76,0x56,0x55,
    0x5d,0x65,0x97,0x55,0x5d,0x65,0x55,0x75,0x55,0x59,0x95,0x55,0x55,0x55,0xd5,0x40,
    0x00,0xd2,0x13,0x12,0x08,0x10,0x84,0xc4,0x05,0x55,0x45,0x55,0x59,0x75,0x55,0x55,
    0x55,0x54,0x01,0x55,0x55,0x10,0x00,0x00,0x05,0x55,0x55,0x55,0x45,0x09,0xdb,0x6d,
    0x9d,0x66,0x55,0x55,0x59,0xe4,0xa7,0x62,0x46,0x91,0xa6,0x49,0x92,0x76,0x49,0xa6,
    0xd9,0x80,0x4c,0xc3,0xcf,0x13,0xcc,0xd0,0x19,0xd9,0xb4,0xdf,0xfc,0xf3,0xf3,0x7f,
    0x66,0x75,0x55,0x41,0x55,0x41,0x55,0x55,0x55,0x54,0x55,0x54,0x55,0x55,0x65,0x55,
    0x47,0x03,0x37,0x31,0xe3,0x48,0x71,0xcd,0x32,0x3c,0xdc,0x70,0x18,0x26,0x76,0x60,
    0x00,0x00,0x00,0x03,0x23,0x1c,0xd1,0xc0,0x05,0x55,0x55,0x55,0x54,0x1d,0xd0,0x43,
    0x54,0xdd,0xdd,0xc1,0xdd,0xdd,0xdd,0xdd,0xdd,0x43,0xf3,0x71,0xc3,0x05,0x65,0x95,
    0x55,0x55,0x59,0x55,0xd6,0x59,0x65,0x06,0x40,0x00,0x5c,0x15,0x55,0x59,0x55,0x02,
    0x00,0x10,0x08,0x03,0x02,0x00,0xc4,0xc0,0x08,0x80,0x00,0x08,0xcc,0x4c,0x80,0x30,
    0x48,0x32,0x01,0x00,0x80,0x03,0x04,0x02,0x05,0x57,0x55,0x55,0x57,0x55,0x55,0x75,
    0xd5,0x55,0x75,0x65,0x95,0x55,0xd7,0x55,0x95,0x95,0x51,0x64,0x59,0x9d,0x55,0x00,
    0x1d,0x23,0x32,0x0c,0x4d,0x33,0x13,0x4c,0x01,0x67,0x55,0x9d,0x55,0x55,0x17,0x65,
    0x55,0x55,0x45,0x55,0x50,0x00,0x00,0x00,0x05,0x55,0x55,0x51,0x54,0x06,0x66,0x64,
    0x66,0x91,0xd9,0x99,0xed,0x99,0x9d,0x99,0xe9,0xe6,0x79,0x81,0x99,0xda,0x41,0x9d,
    0xa1,0x43,0xcc,0x7c,0x4c,0xcc,0x4d,0x30,0x1b,0x6d,0x9b,0xff,0xdf,0xdf,0xdf,0xfe,
    0x74,0x99,0x55,0x05,0x65,0x41,0x65,0xd7,0x56,0x45,0x51,0x45,0x56,0x56,0x55,0x97,
    0x65,0x07,0x4c,0xd3,0x34,0xcf,0x34,0xd3,0x2f,0x47,0x32,0x34,0x26,0x06,0xa6,0x00,
    0x00,0x04,0x04,0x00,0x03,0x4e,0x33,0x01,0x55,0x55,0x64,0x44,0x10,0xdf,0x7c,0x0d,
    0xf4,0x37,0x77,0x41,0xd7,0x77,0x77,0x77,0x77,0x41,0x1c,0xef,0x00,0x05,0x55,0x57,
    0x5d,0x75,0x95,0xd5,0x55,0x55,0x55,0x06,0x01,0x50,0x18,0x56,0x75,0x95,0x94,0x00,
    0x32,0x00,0x80,0x40,0x20,0x20,0x80,0x22,0x00,0x08,0x8c,0x80,0x00,0x00,0x0c,0x40,
    0x03,0x00,0xc1,0x01,0x03,0x20,0x40,0x30,0x01,0x75,0x59,0xd6,0x55,0x56,0x75,0x55,
    0x56,0x51,0x55,0x57,0x56,0x5d,0x55,0x59,0x51,0x54,0x55,0x55,0x55,0x55,0x56,0x01,
    0x30,0x44,0x4c,0x44,0xc3,0x21,0x30,0x21,0x01,0x55,0x55,0x55,0x9d,0x99,0x55,0x56,
    0x55,0x55,0x55,0x55,0x40,0x00,0x00,0x00,0x15,0x55,0x55,0x55,0x15,0x16,0x47,0x86,
    0xb7,0x69,0xad,0xde,0x59,0x27,0x79,0x26,0x66,0x6b,0x67,0x41,0xb6,0xa4,0x41,0xb6,
    0x59,0x0c,0x87,0x33,0x34,0x7c,0xf3,0x34,0x36,0x66,0xd9,0xc7,0xcf,0xff,0xff,0xd3,
    0x69,0x9e,0x55,0x4d,0x56,0x52,0x55,0x55,0x55,0x55,0x55,0x55,0x55,0x55,0x55,0x55,
    0x15,0x03,0x31,0x3c,0x4c,0xb4,0x4f,0x32,0xc4,0xcc,0x73,0x4e,0x0d,0x09,0x00,0x00,
    0x55,0x55,0x55,0x55,0x40,0x31,0xc7,0x05,0x00,0x00,0x00,0x00,0x00,0xdd,0xd4,0x07,
    0x74,0x03,0x7d,0xc1,0x75,0x55,0x55,0x55,0xd5,0x0f,0xcd,0x31,0xd0,0x05,0x67,0x55,
    0x55,0x55,0x55,0x59,0x65,0xd6,0x55,0x04,0x05,0x54,0x00,0x15,0x55,0x55,0x54,0x33,
    0x00,0x30,0x0c,0x32,0x03,0x00,0x02,0x00,0x10,0x80,0x00,0x03,0x22,0x08,0xc0,0x08,
    0xc0,0x88,0x05,0x40,0x30,0x00,0x0c,0x80,0x05,0x55,0x95,0x55,0x9d,0x65,0x56,0x59,
    0x95,0x15,0x96,0x45,0x55,0x55,0x99,0x95,0x15,0x75,0x59,0x75,0x9d,0x75,0x90,0x03,
    0x11,0xcc,0xc4,0xcc,0x84,0xc4,0xc7,0x33,0x80,0x55,0x99,0x95,0x55,0x55,0x66,0x51,
    0x55,0x55,0x55,0x55,0x40,0x00,0x00,0x15,0x55,0x55,0x55,0x51,0x54,0x27,0x69,0x66,
    0x66,0x19,0xd9,0xa6,0x26,0x6d,0x9a,0x6d,0xed,0x19,0xb6,0x50,0x67,0x46,0x41,0x98,
    0xb6,0x0b,0x33,0x11,0xcc,0xc7,0x13,0x4f,0x06,0x49,0x9b,0xff,0xf7,0xf7,0xc7,0xfe,
    0x76,0x76,0x29,0x05,0x65,0x40,0x57,0x55,0x17,0x55,0x55,0x56,0x64,0x61,0xd1,0x31,
    0x13,0x0d,0x2f,0x23,0xcb,0x33,0xf2,0x1c,0xcc,0xdf,0x34,0xf3,0xc1,0x80,0x01,0x55,
    0x55,0x55,0x55,0x55,0x55,0x00,0xfc,0x05,0x00,0x03,0x31,0xed,0xdc,0x1d,0xc7,0x07,
    0x74,0x37,0x77,0x41,0xdd,0xdd,0xdd,0xdd,0x74,0x34,0xb7,0xdc,0xf0,0x05,0x55,0x65,
    0x96,0x59,0x45,0x95,0x5d,0x55,0xd4,0x00,0x55,0x95,0x00,0x56,0x59,0x75,0xd4,0x00,
    0x88,0x08,0xc0,0x00,0x30,0x23,0x20,0x0c,0x0c,0x0c,0xc8,0x30,0x00,0x30,0x10,0x80,
    0x20,0x00,0x06,0x5c,0x00,0x23,0x00,0x08,0x05,0x59,0x51,0x65,0x55,0x54,0x55,0x15,
    0x51,0x55,0x55,0x55,0x99,0xd9,0x55,0x51,0x56,0x55,0x95,0x55,0x55,0x55,0x50,0x04,
    0x84,0xc8,0x4c,0x88,0xcc,0x4c,0x82,0x10,0x40,0x59,0x55,0x5d,0x65,0x75,0x55,0x55,
    0x55,0x55,0x55,0x55,0x40,0x00,0x00,0x55,0x55,0x55,0x55,0x55,0x14,0x19,0x9e,0x9d,
    0xd9,0x9d,0x98,0x66,0x6d,0xda,0x46,0xda,0x5a,0x6d,0x91,0xa4,0x99,0x9a,0x61,0x65,
    0x54,0x31,0x34,0xf3,0x31,0x33,0x33,0x30,0x26,0x99,0xe6,0x37,0xff,0x4f,0xff,0x3d,
    0x9b,0x69,0x66,0x05,0x57,0x50,0x55,0x51,0x55,0x51,0x00,0x00,0x00,0x00,0x00,0x00,
    0x00,0x08,0xcc,0x7c,0x73,0x4d,0x34,0xcd,0x1f,0x33,0x4f,0x21,0x10,0x00,0x55,0x95,
    0x67,0x48,0x88,0x99,0x55,0x50,0x00,0x14,0x27,0x65,0x59,0x9d,0x90,0x77,0x77,0x1d,
    0xdc,0x1d,0xd1,0xcd,0x77,0x77,0x77,0x77,0x5c,0x33,0x4c,0xce,0x1c,0x05,0x75,0x55,
    0x55,0x55,0x55,0x57,0x55,0x65,0x55,0x01,0x55,0x55,0x50,0x55,0x55,0x55,0x50,0x20,
    0x00,0x40,0x22,0x23,0x08,0x00,0x03,0x02,0x00,0x80,0x00,0x82,0x10,0x80,0x00,0x0c,
    0x02,0x04,0x17,0x75,0x11,0x00,0x88,0x00,0x05,0x95,0x55,0x57,0x59,0x95,0x65,0x57,
    0x55,0x59,0x67,0x59,0x55,0x55,0x45,0x15,0x55,0x59,0x57,0x66,0x59,0x95,0x00,0x13,
    0x4c,0x84,0xc8,0xc4,0x44,0xc8,0xd3,0x32,0x30,0x15,0x75,0xd5,0x57,0x56,0x75,0x16,
    0x55,0x55,0x55,0x55,0x40,0x01,0x51,0x55,0x55,0x55,0x55,0x45,0x50,0x59,0xe5,0xe6,
    0xa1,0x9a,0x46,0x74,0x66,0x98,0x69,0x91,0x86,0xd9,0x26,0x74,0x1b,0x67,0x61,0x55,
    0x58,0x13,0xcf,0x23,0x4f,0xc8,0x71,0x21,0x07,0x6d,0x91,0x7f,0x7c,0xff,0x7d,0xfd,
    0x19,0x91,0xb5,0xc1,0x75,0x50,0x55,0x95,0x59,0x50,0x00,0x00,0x00,0xc1,0x02,0x10,
    0x81,0x0f,0x47,0x31,0x3c,0xcc,0xcf,0xd3,0xcd,0x34,0xce,0x3c,0xc0,0x05,0x65,0x53,
    0x00,0x00,0x00,0x00,0x06,0x54,0x00,0x56,0x1d,0xb5,0x5b,0x76,0xd8,0xdd,0xdc,0x37,
    0x74,0xdd,0xdd,0x07,0x55,0x55,0x55,0x5d,0xd0,0x77,0x3d,0xe3,0xc8,0x05,0x55,0x5d,
    0x75,0x9d,0x65,0xd5,0x59,0x55,0x95,0x55,0x66,0x59,0x55,0x59,0x75,0x96,0x50,0x02,
    0x04,0x0c,0x00,0x00,0x80,0x8c,0x80,0x80,0x20,0x04,0x8c,0x00,0x00,0x00,0x08,0xc2,
    0x20,0x30,0x64,0x51,0x65,0x00,0x00,0x8c,0x25,0x57,0x59,0x75,0x55,0x45,0x56,0x55,
    0x65,0x95,0x55,0x55,0x75,0x64,0x55,0x55,0x99,0x55,0x75,0x55,0x15,0x54,0x03,0x31,
    0x38,0xcc,0x81,0x33,0x32,0x13,0x0c,0x44,0xc4,0x15,0x55,0x56,0x75,0x55,0x55,0x55,
    0x55,0x55,0x55,0x55,0x50,0x05,0x55,0x55,0x55,0x55,0x55,0x51,0x50,0x5d,0x9a,0x61,
    0x59,0xe7,0x99,0xa6,0x9d,0x26,0x6d,0xa6,0x99,0x92,0x6b,0x69,0x06,0x49,0x50,0x55,
    0x50,0xcc,0x4c,0x4c,0xf2,0x1c,0xc8,0xcf,0x06,0x66,0x1a,0xbf,0x3d,0xff,0xff,0xf6,
    0x67,0x66,0x6d,0x05,0x55,0x54,0x15,0x55,0x95,0x64,0x59,0x50,0x66,0x5a,0x65,0xa6,
    0x59,0x04,0xcc,0xd3,0xc4,0x74,0x71,0x33,0x13,0x23,0xe3,0x47,0x00,0x55,0x51,0x00,
    0x00,0xc7,0x1c,0x40,0x00,0x15,0x55,0x54,0x1b,0x56,0x57,0xbb,0x60,0xd7,0x00,0x07,
    0x50,0x1d,0xdd,0x05,0xdd,0xdd,0xdd,0xd7,0x70,0xcf,0xb3,0x37,0x7d,0x01,0x56,0x05,
    0x55,0x55,0x55,0x59,0x55,0x45,0x56,0x55,0x55,0x55,0x55,0x55,0x55,0x5d,0x50,0x30,
    0x00,0xc2,0x04,0x30,0x00,0x00,0x04,0x04,0x02,0x00,0x01,0x08,0x32,0x31,0x40,0x20,
    0x03,0x00,0x45,0xd6,0x47,0x08,0xc8,0x02,0x15,0x75,0x55,0x95,0x91,0x56,0x5d,0x65,
    0x55,0x57,0x5d,0x65,0x56,0x55,0x59,0x65,0x55,0xd7,0x55,0x91,0x57,0x50,0x01,0x1e,
    0x04,0x44,0x13,0x12,0x13,0x31,0x21,0x33,0x10,0x05,0x96,0x59,0x55,0x99,0x16,0x65,
    0x55,0x55,0x55,0x55,0x55,0x55,0x55,0x55,0x55,0x55,0x55,0x15,0x41,0x66,0x47,0x66,
    0xe7,0x66,0x7b,0x6d,0xda,0x67,0x99,0x1d,0xed,0x26,0x76,0x66,0x06,0x65,0x50,0x55,
    0x50,0xc7,0x34,0xf4,0xc4,0xcc,0x73,0xd3,0x06,0x76,0x67,0x63,0xdf,0xf7,0x37,0x36,
    0x79,0x2b,0x66,0x49,0x65,0x94,0x15,0x65,0x57,0x55,0xd1,0xd0,0xaa,0xaa,0xaa,0x9a,
    0xaa,0x0c,0xe1,0x3c,0x73,0xcf,0x2c,0xed,0xce,0x3c,0x4c,0xf0,0x05,0x56,0x00,0x01,
    0x99,0x69,0x99,0xd9,0x9c,0x25,0x56,0x64,0x37,0x95,0x79,0xd7,0x9c,0x0c,0x04,0x00,
    0xc0,0x07,0x77,0x07,0x77,0x77,0x77,0x75,0x43,0x71,0x1d,0xf3,0x33,0xc1,0x60,0x15,
    0x99,0x45,0x9d,0x55,0x94,0x56,0x75,0x59,0x65,0xd7,0x59,0x67,0x59,0xd5,0x50,0x08,
    0xcc,0x20,0x03,0x08,0x13,0x10,0x80,0xc0,0xc0,0x33,0x20,0x03,0x00,0x01,0x50,0x00,
    0xc0,0x05,0x55,0x44,0x5d,0x00,0x00,0xc0,0x15,0x55,0x9d,0x55,0x55,0x65,0x55,0x57,
    0x59,0x75,0x55,0x57,0x55,0x45,0x55,0x56,0x5d,0x55,0x59,0x55,0x65,0x40,0x13,0x21,
    0x33,0x33,0x32,0x31,0x32,0x10,0xc4,0xc8,0x8c,0x01,0x55,0x55,0x59,0x55,0x55,0x5d,
    0x55,0x55,0x55,0x55,0x55,0x55,0x55,0x55,0x55,0x55,0x55,0x50,0x01,0x5d,0xa6,0x9d,
    0x9e,0x49,0xd9,0x99,0xa7,0x6d,0x9e,0x6a,0x5a,0x69,0xd9,0xe6,0x41,0x95,0x50,0x55,
    0x40,0x73,0xcc,0xcc,0x4f,0x34,0xcd,0x0c,0x06,0x92,0x79,0x9f,0xff,0xf3,0x7f,0xd9,
    0xd9,0x96,0x46,0x05,0x55,0x54,0x16,0x57,0x55,0x55,0x17,0x50,0x66,0x99,0xda,0xe9,
    0xe6,0x41,0x3c,0xe3,0x0c,0x00,0x00,0x00,0xe3,0x47,0x34,0x40,0x55,0x60,0x03,0x67,
    0xb7,0xb7,0xde,0xb7,0xb6,0x05,0x99,0x54,0x19,0x55,0xed,0xb9,0xe4,0x00,0x75,0x70,
    0x00,0x00,0x74,0x35,0xd5,0x55,0x55,0xdd,0xc1,0x3b,0xcc,0x87,0x84,0x70,0x01,0x55,
    0x55,0x55,0x55,0x95,0x75,0x55,0x55,0x55,0x55,0x55,0x55,0x55,0x55,0x55,0x40,0x80,
    0x08,0x00,0x80,0x80,0x00,0x03,0x0c,0x08,0x04,0x00,0x00,0xc0,0x88,0x05,0x50,0x08,
    0x10,0x14,0x30,0x96,0xd6,0x03,0x10,0x20,0x15,0x55,0x55,0x55,0x55,0x55,0x55,0x55,
    0x55,0x55,0x55,0x55,0x55,0x55,0x55,0x55,0x55,0x55,0x55,0x55,0x55,0x00,0x8d,0x13,
    0x12,0x12,0x13,0x13,0x21,0x0b,0x23,0x21,0x07,0x01,0x55,0x55,0x55,0x55,0x55,0x55,
    0x55,0x55,0x55,0x55,0x55,0x55,0x55,0x55,0x55,0x55,0x55,0x00,0x15,0x5a,0x76,0x1a,
    0x66,0x9b,0x64,0x9e,0x46,0x99,0x26,0xd9,0x27,0x6d,0xa6,0x47,0x50,0x55,0x54,0x55,
    0x43,0x32,0x13,0x4c,0xf1,0x33,0x13,0x37,0x19,0xd9,0x99,0xdb,0x7d,0x3f,0xff,0x1b,
    0x65,0x5d,0x99,0x01,0x76,0x55,0x05,0x55,0x55,0x15,0x45,0x10,0xa9,0xea,0xa9,0x9a,
    0x9a,0x83,0xc7,0x00,0x00,0x00,0x00,0x00,0x00,0xf3,0x4f,0x01,0x56,0x00,0xd6,0xde,
    0x79,0xdd,0xb7,0x79,0xdd,0x05,0x75,0xd4,0x2f,0x59,0xdb,0x77,0x76,0x77,0x6f,0x67,
    0x70,0x50,0x1c,0x0d,0x77,0x77,0x77,0x75,0x0f,0xd3,0x7d,0xfc,0xdf,0x00,0x15,0x59,
    0x75,0x96,0x55,0x5d,0x55,0x65,0x59,0x97,0x57,0x59,0x1d,0x1d,0x11,0x11,0x10,0x0c,
    0x40,0x20,0x30,0x02,0x32,0x30,0x00,0x80,0x14,0x08,0x82,0x08,0x00,0x16,0x55,0x00,
    0x00,0x40,0x00,0x0d,0x44,0x00,0x02,0x00,0x10,0x08,0x10,0x00,0x00,0xc0,0xc0,0x00,
    0x00,0x42,0x08,0x02,0x00,0x13,0x20,0xcc,0x31,0x08,0x08,0x13,0x10,0x01,0x32,0x32,
    0x33,0x33,0x31,0x32,0x30,0xf1,0x31,0x0c,0xc2,0x00,0x4c,0x83,0x10,0x41,0x21,0x11,
    0x55,0x55,0x55,0x55,0x55,0x55,0x55,0x55,0x55,0x55,0x50,0x05,0x55,0x64,0x69,0x99,
    0x24,0x66,0x49,0xb6,0x69,0xd2,0x66,0x6d,0x9a,0x76,0x78,0x69,0xa4,0x15,0x54,0x15,
    0x43,0x4c,0xf3,0x38,0x4c,0xd2,0xcc,0x80,0x05,0x9b,0x79,0xa5,0x3f,0xdf,0xf7,0x66,
    0x55,0x56,0x19,0xc5,0x55,0x15,0x05,0x75,0x45,0x59,0x61,0x58,0x6a,0x98,0x68,0xa8,
    0xa9,0x90,0x40,0x00,0x4b,0x77,0x77,0x74,0xc0,0x03,0x38,0xc5,0x90,0x06,0x79,0xe7,
    0x9f,0x7b,0x79,0xde,0x79,0xc1,0x55,0x54,0x16,0x57,0xb7,0x9e,0xb7,0x67,0x76,0xdd,
    0x50,0x50,0x00,0x01,0xdd,0xdd,0xdd,0xdd,0x07,0x3c,0xc8,0xc7,0xcc,0x01,0x55,0x95,
    0x55,0x55,0x75,0x95,0x59,0x57,0x55,0x55,0x40,0x00,0x00,0x00,0x00,0x00,0x00,0xc0,
    0x02,0x03,0x08,0x20,0x00,0x08,0x88,0x00,0x15,0x40,0x00,0x00,0x01,0x59,0x75,0x40,
    0x05,0x00,0x00,0x01,0x65,0x08,0x80,0x04,0x00,0x00,0x00,0x00,0x00,0x00,0x00,0x00,
    0x00,0x00,0x00,0x00,0x00,0x00,0x00,0x00,0x00,0x00,0x00,0x00,0x00,0x04,0xc4,0x44,
    0xc4,0x48,0x48,0xe0,0x47,0x10,0x8c,0x84,0x84,0x40,0x00,0x00,0x00,0x00,0x00,0x00,
    0x55,0x55,0x55,0x55,0x55,0x55,0x55,0x55,0x55,0x55,0x50,0x55,0x55,0x76,0x67,0x76,
    0x76,0xb7,0x99,0x98,0x76,0x99,0xb7,0x9a,0x74,0x98,0x99,0x9e,0x75,0x05,0x54,0x15,
    0x0c,0xc7,0x13,0x8c,0xf8,0x00,0x00,0x00,0x00,0x85,0x9b,0x6d,0xbf,0xfd,0xcf,0x9d,
    0x55,0x55,0x6d,0x05,0x95,0x55,0x05,0x55,0x55,0x55,0x54,0x90,0x9a,0x8a,0xa6,0x99,
    0x92,0x90,0x00,0xdf,0xf1,0x33,0x33,0x33,0x77,0x10,0x0d,0x05,0x40,0x77,0x6d,0xb9,
    0xf6,0x9d,0xad,0xb7,0x9e,0x4d,0x67,0x64,0x37,0x55,0xd9,0xeb,0x7b,0xb6,0xdd,0xb7,
    0xa0,0x53,0x03,0x70,0x55,0x55,0x55,0x54,0x3d,0xc7,0x7f,0x72,0xc0,0x01,0x55,0x5d,
    0x65,0xd7,0x55,0x56,0x55,0x95,0x65,0xd5,0x00,0x00,0x00,0x00,0x00,0x00,0x00,0x20,
    0x80,0x30,0x80,0x03,0x10,0x80,0x00,0x00,0x55,0x50,0x00,0x00,0x11,0xb5,0x59,0x55,
    0x54,0x02,0x23,0x00,0x74,0x00,0x0c,0x80,0x00,0x00,0x00,0x00,0x00,0x00,0x00,0x00,
    0x00,0x00,0x00,0x00,0x00,0x00,0x00,0x00,0x00,0x00,0x00,0x00,0x00,0x13,0x1c,0xcc,
    0x4c,0xc4,0xcc,0x4c,0xc2,0x08,0xc4,0xcc,0x4c,0xf0,0x00,0x00,0x00,0x00,0x00,0x00,
    0x55,0x55,0x55,0x55,0x55,0x55,0x55,0x55,0x55,0x55,0x41,0x55,0x55,0x66,0xd1,0xab,
    0x69,0x66,0x6d,0xe6,0x69,0x27,0x69,0x1d,0x29,0xa5,0x9e,0x66,0x65,0x41,0x54,0x15,
    0x0d,0x33,0x3c,0x47,0x00,0x03,0x0c,0x33,0x00,0x02,0x66,0x46,0x71,0xfc,0xfd,0x99,
    0x55,0x55,0x66,0x41,0x59,0x65,0x41,0x56,0x59,0x97,0x55,0x14,0x27,0x66,0x6a,0xaa,
    0xa9,0xb0,0x0d,0x31,0x13,0x34,0x87,0x1c,0xcd,0x3d,0x00,0x15,0xc1,0x95,0x77,0x77,
    0x6d,0xeb,0x77,0x9e,0x77,0x81,0x55,0x54,0x1d,0x56,0xee,0x77,0x67,0x6d,0xeb,0x6d,
    0xd0,0x50,0x74,0xd0,0x1d,0xdd,0xdd,0xdc,0x13,0x2c,0xc4,0xec,0x07,0x40,0x59,0x55,
    0x55,0x55,0x59,0x65,0x45,0x5d,0x55,0x54,0x00,0x00,0x00,0x00,0x00,0x00,0x02,0x00,
    0x33,0x08,0x03,0x00,0x00,0x00,0x0c,0x01,0x56,0x00,0x01,0x05,0x55,0xd7,0x55,0x95,
    0x50,0x0c,0x00,0x40,0x17,0x0c,0x20,0x00,0x00,0x00,0x00,0x00,0x00,0x00,0x00,0x00,
    0x00,0x00,0x00,0x00,0x00,0x00,0x00,0x00,0x00,0x00,0x00,0x00,0x00,0x8d,0x21,0x22,
    0x38,0x8c,0x84,0x21,0x23,0x4c,0x4c,0x48,0xc8,0x10,0x00,0x00,0x00,0x00,0x00,0x00,
    0x55,0x55,0x55,0x55,0x55,0x55,0x55,0x55,0x50,0x00,0x01,0x55,0x55,0x9d,0x9a,0x75,
    0x9e,0xd2,0x66,0x67,0x9d,0x9e,0x66,0x69,0x9b,0x7b,0x66,0xde,0x15,0x40,0x55,0x15,
    0x0c,0xe1,0xc4,0xf0,0x03,0x71,0xc7,0x44,0x16,0x40,0x06,0x66,0x9f,0xf7,0xf6,0x75,
    0x55,0x55,0x79,0x05,0x57,0x55,0x41,0x65,0x55,0x55,0x57,0x74,0xda,0xaa,0xb9,0xe7,
    0x9a,0x00,0x07,0x23,0x3c,0x4f,0x3c,0xcd,0x33,0xcc,0xd0,0x15,0x07,0x95,0x6e,0xba,
    0xdb,0x77,0x9e,0xe7,0xb9,0xc1,0x5c,0x14,0x29,0x97,0x67,0x79,0xed,0xde,0x76,0xdb,
    0x60,0x50,0xcf,0x3c,0x37,0x77,0x77,0x50,0xfd,0xf7,0xb3,0x40,0x1c,0xe0,0x55,0xd6,
    0x5d,0x65,0x95,0x54,0x55,0xd5,0x65,0x65,0x00,0x00,0x00,0x00,0x00,0x00,0x00,0x32,
    0x00,0x80,0x30,0x40,0x23,0x23,0x10,0x15,0x50,0x03,0x00,0x5d,0x1d,0x55,0x9d,0x75,
    0x40,0x20,0x30,0x0c,0x14,0x01,0x00,0x40,0x00,0x00,0x00,0x00,0x00,0x00,0x00,0x00,
    0x00,0x00,0x00,0x00,0x00,0x00,0x00,0x00,0x00,0x00,0x00,0x00,0x01,0x30,0xcc,0x8c,
    0x41,0x31,0x32,0x33,0x13,0x23,0x22,0x31,0x31,0x38,0x00,0x00,0x00,0x00,0x00,0x00,
    0x55,0x55,0x55,0x55,0x55,0x55,0x55,0x55,0x00,0x00,0x41,0x55,0x55,0xd9,0x27,0x68,
    0x66,0x66,0xd2,0x49,0x9b,0x66,0xd2,0xdb,0x66,0x66,0x1d,0xa5,0x95,0x54,0x35,0x04,
    0x32,0x33,0x3c,0x00,0x1c,0x33,0x30,0xcc,0x26,0x64,0x03,0x6d,0xd9,0xcf,0xdb,0x65,
    0x55,0x55,0x59,0x09,0x75,0x5d,0x60,0x55,0x15,0xd5,0x65,0x44,0x2a,0x6a,0x6a,0xaa,
    0xa0,0x19,0x03,0xc7,0x13,0xf1,0xc7,0xb3,0xd1,0x11,0xcf,0x19,0x09,0x56,0x77,0x67,
    0x79,0xed,0xe9,0xde,0x77,0x41,0x60,0x04,0x1d,0x56,0xde,0xde,0x76,0xe7,0x9d,0xe7,
    0x60,0x50,0xd1,0xc7,0x05,0x55,0x55,0xd0,0x4c,0x8c,0xdc,0x01,0xf2,0xf4,0x15,0x55,
    0x55,0x55,0x57,0x55,0x55,0x56,0x57,0x54,0x00,0x00,0x00,0x00,0x00,0x00,0x00,0x00,
    0x20,0x03,0x04,0x00,0x00,0x00,0x00,0x15,0x80,0x30,0x10,0x16,0x74,0x64,0x55,0x55,
    0x00,0xc0,0x42,0x00,0x05,0x00,0x08,0x00,0x00,0x00,0x00,0x00,0x00,0x00,0x00,0x00,
    0x00,0x00,0x00,0x00,0x00,0x00,0x00,0x00,0x00,0x00,0x00,0x00,0x08,0xdb,0x44,0xc4,
    0xc8,0xd0,0x84,0xd1,0x31,0x31,0x33,0x13,0x13,0x0c,0x00,0x00,0x00,0x00,0x00,0x00,
    0x55,0x55,0x55,0x55,0x55,0x55,0x55,0x54,0x05,0x55,0x41,0x55,0x56,0x92,0x66,0x96,
    0xb4,0x6d,0x99,0x9b,0x46,0xb6,0x66,0x66,0x1e,0x19,0xa6,0x46,0x55,0x55,0x01,0x44,
    0x23,0x4c,0x40,0x31,0xcd,0x34,0x4d,0x34,0x19,0xd9,0x70,0x19,0x99,0xbf,0x19,0x15,
    0x55,0x55,0x46,0x41,0x55,0x95,0x50,0x55,0x55,0x54,0x55,0x54,0x1a,0x86,0xa1,0x91,
    0x90,0x66,0x42,0x13,0xcb,0x1c,0xf3,0x12,0x3c,0xfc,0xf4,0x15,0x07,0x57,0xb9,0xf7,
    0x9e,0xda,0x77,0xb7,0x9e,0x81,0x41,0x04,0x27,0x57,0x77,0x67,0x9e,0x79,0xed,0xb7,
    0x9c,0x50,0x3c,0xb1,0xc1,0xdd,0xdd,0x70,0xdf,0x1f,0x30,0x3f,0x1c,0x4c,0x16,0x59,
    0x65,0x99,0x75,0x59,0x65,0x95,0x55,0x54,0x00,0x00,0x00,0x00,0x00,0x00,0x03,0x23,
    0x01,0x30,0x40,0x30,0x40,0x00,0x01,0x57,0x00,0x08,0x00,0x05,0xd5,0x55,0x64,0x64,
    0x0c,0x08,0x00,0xc8,0x06,0x02,0x00,0x00,0x00,0x00,0x00,0x00,0x00,0x00,0x00,0x00,
    0x00,0x00,0x00,0x00,0x00,0x00,0x00,0x00,0x00,0x00,0x00,0x00,0x13,0x44,0x32,0x13,
    0x13,0x08,0xcc,0x33,0x23,0x13,0x11,0x32,0x32,0x11,0xc0,0x00,0x00,0x00,0x00,0x00,
    0x55,0x55,0x55,0x55,0x55,0x55,0x55,0x00,0x55,0x54,0x51,0x55,0x6d,0x99,0xb6,0x49,
    0x66,0x99,0xb6,0xd9,0xa9,0x61,0x86,0xd1,0xa5,0x99,0xd8,0x68,0x75,0x55,0x40,0x40,
    0x34,0xc7,0x32,0x1c,0xf3,0x33,0xcc,0xcf,0x06,0x66,0x94,0x19,0xb6,0x5d,0x9d,0x95,
    0x54,0x55,0x65,0x05,0x65,0x56,0x50,0x15,0x65,0x45,0x55,0x64,0x26,0x6a,0x1a,0xaa,
    0x89,0xaa,0xa0,0xfc,0x71,0xce,0x11,0x3c,0x4e,0x31,0x33,0x05,0xc5,0x57,0x6d,0xad,
    0xed,0xb7,0xb9,0xd9,0xe7,0x41,0x41,0x84,0x1e,0xe7,0xad,0xbb,0x7b,0x6d,0xdb,0x79,
    0xd0,0x51,0x0b,0x1c,0xc3,0x77,0x77,0x41,0xcd,0xcd,0xc0,0x74,0xfd,0xc4,0x05,0x55,
    0x55,0x55,0x55,0x95,0x55,0x56,0x75,0x54,0x01,0x51,0x11,0x11,0x10,0x41,0x00,0x00,
    0x40,0x08,0x02,0x00,0x54,0x10,0x65,0x58,0x0c,0x80,0x32,0x01,0x56,0x76,0x55,0x54,
    0x00,0x80,0x20,0x00,0x81,0x00,0x30,0x10,0x04,0x01,0x00,0x41,0x04,0x10,0x41,0x04,
    0x41,0x04,0x10,0x10,0x11,0x10,0x40,0x41,0x04,0x10,0x10,0x00,0x4d,0x32,0x23,0x31,
    0x31,0x21,0x12,0x12,0x12,0x32,0x33,0x20,0x48,0xcc,0x80,0x11,0x11,0x11,0x11,0x10,
    0x15,0x55,0x45,0x55,0x54,0x00,0x00,0x01,0x55,0x15,0x50,0x55,0x99,0xdb,0x67,0x9b,
    0x49,0xd2,0x66,0x79,0xde,0x1a,0x6d,0xa6,0x67,0x80,0x00,0x00,0x00,0x00,0x50,0x00,
    0xcc,0xf3,0x04,0xcc,0x44,0xd3,0x1c,0x72,0x06,0xdd,0xa6,0x67,0x6b,0x66,0x79,0x55,
    0x55,0x55,0x5e,0x4d,0x56,0x45,0x54,0x15,0x57,0x55,0x67,0x54,0x1a,0xa9,0xaa,0x9a,
    0x66,0xa7,0x50,0x13,0x3c,0xe3,0x3f,0xc7,0xf1,0x1f,0x2c,0x05,0x09,0x96,0xdb,0x76,
    0x9e,0x79,0xde,0x7e,0xdd,0xc1,0x05,0x04,0x27,0x79,0xdb,0x76,0xd9,0xde,0x77,0x9e,
    0xd0,0x50,0x41,0xce,0xd0,0x55,0x5d,0xc3,0xd3,0x1c,0x07,0xce,0xd3,0x3f,0x15,0x67,
    0x5d,0x75,0x95,0x57,0x5d,0x65,0x56,0x54,0x01,0x54,0x55,0x55,0x55,0x55,0x50,0x84,
    0x0c,0x80,0x20,0x08,0x15,0x65,0x95,0x50,0x00,0x01,0x00,0x00,0x59,0x55,0xdd,0x90,
    0x30,0x03,0x02,0x20,0x01,0x43,0x01,0x55,0x55,0x54,0x55,0x54,0x55,0x55,0x55,0x54,
    0x55,0x55,0x55,0x45,0x51,0x15,0x55,0x14,0x55,0x45,0x54,0x07,0x32,0x13,0x11,0x13,
    0x23,0x33,0x31,0x31,0x33,0x13,0x12,0x13,0x31,0x21,0x10,0x15,0x51,0x45,0x14,0x55,
    0x05,0x54,0x00,0x55,0x40,0x00,0x01,0x15,0x55,0x05,0x14,0x16,0xd9,0x86,0x69,0xb6,
    0x99,0xa6,0x4b,0x64,0x99,0x99,0xd9,0x9e,0x00,0x00,0x03,0x0c,0xc3,0x00,0x00,0x00,
    0x4d,0x34,0xb3,0xd3,0x3c,0xcd,0x33,0x31,0x01,0x66,0x76,0x79,0x96,0x49,0xd5,0x55,
    0x55,0x55,0x66,0x05,0x65,0x55,0x55,0x05,0x95,0x56,0x55,0x55,0x0a,0x7a,0xa6,0xea,
    0xaa,0x7a,0xa4,0x3d,0x21,0x34,0x4c,0x73,0x13,0xcc,0x4d,0x01,0x4d,0x5b,0x77,0xad,
    0xe7,0x9e,0xdd,0xe7,0x7a,0x41,0x05,0xc6,0x36,0x77,0xb7,0xb7,0xbf,0xb7,0xee,0xf7,
    0x70,0x53,0x43,0xd3,0x30,0xdd,0xd5,0x41,0x3e,0xf0,0x32,0x1c,0xce,0xd2,0x05,0x55,
    0x55,0x55,0x56,0x55,0x55,0x57,0x55,0x54,0x01,0x45,0x44,0x45,0x11,0x11,0x10,0x00,
    0x00,0x02,0x03,0x00,0x36,0x74,0x5d,0x40,0x20,0xc0,0x20,0xc0,0x57,0x65,0x55,0x50,
    0x08,0x20,0x20,0x01,0x01,0x80,0x05,0x45,0x44,0x55,0x54,0x45,0x51,0x11,0x11,0x15,
    0x45,0x15,0x45,0x54,0x00,0x00,0x05,0x55,0x44,0x55,0x40,0x02,0x11,0xc8,0x4c,0xc8,
    0x84,0x84,0x8c,0xe3,0x21,0x31,0x20,0xc8,0x4c,0xcc,0x30,0x05,0x14,0x51,0x55,0x45,
    0x40,0x00,0x10,0x00,0x01,0x55,0x55,0x55,0x55,0x15,0x54,0x19,0x92,0x66,0xd1,0x99,
    0xde,0x77,0x66,0x49,0x91,0xb6,0x64,0x00,0x00,0xc7,0x74,0x71,0x34,0xfb,0xfd,0x33,
    0x33,0x33,0x34,0x3c,0x4d,0x23,0xcb,0x4c,0xc0,0x69,0x19,0x9a,0xe1,0x95,0x55,0x55,
    0x55,0x55,0x45,0x01,0x54,0x59,0xd5,0x05,0x55,0x65,0x55,0x55,0x06,0xa6,0xba,0x69,
    0x1b,0xa6,0xa4,0x04,0xff,0xcf,0xf4,0xcb,0x3c,0x72,0xf3,0x41,0x05,0x57,0xad,0xde,
    0x7b,0x77,0x6e,0x79,0xa7,0x85,0x15,0x05,0x07,0xef,0x7d,0xfd,0xdd,0xfe,0xf7,0x7c,
    0xd0,0x50,0x50,0xcd,0xdc,0x17,0x77,0x0f,0xc4,0xc0,0x7b,0xcb,0x71,0x3c,0x15,0x95,
    0x96,0x59,0x45,0x75,0x96,0x75,0x54,0x54,0x00,0x55,0x55,0x55,0x55,0x55,0x50,0x30,
    0x88,0x20,0x30,0x83,0x05,0x15,0xd5,0x00,0xc0,0x42,0x00,0x20,0x15,0x51,0x91,0x40,
    0x80,0x02,0x03,0x10,0x30,0x50,0x55,0x54,0x55,0x45,0x15,0x55,0x15,0x55,0x55,0x51,
    0x55,0x54,0x55,0x00,0x00,0x00,0x00,0x51,0x55,0x45,0x00,0x1c,0xcc,0x33,0x32,0x23,
    0x33,0x13,0x12,0x04,0xc4,0xc8,0xc8,0x4c,0xc4,0x84,0x87,0x00,0x55,0x55,0x40,0x00,
    0x50,0x06,0x66,0x00,0x15,0x55,0x55,0x55,0x54,0x14,0x55,0x05,0xd9,0xd9,0x9a,0x46,
    0x66,0x69,0xb6,0x99,0xe6,0x58,0x00,0x03,0x7d,0x33,0x0c,0xcf,0xcf,0x13,0x13,0x1e,
    0x1c,0x4b,0x4f,0xc7,0x33,0xcc,0x70,0xcb,0x4c,0x16,0x9e,0x75,0x59,0xd5,0x55,0x55,
    0x55,0x55,0x69,0x85,0x75,0x55,0x59,0x41,0x5d,0x55,0x75,0x15,0x0a,0x62,0x69,0x8a,
    0xa9,0xaa,0x69,0x0f,0x11,0x13,0x0e,0x31,0xc7,0x3c,0xd3,0x31,0x4d,0x96,0x76,0xe7,
    0xb6,0xe9,0xe7,0xb7,0xfd,0xc0,0x19,0x47,0x3e,0xf4,0xdc,0x9c,0xff,0x77,0x7f,0x1d,
    0xe0,0x50,0x50,0xbc,0xc8,0x35,0xdd,0x04,0x7f,0x42,0xc4,0x7c,0xdc,0xdc,0x15,0x75,
    0x55,0x55,0x55,0x55,0x55,0x55,0x65,0x58,0x01,0x54,0x55,0x54,0x54,0x54,0x54,0x08,
    0x00,0xc3,0x00,0x00,0x05,0x74,0x54,0x00,0x08,0x00,0x32,0x00,0x16,0x55,0x55,0x40,
    0x02,0x30,0x30,0x00,0x00,0x50,0x54,0x55,0x54,0x55,0x51,0x51,0x55,0x15,0x45,0x55,
    0x45,0x55,0x54,0x00,0x0c,0x30,0x00,0x05,0x45,0x54,0x01,0x31,0x22,0x11,0x21,0x34,
    0x44,0xcc,0x4c,0x4c,0x4c,0x84,0x8c,0xc4,0x8c,0x4c,0xcc,0x40,0x15,0x44,0x00,0x00,
    0x55,0x56,0x65,0x59,0x15,0x55,0x55,0x55,0x54,0x15,0x45,0x41,0xa6,0xad,0x27,0x6b,
    0x49,0x18,0x64,0x76,0x67,0x00,0x0c,0xdc,0x33,0x1c,0xe3,0xd0,0x48,0xcd,0x32,0xcc,
    0xce,0x33,0x31,0x33,0x84,0xd3,0x37,0x13,0x30,0x06,0x66,0x98,0xad,0x55,0x55,0x55,
    0x55,0x55,0x75,0x01,0x55,0x96,0x55,0x41,0x55,0x45,0x55,0x59,0x06,0xaa,0xa8,0x9a,
    0x6a,0x92,0x8a,0x01,0xcc,0xf1,0xe3,0x7c,0xf3,0x87,0x0c,0x01,0x81,0x57,0xde,0x79,
    0xdd,0xdf,0x7d,0xfe,0xdf,0x44,0x15,0x05,0x07,0x7d,0xfb,0xf7,0x77,0x2f,0x1d,0xfb,
    0xd0,0x50,0x54,0x11,0xfd,0x05,0x55,0x0f,0x38,0x0d,0x3f,0x34,0xcd,0x34,0x16,0x55,
    0xd7,0x51,0x65,0x96,0x5d,0x56,0x55,0x94,0x00,0x55,0x55,0x15,0x45,0x45,0x54,0x00,
    0x30,0x00,0x20,0x88,0x07,0x45,0x54,0x08,0xc0,0x32,0x00,0x0c,0x25,0xd9,0xd9,0xc3,
    0x0c,0x01,0x01,0x0c,0x80,0x58,0x55,0x45,0x15,0x51,0x55,0x15,0x45,0x51,0x54,0x51,
    0x55,0x51,0x44,0x01,0x31,0x04,0xc0,0x00,0x54,0x50,0x03,0x23,0x31,0x33,0x13,0x03,
    0x32,0x12,0x31,0x32,0x32,0x33,0x11,0x23,0x12,0x31,0x12,0x30,0x00,0x00,0x00,0x10,
    0x55,0x69,0xde,0x99,0x05,0x55,0x55,0x55,0x54,0x14,0x50,0x40,0x5d,0xd9,0x99,0x9d,
    0x9b,0x66,0x79,0x99,0x80,0x03,0x71,0x33,0x4d,0x31,0x3d,0x0f,0x3d,0x33,0x33,0x13,
    0x4c,0xdc,0x4c,0xd3,0x3c,0xcd,0x33,0xcc,0x47,0x01,0x9d,0xe6,0x59,0x55,0x55,0x55,
    0x55,0x55,0x99,0x05,0x65,0x55,0x75,0x50,0x56,0x55,0x59,0x55,0x4d,0xa6,0x46,0xaa,
    0xb6,0x29,0x99,0x83,0x2d,0x38,0xc4,0xc4,0x48,0xf0,0x00,0x41,0x49,0x59,0xb7,0x9f,
    0xbb,0xf4,0xef,0x74,0xf7,0x00,0xd5,0x05,0x0f,0xdf,0xb7,0x7e,0xfb,0x77,0x7f,0x7d,
    0xf0,0x50,0x64,0x3c,0x8c,0xcd,0xd0,0x37,0x80,0x1c,0xd3,0x4f,0x7b,0xf0,0x15,0x55,
    0x55,0x55,0x55,0x55,0x55,0x95,0x5d,0x54,0x01,0x51,0x51,0x55,0x55,0x55,0x15,0x02,
    0x08,0x88,0x00,0x00,0xc5,0x96,0x50,0x00,0x08,0x00,0x08,0x10,0x05,0x57,0x55,0x00,
    0x80,0x40,0x00,0x08,0x00,0x74,0x51,0x55,0x54,0x55,0x15,0x54,0x55,0x15,0x45,0x55,
    0x55,0x15,0x50,0x13,0x10,0xc3,0x13,0x00,0x15,0x40,0x11,0x31,0x13,0x21,0x32,0xd1,
    0x21,0x33,0x13,0x21,0x21,0x12,0x33,0x31,0x33,0x13,0x30,0x48,0x00,0x00,0x11,0x0c,
    0x55,0x76,0x66,0x76,0x05,0x55,0x55,0x55,0x54,0x15,0x50,0x50,0x69,0x92,0x7b,0x66,
    0x75,0x5d,0x99,0x9c,0x00,0x78,0x33,0xc4,0xf3,0x3c,0xcc,0xf1,0xc3,0x1c,0x74,0xf3,
    0x34,0xcc,0xf1,0x31,0xc7,0x13,0xc4,0xd3,0xf3,0x40,0x19,0x9d,0xe5,0x55,0x55,0x55,
    0x55,0x56,0x19,0xc9,0x56,0x75,0x55,0x90,0x15,0x56,0x55,0x75,0x42,0xae,0xaa,0x67,
    0x6a,0x6a,0xaa,0x43,0x4c,0xcf,0x4f,0x3c,0xfd,0x00,0x47,0x31,0x43,0xef,0xd3,0xcb,
    0x4d,0xdf,0x7d,0x3d,0xd2,0xc0,0x59,0xc5,0x09,0xfb,0x7f,0xdf,0x77,0xff,0xed,0xef,
    0x71,0x50,0x55,0x0b,0xd1,0xc1,0x40,0x03,0x70,0xcd,0x3e,0xf4,0xc3,0x10,0x15,0x55,
    0x65,0x96,0x5d,0x75,0x15,0x51,0x55,0x54,0x00,0x55,0x55,0x51,0x45,0x15,0x55,0x00,
    0x00,0x00,0x8c,0x8c,0x01,0x75,0x60,0xcc,0x80,0x88,0xc0,0x00,0x15,0xd5,0x45,0x00,
    0x08,0x08,0x00,0x80,0x20,0x50,0x55,0x45,0x45,0x51,0x51,0x45,0x51,0x54,0x55,0x15,
    0x55,0x54,0x54,0x00,0x00,0x20,0x31,0x30,0x05,0x00,0x4c,0x84,0xc8,0x4c,0x84,0x33,
    0x13,0x21,0x32,0x13,0x33,0x33,0x12,0x13,0x21,0x08,0x84,0xc7,0x4c,0x04,0xcc,0xc4,
    0x56,0x9b,0x6d,0xa6,0x05,0x55,0x05,0x55,0x54,0x15,0x10,0x54,0x16,0x19,0x96,0x1d,
    0x55,0x55,0xb6,0x00,0x37,0x33,0x4d,0x3f,0x13,0x4e,0x13,0x1c,0xdc,0xcf,0x0c,0x4d,
    0x33,0x4d,0x34,0xf3,0x33,0x3c,0x4f,0x3c,0x8c,0xf0,0x19,0x1a,0x65,0x55,0x55,0x55,
    0x55,0x55,0x9d,0x05,0x65,0x56,0x59,0x54,0x15,0x55,0x45,0x55,0x41,0x9a,0x6a,0xaa,
    0xaa,0xa6,0x9a,0x40,0xf1,0xe3,0x3d,0x21,0xc0,0x04,0xf3,0x81,0x41,0xf4,0xf9,0xdf,
    0xdf,0x3b,0xd3,0xdf,0xfd,0xc0,0x55,0x09,0x0f,0x47,0x37,0x71,0xfe,0xdd,0xdf,0xd1,
    0xe0,0x50,0x1d,0x0c,0x4f,0x03,0x05,0x40,0xc1,0xd3,0xe0,0x00,0x00,0x00,0x00,0x03,
    0x55,0x55,0x55,0x55,0x59,0x55,0x95,0x90,0x02,0x55,0x54,0x55,0x55,0x51,0x45,0x40,
    0xc3,0x0c,0x00,0x01,0x06,0x57,0x40,0x00,0x00,0x00,0x04,0xc8,0x05,0x64,0x56,0x08,
    0x00,0x00,0x14,0x03,0x00,0xd8,0x51,0x54,0x55,0x15,0x55,0x55,0x15,0x45,0x51,0x55,
    0x51,0x45,0x54,0x00,0x00,0x00,0x00,0x10,0x00,0x02,0x32,0x33,0x8c,0xc4,0xcc,0x48,
    0x8c,0x4c,0x88,0xcc,0x44,0x84,0x4c,0x4c,0x4c,0x8c,0x4c,0x80,0xc4,0x72,0x12,0x23,
    0x59,0xd9,0x98,0x75,0xc5,0x55,0x45,0x55,0x54,0x15,0x50,0x55,0x06,0x67,0xa1,0x95,
    0x55,0x55,0x50,0x01,0x33,0x13,0x33,0x23,0x3c,0xcc,0xfd,0x32,0x0d,0x21,0xf3,0xcc,
    0xd3,0x33,0x33,0x1c,0x71,0xc4,0xf2,0x13,0x1d,0x2d,0x01,0x99,0x15,0x55,0x55,0x55,
    0x55,0x57,0x66,0x41,0x57,0x55,0xd5,0x55,0x05,0xd7,0x55,0x95,0x62,0x6a,0xa7,0x9a,
    0x91,0xab,0xa1,0xa0,0x4f,0x34,0xd3,0x3f,0x00,0x4f,0x23,0x01,0x43,0x7d,0xdf,0xf7,
    0x7d,0xdd,0xfd,0xfb,0x7b,0x00,0x65,0x41,0x07,0xfd,0xdf,0x2f,0xb4,0xdf,0xb1,0xff,
    0x81,0x50,0x05,0x41,0xf1,0xd0,0x11,0x10,0x03,0x38,0x00,0x00,0x90,0x05,0x58,0x00,
    0x05,0x9d,0x65,0x96,0x55,0xd5,0x59,0x54,0x00,0x54,0x55,0x51,0x45,0x15,0x55,0x50,
    0x10,0x80,0x42,0x00,0x01,0xd5,0x40,0x88,0x23,0x01,0x00,0x00,0x05,0x95,0x94,0x00,
    0x83,0x20,0x54,0x08,0x10,0x50,0x55,0x45,0x51,0x54,0x51,0x45,0x54,0x55,0x15,0x55,
    0x55,0x55,0x15,0x44,0x11,0x04,0x00,0x0d,0x00,0x04,0xc4,0xd0,0x44,0x8c,0x48,0xc4,
    0xc4,0xc8,0xc4,0x48,0xcc,0x4c,0xc8,0xc8,0xc8,0xc4,0xc8,0xc7,0x23,0x23,0x33,0x04,
    0x6d,0x91,0xe6,0x69,0x05,0x55,0x41,0x55,0x50,0x54,0x41,0x55,0x06,0xd9,0x99,0x55,
    0x55,0x55,0x00,0x7c,0xc4,0xf3,0x71,0xcd,0x34,0xb4,0xc3,0x2c,0xf3,0xcc,0xc4,0xb1,
    0x3c,0x71,0xc7,0xcb,0x3c,0x8f,0x23,0xcd,0x33,0x33,0x01,0x9d,0x95,0x55,0x55,0x55,
    0x55,0x59,0x91,0x05,0x75,0x59,0x57,0x55,0x01,0x55,0x55,0x51,0x50,0xa4,0xaa,0xa1,
    0xaa,0x99,0x9a,0x90,0xe1,0xcf,0x32,0xd0,0x07,0xf1,0x34,0x41,0x73,0xb2,0xfd,0xe3,
    0xf7,0xfc,0xb7,0xb4,0xdd,0x00,0x5d,0x05,0x42,0xdf,0xfb,0x77,0x7d,0xf8,0x7f,0x9d,
    0xc1,0x60,0xc6,0x43,0x2c,0xf0,0x51,0x50,0x1d,0xc0,0x07,0x56,0x64,0x05,0x55,0x55,
    0x55,0x55,0x55,0x55,0x59,0x59,0x75,0x50,0x00,0x55,0x45,0x15,0x55,0x54,0x55,0x50,
    0x00,0x08,0x00,0x10,0xc1,0x45,0x00,0x00,0x00,0x00,0x30,0x83,0x05,0x75,0x55,0x0c,
    0x04,0x01,0x54,0x00,0x00,0x94,0x14,0x55,0x15,0x45,0x55,0x55,0x15,0x51,0x55,0x54,
    0x51,0x51,0x54,0x55,0x55,0x55,0x50,0x00,0x00,0x4c,0x4c,0x08,0xcc,0xd2,0x31,0x23,
    0x4c,0x84,0x4c,0xcd,0x22,0x32,0x13,0x13,0x13,0x4c,0x8c,0x4c,0x84,0xc4,0x48,0x4c,
    0x99,0xa6,0x67,0x9d,0x85,0x55,0x51,0x55,0x01,0x55,0x41,0x45,0x41,0x9b,0x45,0x55,
    0x55,0x50,0x08,0xc4,0xe3,0x2c,0xcc,0xd3,0x33,0x0f,0x47,0x31,0x34,0xdc,0x73,0x1c,
    0xcb,0x3c,0xb0,0x31,0x13,0xd3,0x34,0xd3,0xce,0x13,0x70,0x66,0x95,0x55,0x55,0x55,
    0x55,0x54,0x66,0x81,0x55,0x95,0x55,0x65,0x40,0x55,0x65,0x15,0x50,0x6a,0x64,0x6a,
    0xa6,0xe8,0xa9,0xa0,0x3c,0xd1,0x2c,0xc0,0x73,0x13,0xcf,0x02,0x50,0x77,0x78,0xdd,
    0xe3,0x77,0x7f,0xdf,0xb3,0x01,0x55,0x41,0x43,0x7b,0x77,0xff,0xdf,0xb7,0xdd,0xf3,
    0x4d,0x50,0x41,0x50,0xc7,0x10,0x14,0x44,0x30,0x01,0x99,0xa9,0x90,0x01,0x65,0x55,
    0x59,0x75,0x9d,0x75,0x95,0x55,0x55,0x14,0x01,0x54,0x55,0x54,0x51,0x45,0x55,0x55,
    0x02,0x00,0x32,0x00,0x01,0x59,0x0c,0x08,0x10,0x50,0x08,0x00,0x05,0x56,0x74,0x00,
    0x40,0x01,0x65,0x0c,0x80,0x70,0x55,0x51,0x54,0x55,0x14,0x51,0x55,0x15,0x45,0x55,
    0x55,0x15,0x45,0x55,0x45,0x45,0x55,0x50,0x00,0x84,0xc8,0x71,0x21,0x0c,0x4c,0xc4,
    0x32,0x33,0x31,0x20,0xc4,0xc4,0xc8,0x4c,0x4c,0x21,0x34,0xc8,0x43,0x23,0x31,0x32,
    0x9d,0xdb,0x91,0x9a,0x45,0x55,0x50,0x55,0x05,0x40,0x05,0x54,0x41,0xa6,0x95,0x55,
    0x55,0x00,0x31,0x33,0x3d,0x31,0x34,0xcc,0x72,0xd0,0xf3,0x8f,0x32,0x0c,0xcb,0x33,
    0x80,0x48,0xc4,0x00,0x0c,0x3d,0x33,0x33,0x13,0xcc,0xcc,0x19,0xe5,0x55,0x51,0x55,
    0x55,0x55,0xb5,0x05,0x59,0x51,0x75,0x55,0x50,0x59,0x55,0x55,0x50,0x9a,0xba,0xa6,
    0x8a,0x6a,0x6a,0x90,0xd1,0x33,0xc4,0x01,0x38,0xce,0x10,0x01,0x50,0xff,0xdd,0xff,
    0x77,0xef,0xf4,0x7d,0x37,0x10,0x65,0x05,0x43,0xdc,0xbd,0xdd,0xcb,0x7f,0x7f,0x9d,
    0xc5,0x43,0x30,0x5c,0x73,0xbc,0x14,0x50,0x10,0x19,0xa6,0x9a,0xa8,0x05,0x55,0x96,
    0x55,0x55,0x55,0x55,0x5d,0x67,0x59,0x54,0x00,0x55,0x51,0x45,0x55,0x55,0x55,0x45,
    0x40,0x30,0x80,0x32,0x01,0x95,0x02,0x00,0x00,0x54,0x00,0x20,0x16,0x75,0x54,0x08,
    0x03,0x05,0x55,0x00,0x05,0x54,0x51,0x55,0x45,0x51,0x55,0x55,0x45,0x54,0x55,0x45,
    0x15,0x54,0x55,0x11,0x54,0x55,0x10,0x00,0x07,0x33,0x84,0xc8,0xcc,0x84,0xc4,0x8c,
    0x84,0x44,0x84,0xc4,0x43,0x42,0x13,0x32,0x21,0x33,0x02,0x13,0x38,0x4c,0x83,0x23,
    0x69,0xa5,0xa6,0xb6,0x41,0x15,0x50,0x55,0x00,0x00,0x45,0x15,0x50,0x64,0x55,0x55,
    0x54,0x02,0xd3,0x3d,0x13,0x3c,0xcf,0x2f,0x3c,0xcf,0x23,0x13,0x4c,0x00,0x01,0xc4,
    0xdc,0x3c,0x73,0xd0,0xc0,0x03,0x87,0x1c,0xb1,0x34,0x84,0x27,0x61,0x55,0x41,0x95,
    0x56,0x56,0x69,0x09,0x55,0x55,0x56,0x5d,0x50,0x15,0x45,0x59,0x54,0x29,0xa6,0xab,
    0x66,0x86,0xa1,0x98,0x3c,0xe3,0x40,0x1f,0xcd,0x13,0xc0,0xc0,0x50,0x77,0x8f,0x74,
    0xfe,0xc7,0x4e,0xf3,0x7d,0x01,0x5d,0x41,0x41,0xf7,0x77,0xef,0x77,0xdd,0xf4,0xcc,
    0x05,0x40,0x4c,0xd4,0x34,0xc4,0x11,0x14,0x01,0x9a,0x79,0xa7,0x64,0x09,0x59,0x55,
    0x67,0x59,0x56,0x59,0x55,0x55,0x55,0x50,0x00,0x51,0x55,0x55,0x14,0x51,0x51,0x55,
    0x50,0x08,0x03,0x00,0x09,0xd4,0x00,0x32,0x00,0x54,0x0c,0x01,0x05,0x59,0xd5,0x00,
    0x30,0x15,0x9d,0x50,0x1d,0x10,0x15,0x14,0x55,0x15,0x45,0x14,0x55,0x15,0x55,0x55,
    0x51,0x45,0x51,0x55,0x15,0x40,0x00,0x00,0x20,0x48,0x33,0x8c,0x44,0xcc,0x8c,0x44,
    0xcc,0xcc,0xcc,0x8c,0xc0,0x23,0x31,0x21,0x0c,0x84,0x93,0x32,0x04,0xc4,0x1c,0x4c,
    0x9e,0x4a,0x49,0x64,0x41,0x45,0x54,0x15,0x40,0x15,0x55,0x51,0x50,0x59,0x55,0x55,
    0x40,0x2c,0x33,0x43,0x33,0x47,0xd2,0xc1,0x21,0x34,0xc4,0xcc,0xc0,0x30,0x00,0x3f,
    0x0c,0x07,0x31,0x3e,0x13,0x00,0x31,0xcd,0x3c,0xcf,0x33,0x06,0x59,0x94,0x0c,0x05,
    0x55,0x55,0xd9,0xc5,0x76,0x59,0x65,0x55,0x90,0x05,0x55,0x95,0x54,0x1a,0xaa,0x4a,
    0xaa,0xaa,0x9a,0x80,0xd2,0x34,0x03,0xcc,0x73,0xfc,0x41,0x03,0x50,0xed,0xf7,0xce,
    0xdc,0x7f,0xef,0x77,0xdc,0x11,0x55,0x81,0x50,0x03,0x00,0x00,0x00,0x00,0x00,0x00,
    0x55,0x00,0xe0,0x14,0x0f,0x4c,0x15,0x44,0x19,0xa7,0x9a,0xda,0x90,0x05,0x55,0x75,
    0x55,0x55,0xd5,0x55,0xd6,0x56,0x51,0x54,0x00,0x55,0x14,0x51,0x55,0x55,0x55,0x51,
    0x55,0x00,0x20,0x20,0x81,0x54,0x30,0x80,0x31,0x67,0x02,0x0c,0x05,0x95,0x65,0x00,
    0x00,0x56,0x55,0x95,0x54,0x6c,0x55,0x55,0x51,0x54,0x55,0x55,0x51,0x55,0x55,0x45,
    0x15,0x55,0x15,0x51,0x50,0x00,0x00,0x00,0x4e,0x31,0x10,0x44,0xcc,0x48,0xd3,0x03,
    0x48,0x48,0x48,0x48,0x00,0x34,0x48,0xc4,0xd3,0x13,0x0d,0x21,0x33,0x23,0x82,0x34,
    0x99,0xd7,0x67,0x86,0x81,0x41,0x55,0x01,0x55,0x55,0x55,0x15,0x10,0x81,0x55,0x55,
    0x03,0x34,0x73,0x38,0xf4,0xcc,0x33,0x1c,0xf3,0xcc,0x73,0xc4,0x01,0xc7,0x34,0x01,
    0xc7,0x03,0x1c,0xc3,0xcd,0xd0,0x00,0xe3,0x13,0x71,0xc7,0x06,0x77,0x60,0xcc,0xf1,
    0x55,0x55,0x85,0x01,0x55,0x75,0x54,0x59,0x50,0x01,0x55,0x57,0x57,0x27,0x46,0xa6,
    0x61,0xa6,0x60,0x00,0x33,0x4c,0x3d,0x1c,0xc4,0xc4,0x0f,0x10,0x54,0x1c,0x7c,0x77,
    0xf7,0xdd,0xdd,0xfd,0xf0,0x61,0xd9,0x41,0x50,0x00,0x00,0x00,0x00,0x00,0x01,0x15,
    0x50,0x04,0x34,0x05,0x04,0xf4,0x04,0x54,0x1b,0x69,0xa9,0xa9,0xa4,0x01,0x75,0x56,
    0x55,0x95,0x59,0x75,0x55,0x45,0x55,0x90,0x00,0x55,0x55,0x55,0x45,0x15,0x55,0x15,
    0x15,0x01,0x01,0x00,0x05,0x14,0x08,0x00,0x42,0x55,0x00,0x00,0x25,0x74,0x55,0x40,
    0x05,0x65,0xd9,0x56,0xdd,0x90,0x51,0x45,0x15,0x45,0x51,0x45,0x15,0x45,0x54,0x55,
    0x54,0x51,0x54,0x55,0x00,0x01,0x50,0x07,0x31,0x33,0x38,0xcc,0x84,0xcd,0x00,0x00,
    0x8c,0xc4,0xc4,0xc4,0x00,0x0c,0xcc,0x4c,0x31,0x32,0x10,0xcc,0xd2,0x04,0x13,0x23,
    0xb6,0x6a,0x79,0x99,0x41,0x50,0x55,0x40,0x55,0x55,0x55,0x51,0x54,0x00,0x55,0x50,
    0x08,0x4c,0xc7,0x31,0x33,0x3d,0x34,0xcf,0x1c,0x4f,0x32,0x10,0x34,0xcc,0x43,0x00,
    0x33,0x40,0x4f,0x1c,0x73,0x3d,0xc0,0x0d,0xcc,0xc8,0xf3,0x0d,0x99,0x80,0x71,0x33,
    0x55,0x55,0x99,0x85,0x65,0x56,0x75,0x55,0x50,0x00,0x59,0x75,0x55,0x0a,0xaa,0xaa,
    0xaa,0x98,0x00,0x54,0x1c,0xc0,0x13,0x31,0xcf,0x4c,0x34,0x34,0x94,0x3e,0xf7,0xef,
    0x7d,0xfb,0xf7,0xd3,0x20,0x41,0x57,0x41,0x55,0x55,0x55,0x55,0x55,0x55,0x51,0x00,
    0x00,0x14,0x31,0x0d,0xc3,0x8f,0x05,0x04,0x26,0xb6,0x9a,0x6b,0x60,0x05,0x56,0x55,
    0x75,0x5d,0x55,0x55,0x94,0x55,0xd5,0x54,0x00,0x51,0x45,0x14,0x55,0x55,0x45,0x55,
    0x54,0x00,0x00,0x08,0x05,0xd4,0x00,0x10,0x01,0x5d,0x40,0x88,0x17,0x55,0x67,0x57,
    0x56,0x55,0x57,0x75,0x19,0x10,0x55,0x55,0x54,0x55,0x15,0x55,0x54,0x55,0x45,0x51,
    0x45,0x55,0x45,0x50,0x01,0x15,0x00,0x13,0x13,0x11,0x21,0x21,0x32,0x10,0x80,0x00,
    0x11,0x23,0x23,0x10,0x00,0x12,0x12,0x32,0x13,0x23,0x38,0x44,0x08,0x4c,0xc8,0x42,
    0x64,0x91,0x99,0xe7,0xb1,0x54,0x15,0x54,0x15,0x55,0x55,0x55,0x54,0x14,0x54,0x00,
    0xf3,0x33,0xcc,0x7c,0xd3,0x8c,0xcf,0x13,0x33,0x32,0x3c,0xc3,0x23,0x13,0x30,0x70,
    0x1c,0xf0,0xf1,0xcd,0x31,0x30,0xdc,0x00,0xf4,0xb3,0x48,0x41,0x86,0x07,0x38,0xd0,
    0x55,0x55,0x19,0x01,0x57,0x55,0x55,0x97,0x50,0x00,0x55,0x55,0x65,0x06,0x69,0x1a,
    0x19,0x80,0x05,0x50,0xcb,0x03,0xf1,0xcf,0x1c,0xe0,0x8f,0x04,0x14,0x07,0x7d,0xf7,
    0xdf,0xb1,0x00,0x00,0x01,0x41,0x95,0x50,0x59,0x56,0x59,0xd1,0x10,0x00,0x00,0x00,
    0x01,0x67,0x07,0xc1,0x41,0xc7,0x04,0x54,0x1a,0x6a,0xb7,0x19,0x98,0x05,0x65,0x75,
    0x56,0x55,0x94,0x59,0x55,0x55,0x59,0x50,0x00,0x55,0x55,0x55,0x51,0x55,0x55,0x45,
    0x14,0x08,0x30,0x80,0x05,0x58,0x0c,0x03,0x05,0xd5,0x40,0x00,0x15,0x66,0x55,0x65,
    0x55,0x77,0x65,0x56,0x51,0x5c,0x51,0x45,0x15,0x51,0x54,0x51,0x45,0x55,0x55,0x15,
    0x55,0x14,0x55,0x40,0x15,0x54,0x01,0x32,0x32,0x32,0x33,0x33,0x13,0x38,0x00,0x50,
    0xcc,0xcd,0x31,0x00,0x01,0x0c,0x4c,0x44,0xc8,0x84,0x43,0x22,0xd3,0x31,0x23,0x34,
    0x9d,0xa6,0xd2,0x69,0x41,0x55,0x05,0x55,0x05,0x55,0x55,0x51,0x14,0x50,0x40,0x02,
    0x11,0xc4,0x4f,0x07,0x3c,0xd3,0x84,0xf1,0xc7,0x1c,0x47,0x03,0x4c,0xf1,0xcc,0x1d,
    0x01,0x10,0x08,0xe3,0x2c,0xde,0x31,0xc0,0x0f,0x1c,0xcf,0x01,0x64,0x0c,0x4f,0x3f,
    0x05,0x56,0x76,0x05,0x65,0x64,0x55,0x55,0x50,0x24,0x15,0x56,0x55,0x42,0xaa,0xa9,
    0xa4,0x01,0x55,0x54,0x34,0x07,0x1c,0xd2,0xcd,0x03,0xd1,0x34,0x15,0x0c,0xc3,0x0c,
    0x00,0x00,0x00,0x01,0x15,0x49,0x76,0x50,0x00,0x00,0x00,0x00,0x00,0x00,0x00,0x15,
    0x16,0xdd,0x0c,0x40,0x40,0xf1,0x05,0x10,0x1b,0x99,0x8d,0xda,0xa0,0x0d,0x55,0x56,
    0x55,0x59,0x55,0x55,0x45,0x99,0x55,0x94,0x00,0x51,0x45,0x14,0x55,0x54,0x51,0x55,
    0x50,0x00,0x08,0x03,0x03,0x54,0x02,0x00,0x09,0x59,0x50,0x00,0x56,0x5d,0x76,0x54,
    0x01,0x55,0x5d,0x64,0x77,0x60,0x15,0x55,0x54,0x55,0x45,0x55,0x55,0x55,0x51,0x54,
    0x51,0x55,0x54,0x01,0x55,0x40,0x03,0x84,0x84,0xd3,0x11,0x11,0x32,0x10,0x05,0x60,
    0x48,0x48,0xc4,0xc0,0x04,0x04,0xc8,0xcc,0x4c,0x4c,0xc4,0x8c,0x0c,0x48,0xc4,0x43,
    0xa6,0x79,0xa6,0x76,0x91,0x55,0x00,0x45,0x05,0x55,0x55,0x55,0x55,0x54,0x01,0x4c,
    0xcc,0xf3,0xc4,0xb3,0x21,0x33,0x3c,0x8c,0xf3,0xcc,0xcc,0x00,0xc7,0x1c,0xd0,0x0c,
    0xc0,0xcd,0x0c,0xc4,0xcd,0x0c,0xd3,0xdc,0x01,0xcc,0x71,0xc1,0x90,0x73,0xc4,0x48,
    0xf1,0x57,0x69,0x4d,0x55,0x55,0x66,0x75,0x50,0x04,0x05,0x95,0x55,0x41,0x91,0xa6,
    0x70,0x15,0x55,0x50,0xd0,0x3c,0x4f,0x3c,0x73,0x0d,0x0f,0x04,0x05,0x00,0x00,0x00,
    0x00,0x01,0x15,0x55,0x55,0x05,0x54,0x54,0xc0,0x43,0x11,0x10,0x00,0xd3,0x10,0x01,
    0x6d,0x75,0x0e,0xf0,0x50,0x73,0x01,0x44,0x26,0x6a,0xdf,0xf6,0x58,0x05,0x57,0x55,
    0x67,0x55,0x75,0x97,0x55,0x55,0x9d,0x50,0x00,0x55,0x55,0x55,0x55,0x55,0x55,0x45,
    0x40,0x42,0x00,0xc0,0x40,0x54,0x30,0x08,0x05,0x56,0x54,0x11,0x5d,0x55,0x55,0x40,
    0x00,0x05,0x95,0x15,0xd4,0x50,0x54,0x51,0x45,0x51,0x55,0x14,0x55,0x54,0x55,0x45,
    0x55,0x45,0x14,0x15,0x44,0x00,0x1c,0x33,0x32,0x08,0x4c,0xcc,0x88,0x40,0x17,0x40,
    0xc4,0xcc,0x42,0x07,0x14,0x32,0x13,0x12,0x21,0x31,0x23,0x11,0xe1,0x31,0x33,0x38,
    0x7b,0x67,0x6d,0xa1,0x81,0x55,0x50,0x00,0x05,0x55,0x55,0x55,0x11,0x45,0x15,0x0d,
    0x3c,0x4c,0xb3,0x34,0xcf,0x34,0x4f,0x1c,0x84,0x8d,0x30,0x1c,0x73,0x32,0x3d,0x01,
    0x3c,0x23,0x0d,0x33,0x73,0xf1,0x3c,0xcd,0xc0,0x34,0xcc,0xc1,0x43,0x34,0xf3,0x31,
    0x00,0x56,0x66,0x05,0x67,0x65,0x55,0x56,0x50,0x05,0x01,0x57,0x56,0x40,0xaa,0x9b,
    0x02,0x55,0xd6,0x50,0x00,0x71,0xc8,0x4b,0x34,0x33,0x1c,0x15,0x05,0x55,0x55,0x55,
    0x55,0x55,0x55,0x55,0x80,0x05,0xd5,0x75,0x55,0x55,0x55,0x00,0x55,0x55,0x55,0xc0,
    0x17,0x5d,0x43,0x1c,0x1c,0x2d,0xc1,0x14,0x1a,0xd9,0xf4,0x7d,0xa0,0x05,0x65,0x65,
    0x55,0x5d,0x55,0x55,0x59,0x5d,0x55,0x54,0x00,0x51,0x45,0x14,0x55,0x51,0x45,0x55,
    0x40,0x00,0x30,0x20,0x00,0x17,0x00,0x80,0x16,0x75,0xd5,0x55,0x55,0x19,0x19,0x00,
    0x10,0x01,0x51,0x59,0x19,0xd0,0x55,0x55,0x55,0x15,0x45,0x55,0x55,0x45,0x51,0x55,
    0x14,0x55,0x50,0x51,0x50,0x00,0x41,0x11,0x13,0x13,0x32,0x22,0x04,0x00,0x5d,0x40,
    0x4c,0x84,0x2c,0x04,0x1c,0x23,0x31,0x23,0x13,0x23,0x31,0x33,0x04,0xc8,0xd2,0x13,
    0x96,0x86,0x98,0x59,0x71,0x55,0x55,0x54,0x15,0x55,0x55,0x55,0x55,0x15,0x54,0x33,
    0x13,0x34,0xcd,0xcc,0x71,0x33,0xc4,0xcf,0x33,0x33,0x20,0xcc,0x0d,0x2c,0xc3,0x03,
    0xc4,0x3c,0x40,0xcc,0xc4,0xd3,0xc4,0x73,0x1c,0x0f,0x12,0x09,0x83,0x4c,0x4d,0xf3,
    0x0c,0x9b,0x45,0x01,0x55,0x57,0x5d,0x55,0x50,0x0a,0x41,0x55,0x54,0x50,0x66,0xa0,
    0x05,0x5d,0x55,0x50,0x0f,0x2c,0xf3,0xf1,0x30,0x1d,0x31,0x37,0x41,0x55,0x55,0x55,
    0x55,0x93,0x20,0x00,0x03,0x56,0x5d,0x95,0x59,0x65,0x50,0x05,0x65,0x95,0x99,0x54,
    0x01,0x76,0x41,0x34,0x04,0x33,0x01,0x50,0x6d,0x3c,0x7d,0xd2,0x64,0x01,0x55,0x57,
    0x55,0x95,0x65,0x96,0x55,0x95,0x56,0x50,0x00,0x55,0x55,0x55,0x55,0x15,0x54,0x51,
    0x00,0x23,0x04,0x03,0x00,0x95,0x00,0x00,0x15,0x55,0x59,0x59,0x9d,0x57,0x54,0x01,
    0x56,0x00,0x55,0x97,0x64,0x50,0x51,0x45,0x15,0x54,0x55,0x14,0x54,0x55,0x15,0x45,
    0x55,0x51,0x55,0x55,0x00,0x07,0x23,0x33,0x31,0x31,0x21,0x04,0xcc,0x01,0x65,0x03,
    0x23,0x4e,0x30,0x10,0x10,0x34,0x48,0xc4,0xcc,0x4d,0x13,0x21,0x23,0x13,0x08,0xcc,
    0xb9,0x69,0x19,0xb7,0x91,0x55,0x55,0x55,0x55,0x55,0x55,0x55,0x45,0x51,0x50,0xc4,
    0xcd,0x33,0x4c,0xc7,0x33,0xc8,0xf3,0xc4,0x4d,0x13,0x43,0x44,0x08,0xc7,0x1c,0x70,
    0x4f,0x13,0x30,0x4c,0x4f,0x32,0x3f,0x34,0xcb,0x01,0xcf,0x41,0x0c,0xcf,0x33,0x10,
    0x1f,0x35,0x99,0xc5,0x5d,0x65,0x55,0x91,0x50,0x06,0x60,0x55,0x95,0xd0,0xd9,0xc0,
    0x55,0x55,0x55,0x50,0x04,0xc7,0x1d,0x13,0xd0,0xb3,0xcb,0x06,0x40,0x00,0x00,0x00,
    0x00,0x00,0x00,0x00,0x55,0x59,0x75,0x59,0xd7,0x5d,0x40,0x55,0x97,0x5d,0x55,0x55,
    0x40,0x51,0xc0,0xcf,0x04,0x1d,0x01,0x40,0x77,0x77,0xd3,0x77,0x90,0x05,0x5d,0x65,
    0x65,0x56,0x55,0x55,0x59,0x55,0x95,0x54,0x00,0x51,0x45,0x15,0x55,0x54,0x55,0x55,
    0x04,0x00,0x00,0x80,0x20,0x15,0x50,0x00,0x59,0x66,0x55,0x95,0xd5,0x99,0x5c,0x15,
    0x65,0x40,0xd6,0x55,0xd1,0x90,0x15,0x55,0x51,0x45,0x51,0x55,0x55,0x51,0x54,0x55,
    0x14,0x55,0x14,0x54,0x00,0x42,0x31,0x21,0x23,0x23,0x13,0x33,0x40,0x15,0xdd,0x01,
    0x34,0x30,0x40,0x50,0x50,0x10,0xcc,0x4c,0x48,0xc8,0x38,0x4c,0xc4,0x8d,0x21,0x21,
    0x64,0x9d,0xad,0x9a,0x41,0x55,0x55,0x55,0x55,0x55,0x55,0x55,0x51,0x45,0x00,0x8f,
    0x13,0xc8,0xc4,0x33,0xd3,0x4f,0x12,0x10,0x03,0xcc,0x03,0x33,0xc3,0x4c,0xc7,0x30,
    0x31,0x31,0xcc,0x31,0x33,0x4f,0x4c,0x4f,0x8c,0x40,0xe0,0x04,0x34,0xb4,0xb4,0x03,
    0xcc,0x49,0x9d,0x09,0x55,0x55,0x99,0x55,0x90,0x39,0x90,0x15,0x54,0x54,0x24,0x05,
    0x55,0x65,0x64,0x50,0x3e,0x33,0xcc,0xfc,0xc3,0xc4,0xb3,0x17,0x5c,0x00,0x00,0x30,
    0x00,0x45,0x55,0x55,0x65,0x97,0x56,0x75,0x65,0x55,0x01,0x59,0x75,0x56,0x77,0x65,
    0x54,0x35,0x50,0x74,0x41,0x03,0x81,0x01,0xb3,0xdd,0x37,0xfd,0x98,0x09,0x55,0x55,
    0x57,0x55,0x5d,0x75,0xd5,0x75,0x75,0xd0,0x00,0x55,0x55,0x51,0x55,0x15,0x45,0x15,
    0x00,0x31,0x08,0x01,0x00,0x16,0x54,0x11,0x55,0x00,0x01,0x5d,0x59,0x75,0x90,0x16,
    0x55,0x54,0x25,0xdd,0x17,0x50,0x54,0x55,0x15,0x55,0x15,0x45,0x55,0x15,0x45,0x51,
    0x55,0x45,0x55,0x40,0x04,0xe3,0x13,0x13,0x34,0x84,0xcc,0x48,0x00,0x67,0x55,0x03,
    0x83,0x84,0xc0,0x41,0x40,0x8c,0x44,0x32,0x31,0x21,0x23,0x32,0x13,0x10,0x8c,0xc4,
    0x99,0xe6,0xd9,0xe4,0x41,0x55,0x55,0x55,0x55,0x55,0x55,0x55,0x55,0x15,0x0f,0x31,
    0x3c,0xb3,0x4f,0x1c,0x33,0x31,0x3c,0xf0,0x50,0x37,0x04,0xe1,0x03,0x3d,0x33,0x1c,
    0x00,0xcc,0xd0,0x13,0x30,0xe3,0x34,0xf0,0xd3,0xf0,0x37,0x04,0x33,0x33,0x10,0x38,
    0x71,0x33,0x66,0x41,0x66,0x45,0x55,0x15,0x50,0x06,0xa4,0x25,0x57,0x46,0x00,0x15,
    0x59,0x54,0x55,0x40,0xd3,0x4d,0x21,0x31,0x0d,0x3c,0xdc,0x34,0x75,0x55,0x55,0x44,
    0x00,0x00,0x55,0x65,0xd7,0x5d,0x65,0x57,0x57,0x54,0x05,0x97,0x57,0x55,0x55,0x5d,
    0x95,0x01,0xd0,0xcf,0xc0,0x08,0x40,0x05,0xb7,0x4f,0x7d,0xd1,0xa0,0x05,0x66,0x5d,
    0x75,0x65,0xd5,0x55,0x57,0x55,0x55,0x54,0x00,0x51,0x45,0x15,0x51,0x54,0x55,0x51,
    0x02,0x00,0x00,0x30,0x0c,0x55,0x65,0x55,0x50,0x00,0x00,0x55,0x97,0x55,0x50,0x55,
    0xd9,0xd4,0x05,0x56,0x75,0x1c,0x55,0x11,0x54,0x51,0x54,0x55,0x51,0x54,0x55,0x15,
    0x45,0x55,0x15,0x00,0x10,0x44,0xc8,0x8c,0x40,0x33,0x48,0xc4,0x01,0x75,0x18,0x08,
    0x13,0x13,0x05,0x41,0x80,0xc4,0xc0,0xe1,0x23,0x13,0x31,0x21,0x32,0x32,0x34,0x4c,
    0xb6,0x61,0x9e,0x49,0xb1,0x55,0x55,0x55,0x55,0x55,0x55,0x55,0x51,0x50,0x31,0x1c,
    0xc8,0x1c,0xcc,0x0d,0x2c,0x73,0xc4,0xc0,0x54,0x00,0x33,0x33,0xd0,0x4c,0xd3,0xce,
    0x00,0x07,0x07,0x0c,0xc7,0x0d,0x33,0x87,0x3d,0x1c,0x0c,0x10,0xd2,0xd1,0xc0,0xd3,
    0x38,0xf0,0xd9,0x05,0x55,0x56,0x45,0x59,0x50,0x0a,0x69,0x05,0x74,0x55,0x02,0x55,
    0x95,0x45,0x55,0x00,0x33,0x34,0xff,0x2c,0x08,0xd3,0x31,0x19,0xd9,0x59,0x54,0x00,
    0x20,0x40,0x01,0x5d,0x55,0x55,0x51,0xd5,0x95,0x60,0x15,0x75,0x55,0x44,0x04,0x55,
    0x75,0x42,0x5c,0x2c,0x70,0x0f,0xc0,0x16,0x4d,0xdd,0xdf,0x1d,0x94,0x01,0x55,0x55,
    0x55,0x55,0x56,0x59,0x65,0x59,0x65,0x50,0x00,0x55,0x55,0x55,0x55,0x45,0x51,0x55,
    0x40,0x08,0x20,0x80,0x80,0x59,0xd5,0x65,0x80,0x04,0x40,0x05,0x75,0x64,0x41,0x65,
    0x55,0x55,0x01,0x64,0x51,0x90,0x50,0x00,0x55,0x55,0x45,0x55,0x55,0x45,0x51,0x54,
    0x54,0x51,0x54,0x01,0x08,0xc3,0x4c,0xc4,0xe0,0x10,0x31,0x20,0x05,0xd1,0x74,0x07,
    0x31,0x08,0x05,0x0d,0x01,0x32,0x02,0x04,0xc4,0x8c,0x48,0xcc,0xc8,0xc4,0xc3,0x32,
    0x68,0x66,0x66,0x9a,0x41,0x55,0x55,0x55,0x55,0x55,0x55,0x55,0x55,0x40,0xc8,0xcc,
    0xb3,0x0c,0x71,0xc3,0xc4,0xc8,0x4f,0x10,0x55,0x40,0x2d,0x13,0x30,0x34,0xcc,0x4c,
    0x05,0x40,0x73,0x01,0x33,0x13,0x1c,0xf3,0x43,0x31,0x04,0x03,0x3c,0x3c,0x0e,0x3c,
    0x4f,0x1c,0xc5,0x81,0x5d,0x55,0x55,0x95,0x50,0x06,0xa9,0x01,0x55,0x10,0x05,0x55,
    0x54,0x55,0x55,0x04,0x24,0x73,0x13,0x4c,0x1f,0x3d,0x1c,0x37,0x45,0x95,0x40,0x19,
    0x55,0x55,0x80,0x15,0x9d,0xd9,0x15,0x64,0x5d,0x40,0x56,0x55,0x90,0x00,0x00,0x01,
    0x56,0x50,0xd8,0x34,0xec,0x00,0x00,0x66,0x7f,0x7f,0x1d,0xfd,0xa0,0x05,0x5d,0x65,
    0x96,0x5d,0x55,0x55,0x55,0x55,0x51,0x90,0x00,0x51,0x45,0x55,0x51,0x55,0x15,0x15,
    0x40,0x00,0x00,0x08,0x00,0x55,0x5d,0x55,0x00,0x55,0x54,0x09,0x56,0x55,0x41,0x5d,
    0x9d,0x99,0x40,0x55,0xd9,0xd0,0x40,0x00,0x05,0x14,0x55,0x55,0x45,0x55,0x15,0x45,
    0x55,0x55,0x50,0x01,0x31,0x34,0x21,0x13,0x03,0x4e,0x13,0x00,0x16,0x57,0x54,0x30,
    0x48,0xe0,0x17,0x05,0x03,0x10,0x00,0x4c,0x8c,0xd2,0x31,0x10,0x4c,0x4c,0x44,0x84,
    0x9d,0xb6,0xe1,0xb6,0x41,0x55,0x55,0x55,0x55,0x55,0x55,0x55,0x54,0x03,0x4f,0x34,
    0xc4,0x34,0xcc,0xc1,0x33,0xcf,0x31,0x3c,0x56,0x50,0x30,0xcd,0x34,0x0f,0x1c,0xe0,
    0x55,0x54,0x0d,0x03,0x21,0x33,0x31,0x1c,0xf4,0xd3,0xc0,0x42,0xc7,0x4c,0x33,0x13,
    0xc4,0xcb,0x49,0x05,0x55,0x9d,0x59,0x57,0x50,0x0a,0x6a,0x41,0x44,0x50,0x15,0x59,
    0x45,0x55,0x94,0x14,0x03,0x3b,0x38,0xf0,0xf1,0xc8,0xf3,0x14,0x57,0x57,0x01,0x55,
    0x56,0x65,0x54,0x01,0x55,0x51,0x59,0xd5,0x75,0x41,0x59,0x75,0x40,0x00,0x00,0x00,
    0x55,0x54,0x14,0x0f,0x34,0x00,0x00,0x03,0x5d,0x1d,0xf7,0x77,0x58,0x05,0x55,0x55,
    0x55,0x55,0x96,0x45,0xd6,0x64,0x55,0x54,0x00,0x55,0x55,0x55,0x15,0x45,0x55,0x51,
    0x50,0x10,0x8c,0x00,0x01,0x67,0x56,0x50,0x05,0x59,0x65,0xc1,0x65,0x19,0x75,0x95,
    0x55,0x75,0x60,0xd7,0x47,0x50,0x01,0x54,0x05,0x55,0x55,0x54,0x54,0x51,0x54,0x55,
    0x14,0x44,0x40,0x13,0x13,0x23,0x13,0x32,0x01,0x31,0x32,0x01,0x5d,0xd9,0x90,0x13,
    0x23,0x10,0x54,0x14,0x04,0x8c,0x00,0x31,0x34,0x33,0x4c,0xc8,0xc4,0xc4,0xc8,0xcc,
    0x9a,0x69,0x99,0x9b,0x41,0x55,0x55,0x55,0x55,0x55,0x55,0x55,0x50,0x3c,0xc4,0xcc,
    0xcf,0x0f,0x1c,0x40,0xd3,0x44,0xe3,0xc4,0x15,0x41,0x07,0x13,0x00,0x04,0xce,0x00,
    0x55,0x95,0x00,0xd0,0xcc,0xcc,0x4f,0xce,0x33,0x3e,0x01,0x0c,0x4c,0xc0,0x47,0x3c,
    0x73,0x4c,0x03,0x4d,0x65,0x55,0x95,0x75,0x50,0x06,0xb6,0x90,0x59,0x40,0x55,0x95,
    0x55,0x59,0x50,0x15,0x40,0x01,0xcc,0x40,0x4c,0x8f,0x1c,0x1d,0xd5,0x50,0x15,0x9d,
    0x9d,0x5d,0x75,0x40,0x59,0xd5,0x9d,0x5d,0x56,0x05,0x97,0x54,0x00,0x00,0x00,0x00,
    0x05,0xd5,0x04,0x34,0x4c,0x05,0x55,0x40,0x1f,0xdc,0x7c,0x71,0xa0,0x0d,0x65,0xd4,
    0x59,0x65,0x55,0x55,0x55,0x55,0x55,0x50,0x00,0x51,0x45,0x51,0x54,0x55,0x14,0x55,
    0x55,0x00,0x02,0x30,0xc5,0x55,0x94,0x50,0x15,0x97,0x55,0x50,0x5d,0x57,0x56,0x5d,
    0x9d,0x56,0x50,0x16,0x64,0x60,0x06,0x45,0x01,0x45,0x55,0x55,0x55,0x55,0x45,0x51,
    0x55,0x55,0x40,0x4c,0x8c,0x8c,0x8c,0x48,0x04,0x20,0xd0,0x07,0x65,0x47,0x50,0x38,
    0x4d,0x00,0x74,0x18,0x0c,0xd0,0x50,0x13,0x08,0x44,0x21,0x21,0x23,0x22,0x21,0x12,
    0xb7,0x61,0xde,0x19,0x81,0x55,0x55,0x55,0x55,0x55,0x55,0x55,0x00,0xc4,0x8c,0x4d,
    0x31,0x34,0xcc,0xe0,0x3c,0xcf,0x3c,0x4c,0x17,0x45,0x40,0xf2,0xc0,0x03,0x71,0x05,
    0x5d,0x75,0x50,0x00,0x13,0x13,0x30,0x8c,0x47,0x4c,0x04,0x34,0xf1,0x03,0xcc,0x48,
    0xc8,0x00,0x31,0x05,0x57,0x59,0x5d,0x55,0x60,0x09,0xa9,0x90,0x14,0x05,0x55,0x51,
    0x55,0x95,0x50,0x55,0x54,0x00,0xdc,0xc1,0xcb,0x1c,0x4c,0x19,0x19,0x40,0x59,0x55,
    0xd5,0xd5,0x55,0x54,0x05,0x65,0xd5,0x65,0x94,0x05,0x75,0x50,0x00,0x00,0x00,0x00,
    0x01,0x59,0x4d,0x0f,0x20,0x15,0x55,0x54,0x07,0x77,0xdd,0xdd,0x98,0x05,0x55,0x55,
    0x55,0xd5,0x17,0x59,0x64,0x55,0x99,0x50,0x00,0x55,0x55,0x55,0x45,0x51,0x55,0x51,
    0x45,0x40,0xc0,0x04,0x02,0x5d,0x45,0x40,0x59,0x75,0x65,0x90,0x55,0x95,0x65,0xd5,
    0x56,0x45,0xd4,0x24,0x45,0xd0,0x14,0x6d,0x05,0x55,0x55,0x45,0x14,0x51,0x55,0x15,
    0x45,0x15,0x00,0x21,0x31,0x34,0xc4,0xc4,0x0c,0x84,0x80,0x15,0x1d,0xd5,0x70,0xc4,
    0xc1,0x01,0x50,0x50,0x11,0x01,0x50,0x0c,0x4c,0xce,0x32,0x33,0x34,0x4c,0x4c,0xcc,
    0x66,0x1a,0x66,0x6d,0x41,0x55,0x55,0x55,0x55,0x55,0x55,0x60,0x03,0x13,0x33,0xcc,
    0xd3,0x00,0x00,0x00,0x12,0x13,0x44,0xcc,0x15,0x55,0x50,0x2c,0x05,0x70,0x00,0x05,
    0xd5,0x57,0x55,0x00,0x31,0x32,0xc7,0x13,0xf3,0x00,0x54,0x33,0x2c,0x34,0x8f,0x3d,
    0x30,0x35,0x55,0x81,0x65,0x55,0x55,0x65,0x50,0x06,0x9a,0xa4,0x14,0x15,0x65,0xd5,
    0x65,0x55,0x41,0x56,0x55,0x50,0x0d,0x0c,0xf1,0xcf,0x34,0x1d,0x55,0x01,0x67,0x75,
    0x55,0x59,0x16,0x55,0xc1,0x5d,0x57,0x57,0x55,0x15,0x55,0x40,0x00,0x00,0x00,0x00,
    0x00,0x55,0x56,0x04,0x70,0x57,0x67,0x55,0x07,0xc7,0x7d,0xf6,0x90,0x05,0x75,0x96,
    0x5d,0x55,0x55,0x55,0x55,0x65,0x57,0x50,0x00,0x51,0x55,0x54,0x55,0x15,0x45,0x15,
    0x55,0x50,0x20,0x40,0x00,0x55,0x55,0x02,0x57,0x55,0x9d,0x55,0x99,0x76,0x51,0x59,
    0xd5,0x55,0x55,0x55,0xdd,0x50,0xd9,0xd6,0x01,0x55,0x54,0x55,0x55,0x55,0x45,0x54,
    0x55,0x55,0x01,0xcc,0xd3,0x01,0x32,0x20,0x12,0x33,0x00,0x5d,0x55,0x59,0x40,0x43,
    0x1c,0x05,0x90,0x60,0xcc,0x01,0xd4,0x08,0xe1,0x20,0x44,0xd1,0x33,0x23,0x34,0x84,
    0xb6,0x67,0x89,0xda,0x60,0x55,0x55,0x55,0x55,0x54,0x44,0x00,0x0d,0x33,0x10,0x71,
    0x30,0x00,0xc4,0x0c,0x03,0xcc,0xcc,0xe1,0x05,0x67,0x54,0x00,0x15,0x54,0x00,0x55,
    0x59,0x15,0x65,0x50,0x00,0xcc,0x4c,0xcc,0x40,0x04,0x60,0xe1,0xc0,0x33,0x12,0xd0,
    0x01,0x5a,0xa9,0x05,0x55,0x91,0x75,0x56,0x50,0x0a,0xa1,0xa4,0x00,0x59,0x55,0x55,
    0x57,0x5d,0x4d,0x55,0x55,0x55,0x03,0x07,0x1c,0xd1,0xcc,0x1d,0xd7,0x05,0x55,0x59,
    0x61,0x00,0x00,0x15,0x50,0x55,0x99,0x75,0x75,0x59,0xdd,0x80,0x00,0x00,0x00,0x00,
    0x00,0x17,0x55,0x03,0xc1,0x59,0x55,0x65,0x41,0x7d,0xd3,0x4d,0x98,0x01,0x55,0x55,
    0x55,0x59,0x65,0x96,0x5d,0x57,0x55,0x5c,0x00,0x55,0x55,0x15,0x51,0x54,0x55,0x54,
    0x51,0x50,0x00,0x00,0x80,0x16,0x67,0x0d,0x75,0x65,0x55,0xd5,0x75,0x55,0x15,0x95,
    0x64,0x67,0x65,0x9d,0x64,0x90,0x5d,0xdd,0x01,0x45,0x55,0x51,0x45,0x14,0x55,0x15,
    0x51,0x44,0x0c,0x44,0x08,0x73,0x10,0x40,0xcc,0x44,0x01,0x76,0x72,0x75,0x40,0x88,
    0x4c,0x19,0x41,0x40,0x48,0x05,0x67,0x00,0x4c,0x87,0x33,0x0c,0x84,0x84,0x43,0x13,
    0x68,0x6d,0x9a,0x61,0x90,0x55,0x55,0x55,0x55,0x00,0x00,0x05,0x30,0xc8,0xf3,0x33,
    0x00,0x07,0x13,0xd3,0x00,0x1e,0x34,0xcf,0x05,0x55,0x75,0x40,0x57,0x55,0x55,0x59,
    0x55,0x55,0x57,0x55,0x00,0x00,0x00,0x00,0x00,0x66,0x60,0x13,0x10,0x78,0xfc,0xc0,
    0x16,0xa7,0x5d,0x81,0x5d,0x55,0x56,0x75,0x50,0x06,0x6a,0x69,0x01,0x55,0xd5,0x56,
    0x55,0x55,0x05,0x65,0x65,0x55,0x40,0x02,0x0c,0xcf,0x1c,0x19,0x64,0x16,0x77,0x45,
    0x00,0x00,0x00,0x02,0x54,0x65,0xd5,0x59,0x59,0x97,0x55,0x00,0x00,0x00,0x00,0x00,
    0x00,0x35,0x65,0xcd,0x05,0x65,0xdd,0x5d,0x60,0x77,0x37,0xdd,0xa0,0x05,0x59,0x45,
    0x96,0x55,0x55,0x55,0xd5,0x65,0x75,0x50,0x00,0x55,0x51,0x54,0x55,0x45,0x51,0x45,
    0x55,0x40,0x08,0x30,0x0c,0x05,0xd4,0x05,0x56,0x5d,0xd5,0x59,0x54,0x65,0x55,0x5d,
    0x45,0x55,0x5d,0x54,0x45,0xd0,0x91,0x45,0x05,0x55,0x45,0x15,0x55,0x55,0x51,0x54,
    0x55,0x54,0x04,0x32,0xc4,0x21,0x38,0xc0,0x44,0xc0,0x15,0xd4,0x00,0x00,0x01,0x31,
    0x30,0x17,0x4d,0x40,0xc0,0x16,0x55,0x00,0xc4,0xcc,0x48,0x74,0xc8,0xcc,0xe1,0x32,
    0x99,0xa6,0x77,0x9a,0x41,0x55,0x55,0x55,0x50,0x00,0x21,0x98,0x38,0xf1,0x30,0x48,
    0x0d,0x0c,0xcc,0xcd,0x0d,0x03,0x33,0x4c,0x05,0xdd,0x55,0x55,0x55,0x75,0x55,0x57,
    0x74,0x71,0x1d,0x55,0x4d,0x51,0x03,0x11,0x16,0x77,0x73,0x4f,0x03,0xcd,0x34,0x01,
    0x69,0xd9,0xa6,0x05,0x55,0x59,0x65,0x55,0x50,0x0a,0x9a,0xe4,0x05,0x9d,0x56,0x55,
    0x75,0x55,0x15,0x55,0x57,0x59,0x54,0x00,0x00,0x00,0x38,0x1d,0x50,0x15,0xd5,0x54,
    0x00,0x00,0x00,0x00,0x15,0x5d,0x5d,0xd4,0x5d,0x75,0x64,0x00,0x00,0x00,0x00,0x00,
    0x00,0x05,0x75,0x40,0x15,0x95,0x56,0x55,0x50,0x71,0xdd,0xf6,0x98,0x05,0x95,0x55,
    0x75,0x5d,0x67,0x5d,0x55,0x55,0x55,0x90,0x00,0x51,0x55,0x45,0x51,0x55,0x15,0x55,
    0x14,0x50,0x80,0x08,0x00,0x05,0x50,0x16,0x65,0xd5,0x64,0x5d,0x95,0x77,0x5c,0x96,
    0x56,0x76,0x56,0x75,0xdd,0x60,0x76,0x66,0x01,0x55,0x55,0x54,0x51,0x45,0x15,0x45,
    0x44,0x50,0x08,0x88,0x4c,0x8c,0x81,0x03,0x32,0x00,0x5d,0x40,0x00,0x00,0x03,0x13,
    0x02,0x5d,0x05,0x41,0x00,0x55,0x75,0x40,0x23,0x44,0xc4,0xc2,0x13,0x44,0x13,0x23,
    0x7b,0x74,0xa6,0x19,0xc1,0x55,0x55,0x58,0x00,0x90,0x56,0x50,0xcc,0x4f,0x10,0xf0,
    0xd3,0x0d,0x34,0x8c,0xc0,0xc1,0x1c,0xc7,0x4d,0x55,0x19,0xd5,0xdd,0x55,0xd0,0x00,
    0x00,0x00,0x00,0x0d,0x40,0x00,0x01,0x11,0x65,0x66,0x40,0xc8,0x07,0x13,0x00,0x16,
    0x67,0x64,0x75,0x09,0x66,0x55,0x54,0x59,0x50,0x06,0xad,0x90,0x15,0x55,0x55,0x45,
    0x55,0x16,0x56,0x5d,0x75,0x55,0x54,0x11,0x11,0x10,0x00,0x17,0x50,0x59,0x59,0x60,
    0x00,0x00,0x00,0x00,0x01,0x65,0x95,0x65,0x95,0x57,0x54,0x00,0x00,0x00,0x00,0x00,
    0x00,0x05,0x95,0x80,0x59,0x77,0x65,0xd9,0xd4,0x17,0xf7,0x46,0x60,0x01,0x57,0x59,
    0x55,0x95,0x55,0x55,0x59,0x9d,0x65,0x50,0x00,0x55,0x55,0x55,0x15,0x45,0x54,0x51,
    0x55,0x50,0x03,0x00,0x88,0x09,0x50,0x95,0x5d,0x59,0x55,0x95,0x5d,0x95,0x60,0x15,
    0x65,0x55,0xd5,0x56,0x64,0x50,0x5d,0xdd,0x05,0x55,0x51,0x45,0x55,0x55,0x54,0x55,
    0x55,0x50,0x13,0x13,0x32,0x13,0x13,0x0d,0x23,0x01,0x75,0x01,0x55,0x54,0x04,0xc8,
    0x41,0x75,0x15,0x80,0x05,0x5d,0x55,0x50,0x31,0x0c,0x8c,0x48,0xc4,0x32,0xcc,0x44,
    0x59,0x9a,0x61,0xa6,0x05,0x55,0x55,0x00,0x09,0x71,0x27,0x40,0xd3,0x31,0x30,0x40,
    0xcc,0x83,0x33,0x13,0x43,0x73,0xcc,0xb0,0x05,0x65,0x55,0x5d,0x54,0x40,0x00,0x00,
    0x47,0x51,0x74,0x46,0x50,0x08,0x30,0x00,0x00,0xd1,0x41,0x34,0x3c,0x8f,0x41,0x56,
    0x76,0x76,0x69,0x85,0x55,0x75,0xd5,0x55,0x60,0x09,0x9a,0x80,0x56,0x55,0x64,0x55,
    0xd5,0x55,0x55,0x55,0x55,0x65,0xd0,0x55,0x55,0x55,0x10,0x15,0x41,0x57,0x51,0x40,
    0x00,0x00,0x00,0x00,0x03,0x55,0x76,0x5d,0x77,0x75,0x50,0x00,0x00,0x00,0x40,0x00,
    0x00,0x01,0x5d,0x40,0x57,0x55,0x5d,0x55,0x54,0x26,0x73,0xda,0x9c,0x05,0x55,0x55,
    0x95,0x56,0x5d,0x65,0x95,0x55,0x57,0x50,0x00,0x55,0x51,0x45,0x54,0x55,0x15,0x55,
    0x45,0x54,0x04,0x20,0x00,0xc1,0x40,0x57,0x55,0x94,0x75,0x50,0x15,0x59,0x40,0x06,
    0x5d,0x9d,0x64,0x64,0x46,0xd0,0xd9,0x15,0x01,0x54,0x55,0x55,0x14,0x51,0x45,0x51,
    0x45,0x50,0x31,0x31,0x21,0x31,0x30,0x00,0xc4,0x05,0xd4,0x05,0x55,0x54,0x0e,0x13,
    0x05,0xd5,0xd5,0x40,0x15,0x95,0xd7,0x50,0x04,0xe1,0x22,0x31,0x32,0xc4,0x12,0x33,
    0x54,0xa7,0x66,0x79,0x05,0x55,0x54,0x01,0x97,0x41,0x26,0x43,0x0d,0x33,0xcc,0x01,
    0x31,0x01,0xc4,0xf3,0x30,0x34,0xc4,0xc7,0xc1,0x5d,0x75,0x55,0x00,0x00,0x85,0x55,
    0x55,0x55,0x55,0x55,0xd0,0x55,0x55,0x74,0xc0,0x03,0x0f,0x80,0xd3,0x34,0x05,0x55,
    0xe6,0x69,0xd9,0x01,0x75,0x55,0x59,0x67,0x50,0x06,0xa9,0x81,0x55,0x75,0x55,0x55,
    0x56,0x59,0x75,0xd5,0x95,0x55,0x50,0x55,0x55,0x55,0x40,0x5d,0x01,0x9d,0x55,0x00,
    0x00,0x00,0x00,0x00,0x00,0x17,0x55,0x15,0x55,0x56,0x50,0x00,0x00,0x01,0x54,0x00,
    0x00,0x01,0x55,0x41,0x65,0x5d,0x95,0x47,0x64,0x19,0xd7,0x76,0x90,0x05,0x65,0x9d,
    0x5d,0x75,0x55,0x55,0x54,0x56,0x45,0x50,0x00,0x55,0x55,0x55,0x15,0x51,0x54,0x51,
    0x54,0x54,0x00,0x03,0x0c,0x01,0x42,0x59,0x75,0x45,0x59,0x70,0x16,0x75,0x40,0x05,
    0xd5,0x56,0x55,0x57,0x5d,0x40,0x61,0x77,0x05,0x55,0x51,0x51,0x55,0x55,0x55,0x15,
    0x54,0x40,0x48,0xc8,0xcc,0xc8,0xc4,0x1d,0x10,0x15,0x50,0x15,0x9d,0x5c,0x10,0xc0,
    0x17,0x55,0x5d,0x53,0x57,0x5d,0x55,0x54,0x03,0x13,0x34,0xd3,0x84,0xc8,0xc8,0xc4,
    0x55,0x92,0x9e,0x99,0x05,0x55,0x50,0x16,0x79,0x81,0x05,0x0e,0x13,0x1c,0x70,0x0f,
    0x13,0xc3,0x33,0x13,0x40,0x4c,0x8f,0x33,0x05,0x55,0x56,0x00,0x01,0x15,0x55,0x55,
    0x56,0x59,0xd6,0x75,0x54,0xd7,0x5d,0x95,0x55,0xc0,0x00,0x40,0xc8,0x40,0x15,0x55,
    0x67,0x91,0x91,0xc5,0x56,0x51,0x95,0x55,0x50,0x0a,0x86,0x05,0x65,0x55,0x15,0x65,
    0x95,0x55,0x55,0x55,0x56,0x45,0x50,0x56,0x59,0x65,0x05,0x65,0x05,0x55,0x94,0x00,
    0x00,0x00,0x00,0x00,0x00,0x15,0x65,0x5d,0xd9,0x19,0x50,0x00,0x00,0x05,0x54,0x00,
    0x00,0x01,0x76,0x53,0x57,0x55,0x45,0x95,0x55,0x06,0xa7,0x69,0xa8,0x0d,0x57,0x55,
    0x55,0x55,0xd6,0x59,0x45,0x55,0x55,0x50,0x00,0x55,0x14,0x51,0x54,0x55,0x45,0x55,
    0x45,0x50,0x43,0x20,0x10,0x01,0x41,0x57,0x59,0x56,0x57,0x40,0x05,0x56,0x40,0x05,
    0x59,0xd5,0x19,0xd5,0x14,0x50,0x57,0x65,0x05,0x45,0x15,0x15,0x45,0x14,0x51,0x54,
    0x55,0x40,0xcc,0x4c,0x44,0x8c,0x4c,0x00,0x80,0x17,0x60,0x55,0x55,0xd4,0x0d,0x10,
    0x65,0x64,0x55,0xd5,0x55,0x55,0x55,0x55,0x00,0x32,0x13,0x08,0x4c,0x4d,0x21,0x23,
    0x55,0x76,0x79,0xd1,0x80,0x05,0x60,0x69,0xda,0x41,0x06,0x0c,0xcc,0xcc,0xc4,0x34,
    0xcc,0x43,0x4d,0x3c,0xf4,0x33,0x31,0x1c,0x05,0x91,0x90,0x01,0x15,0x55,0x56,0x76,
    0x75,0xd5,0x5d,0x5d,0x15,0x75,0xdb,0x77,0x76,0x55,0x80,0x0d,0x33,0xc1,0x55,0x55,
    0x59,0x1a,0x69,0x09,0x65,0x15,0x57,0x5d,0x50,0x06,0x68,0x05,0x57,0x55,0x56,0x55,
    0x51,0x75,0x51,0x59,0x45,0x55,0x41,0x55,0x55,0x50,0x16,0x57,0x25,0xd9,0xd4,0x00,
    0x00,0x00,0x00,0x00,0x00,0x05,0x91,0xd5,0x51,0x57,0x40,0x00,0x00,0x05,0x54,0x00,
    0x00,0x01,0x55,0x55,0x75,0x67,0x57,0x59,0xd6,0x09,0x9a,0x9b,0x60,0x05,0x65,0x56,
    0x59,0x65,0x55,0x54,0x55,0x9d,0x59,0x50,0x00,0x55,0x55,0x55,0x45,0x51,0x55,0x14,
    0x55,0x50,0x40,0x01,0x00,0x81,0x59,0x75,0x54,0x65,0xd5,0x40,0x06,0x75,0x40,0x05,
    0x95,0x65,0x57,0x59,0xdd,0x90,0xdd,0xd1,0x01,0x55,0x55,0x54,0x55,0x55,0x55,0x45,
    0x45,0x40,0x44,0xc4,0xc3,0x11,0x20,0x24,0x00,0x16,0x41,0x59,0xd5,0x50,0x20,0x01,
    0x75,0x15,0x65,0x55,0x76,0x75,0x00,0x25,0x40,0x84,0xcc,0x4c,0xc4,0xc8,0xcc,0xc4,
    0x55,0x69,0xda,0x6a,0x50,0x01,0x41,0x9e,0x91,0x85,0x40,0x31,0x34,0xe1,0x30,0x0c,
    0x8c,0xc3,0x33,0xc8,0x0c,0xc4,0x73,0xcc,0x15,0x55,0x40,0x55,0x55,0x66,0x75,0x55,
    0x55,0x51,0xd5,0x15,0x77,0x5d,0x44,0x5d,0x9d,0x75,0x55,0x00,0xdc,0x05,0x55,0x55,
    0x5e,0x66,0xd9,0x81,0x55,0x55,0x95,0x55,0x50,0x0a,0x90,0x55,0x95,0x59,0x65,0x5d,
    0x55,0x55,0x15,0x54,0x55,0x56,0x41,0x65,0xd5,0x40,0x59,0xd4,0x15,0x65,0x50,0x00,
    0x00,0x00,0x00,0x00,0x00,0x01,0x55,0x59,0x95,0x95,0x50,0x00,0x00,0x05,0x54,0x00,
    0x00,0x01,0x9d,0xd9,0x56,0x75,0x65,0x55,0x55,0x06,0xa6,0x6a,0x98,0x05,0x55,0x65,
    0x55,0x55,0x96,0x45,0x55,0x55,0x95,0x50,0x00,0x54,0x51,0x45,0x55,0x15,0x45,0x55,
    0x55,0x41,0x50,0x20,0x00,0x05,0x57,0x56,0x45,0x5d,0x59,0x50,0x05,0x54,0x50,0x56,
    0x5d,0x46,0x75,0x5d,0x19,0x10,0x64,0x59,0x05,0x51,0x45,0x15,0x51,0x45,0x14,0x55,
    0x54,0x40,0x8c,0x8c,0x84,0x8c,0xc0,0x80,0x0c,0x05,0xc1,0x5d,0x5d,0x50,0xc4,0x06,
    0x55,0x57,0x57,0x59,0x54,0x50,0x00,0x00,0x50,0x0c,0x48,0xc4,0x4c,0x84,0x44,0x4c,
    0x55,0x5e,0xa4,0x9d,0xe5,0x41,0x09,0x99,0x26,0x41,0x50,0xd3,0xcc,0xcc,0xd0,0xd3,
    0x1c,0x41,0xc4,0x8d,0xd3,0x4f,0x34,0x00,0x57,0x75,0x55,0x56,0x59,0x57,0x57,0x5d,
    0xdd,0x15,0x51,0x5d,0x99,0xd8,0x7d,0xd4,0x77,0x5d,0xd5,0x70,0x08,0x15,0x55,0x55,
    0x56,0x6d,0x66,0x05,0x75,0x65,0x5d,0x96,0x50,0x06,0x40,0x55,0x55,0x55,0x55,0xd5,
    0x56,0x55,0x55,0x95,0x55,0x95,0x41,0x55,0x55,0x01,0x5d,0x54,0x17,0x5d,0x50,0x00,
    0x00,0x00,0x00,0x00,0x00,0x01,0x76,0x75,0x75,0xdd,0x40,0x00,0x00,0x05,0x50,0x00,
    0x00,0x01,0x55,0x57,0x65,0x56,0x5d,0x9d,0xd9,0x0a,0x7a,0xe6,0x60,0x01,0x5d,0x55,
    0xd7,0x51,0x55,0x55,0x66,0x55,0x57,0x50,0x00,0x55,0x55,0x54,0x51,0x54,0x54,0x51,
    0x55,0x01,0x54,0x00,0x32,0x01,0x95,0x65,0x59,0x95,0x94,0x50,0x16,0x75,0x55,0x65,
    0xd5,0x95,0x59,0x95,0x91,0x70,0x75,0xdc,0x05,0x15,0x55,0x54,0x55,0x55,0x55,0x51,
    0x15,0x40,0x48,0x48,0x4c,0xc4,0x80,0x40,0x04,0x0d,0x05,0x55,0x55,0x90,0x00,0x17,
    0x5d,0x95,0x75,0x5d,0x45,0x40,0x04,0x00,0x14,0x08,0xc4,0x8c,0xc8,0x4c,0xcc,0xe2,
    0x55,0x59,0x19,0xa6,0x6a,0x70,0x1b,0x79,0x9b,0x71,0x50,0x33,0x13,0x4d,0x30,0x31,
    0xcf,0x30,0xf3,0x30,0x30,0x00,0x00,0x05,0x55,0x57,0x55,0xd5,0xd7,0x75,0x55,0x55,
    0x55,0x57,0x55,0xd7,0x5d,0x45,0xd5,0xc5,0xd5,0x16,0x77,0x55,0x00,0x55,0x55,0x55,
    0x55,0xd9,0x1d,0x41,0x56,0x57,0x55,0x55,0x50,0x06,0x41,0x56,0x5d,0x45,0x15,0x55,
    0x15,0x75,0x95,0x55,0x65,0x5d,0x45,0x5d,0x54,0x05,0x95,0xd0,0x59,0x57,0x60,0x00,
    0x00,0x00,0x54,0x00,0x00,0x01,0x55,0x57,0x56,0x55,0x60,0x00,0x00,0x01,0x10,0x00,
    0x00,0x01,0x76,0x75,0x5d,0x15,0xd5,0x55,0x55,0x06,0xa6,0x6a,0x90,0x05,0x55,0x91,
    0x55,0x55,0x67,0x56,0x55,0x76,0x75,0x50,0x00,0x51,0x45,0x15,0x55,0x45,0x55,0x55,
    0x45,0x05,0x95,0x03,0x00,0x05,0x5d,0x51,0x95,0x75,0x45,0x58,0x65,0x56,0x59,0x5d,
    0x59,0x5d,0x95,0x47,0x47,0x50,0x6d,0x95,0x05,0x54,0x51,0x45,0x51,0x45,0x11,0x55,
    0x54,0x40,0xcc,0x33,0x31,0x23,0x10,0x03,0x33,0x05,0x55,0xd9,0xd9,0x50,0x02,0x55,
    0x55,0x75,0x55,0x15,0x55,0x01,0x55,0x5c,0x04,0x01,0x33,0x08,0x84,0xc8,0x48,0x4c,
    0x55,0x52,0x6e,0x4a,0xd9,0x80,0x16,0x9b,0x66,0x60,0x03,0x4d,0x33,0x33,0x30,0x1c,
    0xc4,0xc3,0x13,0x4f,0x00,0x00,0x01,0x55,0x9d,0x65,0x75,0x5d,0x55,0x55,0xdd,0xd1,
    0x45,0x9d,0x67,0x59,0x17,0x5d,0xc7,0x77,0x77,0x77,0x55,0x95,0x50,0x15,0x55,0x55,
    0x56,0x66,0x99,0x05,0x55,0x75,0x59,0x45,0x50,0x06,0x05,0x55,0x55,0x55,0x55,0x51,
    0x57,0x55,0x59,0x75,0x57,0x55,0x05,0x95,0x50,0x15,0x75,0x56,0x75,0xd9,0x40,0x00,
    0x00,0x01,0x55,0x00,0x00,0x00,0x5d,0x9d,0x65,0xd6,0x50,0x00,0x0c,0x00,0x00,0x00,
    0x00,0x01,0x55,0x56,0x45,0x5d,0x51,0xd1,0x9d,0x0a,0x6a,0x9d,0xa4,0x05,0x95,0x55,
    0x65,0x96,0x55,0x55,0x5d,0x55,0x55,0x50,0x00,0x55,0x55,0x54,0x51,0x55,0x14,0x51,
    0x55,0x05,0x59,0x40,0x20,0x15,0x96,0x55,0x77,0x56,0x56,0x55,0x5d,0x95,0x95,0xd5,
    0x54,0x55,0x74,0x55,0x16,0x70,0x51,0x1c,0x05,0x45,0x55,0x55,0x15,0x55,0x55,0x14,
    0x55,0x40,0x44,0x44,0x48,0xc4,0xc0,0x01,0x31,0x01,0x5d,0x55,0x54,0x54,0x45,0x5d,
    0xd9,0x57,0x5d,0x57,0x54,0x05,0x55,0x55,0x05,0x00,0xc8,0x4c,0xcc,0x8c,0xc4,0xc4,
    0x55,0x56,0x99,0xd9,0x91,0x92,0x6d,0x86,0x79,0xd8,0x03,0x30,0xc8,0xd3,0x00,0xcc,
    0xcc,0x70,0x4c,0xc4,0x15,0x55,0x55,0x65,0x55,0x17,0x57,0x55,0x17,0x5d,0x55,0x55,
    0x97,0x55,0x75,0x75,0x75,0xd7,0x77,0x17,0x51,0x5d,0x47,0x76,0x54,0x05,0x55,0x55,
    0x55,0x24,0x69,0x0d,0x67,0x55,0x95,0x56,0x50,0x04,0x05,0x65,0xd5,0x95,0x67,0x55,
    0x65,0x56,0x55,0x56,0x55,0x55,0x45,0x55,0x40,0x59,0x59,0xd5,0x57,0x54,0x50,0x00,
    0x00,0x01,0x55,0x00,0x00,0x00,0x55,0xd5,0x17,0x51,0x50,0x00,0xc0,0x00,0x00,0x00,
    0x00,0x05,0x9d,0xd4,0x56,0x56,0x55,0x55,0x55,0x06,0x99,0xea,0x60,0x01,0x59,0xd5,
    0x55,0x55,0x55,0x99,0xd5,0x59,0x59,0x50,0x00,0x51,0x45,0x15,0x55,0x45,0x55,0x55,
    0x54,0x16,0x55,0x50,0x00,0x55,0x75,0xd9,0x55,0x65,0xd5,0xd6,0x55,0x45,0xd6,0x59,
    0x95,0x9d,0x55,0x66,0x74,0x50,0xd6,0x74,0x15,0x55,0x14,0x51,0x54,0x51,0x45,0x55,
    0x45,0x50,0x23,0x33,0x31,0x33,0x10,0x33,0x10,0xc3,0x55,0x9d,0x75,0x55,0x13,0x15,
    0x57,0x75,0x55,0x95,0x64,0x16,0x76,0x55,0x45,0x40,0x10,0xc8,0x48,0x44,0x4c,0x8c,
    0x55,0x5b,0x78,0x6d,0x26,0x71,0x99,0x9b,0x61,0xa5,0x41,0x38,0xd3,0x31,0xc0,0x13,
    0x4f,0x32,0x3c,0xb0,0x55,0x95,0x5c,0x5d,0xd5,0x55,0x45,0x45,0x55,0x55,0x14,0x59,
    0x55,0x77,0x54,0x57,0x5d,0x44,0xd7,0x75,0xd7,0x74,0x59,0x54,0x75,0x41,0x55,0x55,
    0x55,0x99,0x91,0x85,0x55,0x55,0x51,0x65,0x50,0x24,0x15,0x55,0x55,0x59,0x55,0x56,
    0x55,0x65,0x45,0x65,0x45,0x45,0x05,0x75,0x01,0x57,0x75,0x67,0x75,0x95,0x40,0x00,
    0x00,0x01,0x55,0x00,0x00,0x00,0x65,0x59,0x55,0x65,0xd0,0x00,0x00,0x30,0x00,0x30,
    0x30,0x05,0x55,0x65,0x65,0xd5,0xd9,0x9d,0x9d,0x0a,0xba,0x9a,0x90,0x05,0x55,0x56,
    0x5d,0x9d,0x75,0x55,0x55,0x95,0xd5,0x50,0x00,0x15,0x55,0x54,0x51,0x55,0x14,0x55,
    0x54,0x15,0xdd,0x95,0x05,0x67,0x55,0x57,0x66,0x51,0x59,0x65,0xd7,0x41,0x5d,0x55,
    0xdd,0x56,0x46,0x57,0x51,0x90,0x6d,0xd4,0x05,0x15,0x55,0x55,0x45,0x55,0x55,0x14,
    0x54,0x50,0x04,0x84,0x83,0x11,0x0c,0x44,0xc2,0x00,0x59,0x55,0x55,0xdc,0x00,0x01,
    0x55,0x55,0xd9,0x75,0xd0,0x15,0x55,0xdd,0x55,0x50,0x0e,0x33,0x0c,0xcc,0xe1,0x21,
    0x55,0x56,0x99,0xa6,0x6e,0x66,0x78,0x76,0x9a,0x46,0x0c,0xcd,0x33,0x4c,0xc1,0x3c,
    0xf1,0x23,0xc4,0xc0,0x5d,0x57,0x01,0x55,0x51,0x9d,0x56,0x56,0x77,0x45,0x55,0x57,
    0x75,0x55,0x45,0x75,0x14,0x5d,0x77,0x5d,0x1d,0x95,0xdd,0x15,0x55,0x50,0x15,0x55,
    0x55,0xb6,0xd9,0x01,0x65,0x99,0x15,0x57,0x50,0x00,0x55,0x9d,0x51,0x55,0x15,0x95,
    0x55,0x54,0x55,0x54,0x55,0x55,0x65,0x54,0x05,0x9d,0x57,0x5d,0x59,0x47,0x40,0x00,
    0x00,0x00,0x54,0x00,0x00,0x00,0x59,0xd5,0xdd,0x95,0x54,0x0c,0x01,0x00,0x30,0x00,
    0x00,0x16,0x76,0x5d,0x5d,0x67,0x57,0x55,0x55,0x06,0x66,0x69,0x24,0x05,0x9d,0x65,
    0x55,0x55,0x56,0x5d,0x59,0x5d,0x54,0x50,0x00,0x54,0x51,0x45,0x55,0x45,0x55,0x55,
    0x54,0x16,0x55,0x55,0x55,0x75,0x66,0x45,0x51,0x55,0x97,0x5d,0x59,0x49,0x55,0x9d,
    0x56,0x75,0x55,0xd4,0x76,0x70,0x51,0x50,0x15,0x51,0x45,0x14,0x55,0x14,0x51,0x55,
    0x55,0x54,0x0c,0xc3,0x11,0x0c,0x84,0xcc,0x8c,0x40,0x55,0xd7,0x51,0x40,0x04,0x00,
    0x17,0x51,0x54,0x55,0x50,0x57,0x5d,0x55,0x97,0x54,0x03,0x10,0x4c,0x4c,0x8c,0xc4,
    0x55,0x5d,0x27,0x92,0x99,0xdb,0x66,0xa4,0x57,0x67,0x0e,0x13,0x3c,0xc8,0x0c,0x31,
    0x23,0x34,0xcc,0x41,0x55,0x70,0x15,0x9d,0x55,0x55,0xd5,0x75,0x55,0x56,0x76,0x75,
    0x54,0x74,0x56,0x51,0x65,0xdf,0x74,0xdd,0x75,0x1d,0x55,0x77,0x5d,0x94,0x15,0x55,
    0x55,0x64,0x66,0xc5,0x54,0x55,0x56,0x75,0x50,0x00,0x55,0x55,0x55,0x45,0x55,0x45,
    0x74,0x55,0x57,0x55,0x56,0x56,0x55,0x94,0x15,0x55,0x9d,0x56,0x75,0xd5,0x70,0x00,
    0x00,0x00,0x00,0x00,0x00,0x00,0x55,0x64,0x55,0x77,0x64,0x00,0x10,0x01,0x00,0x01,
    0x00,0x17,0x55,0xd5,0xd5,0x55,0x45,0x76,0x45,0x0a,0x9a,0x26,0x90,0x0d,0x55,0x57,
    0x59,0x56,0x55,0x55,0x55,0xd5,0x55,0x50,0x00,0x55,0x55,0x55,0x14,0x55,0x15,0x55,
    0x50,0x55,0x66,0x76,0x59,0x56,0x54,0x56,0x55,0xd9,0x75,0x55,0x95,0x41,0x67,0x55,
    0x95,0x59,0xd9,0x59,0xd4,0x50,0xd7,0x90,0x15,0x15,0x55,0x55,0x51,0x55,0x55,0x45,
    0x14,0x54,0x01,0x12,0x33,0x88,0xcc,0x88,0x10,0xc0,0x55,0x55,0x15,0x41,0x55,0x50,
    0x05,0x55,0x95,0x5d,0x50,0x55,0x55,0x51,0x55,0x55,0x01,0x0c,0xc8,0xc8,0x12,0x13,
    0x55,0x5a,0x69,0xa6,0xde,0xa6,0x9d,0x99,0x56,0x98,0x13,0x33,0x12,0x31,0x04,0x1c,
    0xcd,0x33,0x13,0x01,0x64,0x01,0x55,0x55,0x1d,0xdd,0x5d,0x57,0x51,0x65,0x55,0x54,
    0x55,0x55,0x67,0x56,0x77,0x61,0x65,0xd7,0x67,0x5d,0x1d,0xd5,0x75,0x55,0x0d,0x55,
    0x55,0xe6,0x79,0x05,0x95,0x5d,0x55,0x55,0x50,0x01,0x59,0x55,0x16,0x55,0x5d,0x55,
    0x55,0x55,0x65,0x5d,0x55,0x75,0x5d,0x50,0x59,0xdd,0x75,0xd1,0x51,0x59,0x50,0x00,
    0x00,0x00,0x00,0x00,0x00,0x00,0x67,0x55,0x67,0x55,0x57,0x00,0x00,0x00,0x01,0x00,
    0x00,0x55,0x75,0x59,0x59,0xd1,0x56,0x55,0x56,0x36,0x61,0xaa,0x68,0x05,0x56,0x55,
    0x55,0x15,0x67,0x56,0x75,0x55,0x99,0x50,0x00,0x45,0x14,0x51,0x55,0x51,0x55,0x55,
    0x50,0x59,0x15,0x55,0x75,0xd5,0x15,0x65,0xd9,0x57,0x55,0x91,0x45,0x41,0x55,0x64,
    0x51,0x95,0x57,0x57,0x45,0xd0,0x6d,0x70,0x51,0x54,0x51,0x45,0x15,0x45,0x14,0x55,
    0x55,0x45,0x40,0xcc,0x48,0x31,0x12,0x13,0x0c,0x8c,0x17,0x45,0x55,0x01,0x55,0x55,
    0x00,0x59,0x75,0xd5,0x60,0x55,0x64,0x55,0xdd,0x95,0x40,0xe2,0x31,0x31,0x31,0x32,
    0x55,0x57,0x92,0x79,0xa6,0x47,0x4a,0x79,0x59,0x14,0x33,0x4c,0xcc,0x4f,0x0c,0x33,
    0x8c,0xc4,0xcc,0x05,0x50,0x15,0x59,0xd1,0x55,0x55,0x55,0x15,0x55,0x5d,0x75,0x15,
    0x76,0x76,0x5d,0x77,0x5d,0x77,0x77,0x74,0x74,0x75,0x96,0x51,0x54,0x75,0x41,0x55,
    0x55,0x92,0x65,0x81,0x5d,0x55,0x99,0x59,0x60,0x05,0x55,0xd5,0x55,0x56,0x55,0x56,
    0x55,0x9d,0x55,0x55,0x67,0x55,0x55,0x40,0x57,0x56,0x56,0x56,0x56,0x75,0x80,0x00,
    0x00,0x00,0x00,0x00,0x00,0x00,0x55,0xdd,0x75,0x91,0xd5,0x03,0x03,0x0c,0x30,0x00,
    0x01,0x67,0x59,0x17,0x5d,0x56,0x65,0xd1,0xd4,0x1a,0xaa,0x66,0x90,0x01,0x65,0x45,
    0x9d,0x59,0x55,0x65,0x55,0x65,0x55,0x50,0x00,0x55,0x55,0x55,0x45,0x15,0x55,0x55,
    0x50,0x55,0x5d,0xd9,0x56,0x51,0x59,0x5d,0x57,0x65,0x64,0x55,0x57,0x51,0x76,0x55,
    0x65,0x46,0x45,0x95,0x19,0x10,0x51,0x40,0x55,0x45,0x55,0x55,0x54,0x55,0x55,0x51,
    0x45,0x55,0x40,0x21,0x31,0x13,0x0c,0xc1,0x31,0x30,0x15,0x55,0x94,0x05,0x67,0x55,
    0x40,0x57,0x55,0x57,0x51,0x5d,0x15,0x75,0x55,0x75,0x02,0x0c,0x4c,0x23,0x33,0x23,
    0x55,0x69,0x27,0x92,0x74,0x69,0xa7,0x95,0x5e,0x60,0xc4,0xcd,0x34,0xf0,0x30,0x23,
    0x13,0x4c,0x70,0x15,0x01,0x55,0x95,0x55,0x65,0xd4,0x65,0x5d,0x19,0xd5,0x51,0x5d,
    0x57,0x55,0xd5,0x15,0xd4,0x5d,0xdd,0x45,0xd5,0xd7,0x75,0x16,0x75,0x55,0x50,0x55,
    0x55,0xe6,0x79,0x05,0x55,0x95,0x57,0x55,0x50,0x05,0x65,0x56,0x55,0x75,0x56,0x55,
    0x15,0x55,0x45,0x16,0x55,0x54,0x55,0x41,0x65,0x67,0x75,0x17,0x75,0xd7,0x50,0x00,
    0x00,0x00,0x00,0x00,0x00,0x00,0x5d,0x56,0x55,0x15,0x65,0x70,0x10,0x10,0x00,0xcc,
    0x0d,0x75,0x65,0x65,0x65,0x97,0x5d,0x55,0x54,0x26,0x66,0xa9,0x28,0x05,0x57,0x55,
    0x55,0x55,0xd5,0x54,0x59,0x54,0x5d,0x50,0x00,0x44,0x51,0x45,0x55,0x55,0x15,0x55,
    0x50,0x67,0x55,0x57,0x65,0x65,0x97,0x55,0x95,0x51,0x55,0x67,0x65,0x50,0x55,0x19,
    0x57,0x55,0x59,0x76,0x74,0x50,0xd7,0x40,0x54,0x55,0x14,0x51,0x45,0x51,0x45,0x15,
    0x54,0x51,0x54,0x00,0xc4,0xcc,0x84,0x13,0x20,0xc4,0x05,0x5d,0x54,0x15,0x55,0x67,
    0x50,0x55,0x5d,0x75,0x54,0x00,0x01,0x56,0x5d,0x54,0x0c,0xd3,0x08,0xcc,0x84,0x4c,
    0x55,0x5e,0x69,0xa6,0xda,0x9e,0x76,0x45,0x64,0x50,0xcc,0xcc,0xcc,0xc7,0x1c,0xc4,
    0xcc,0xcf,0x01,0x50,0x15,0x65,0xdd,0x17,0x5d,0x55,0x51,0xd5,0x55,0x51,0xd5,0x55,
    0x95,0x45,0x51,0x5d,0x45,0xd5,0x47,0x5d,0x9d,0x75,0x17,0x57,0x56,0x5d,0x54,0x15,
    0x56,0x67,0x66,0x0d,0x65,0x5d,0x95,0x64,0x50,0x15,0x55,0x65,0x76,0x55,0x75,0x45,
    0x57,0x54,0x55,0x55,0x45,0x55,0x65,0x0d,0x5d,0x75,0x57,0x5d,0x5d,0x59,0x50,0x0c,
    0x0c,0x00,0x00,0x00,0x00,0x01,0x56,0x65,0xdd,0x59,0xdd,0x50,0x00,0x03,0x10,0x00,
    0x15,0x97,0x5d,0x5d,0x51,0x75,0x55,0x99,0x94,0x1a,0x69,0x9e,0x90,0x05,0x75,0x59,
    0x59,0x65,0x59,0x15,0x55,0xd5,0x55,0x90,0x00,0x55,0x55,0x54,0x51,0x45,0x55,0x51,
    0x50,0x55,0x99,0x95,0x51,0x55,0x75,0x9d,0x46,0x56,0x76,0x55,0x5d,0x90,0x59,0x57,
    0x75,0x99,0xd5,0x54,0x59,0x90,0x6d,0x81,0x45,0x51,0x55,0x55,0x55,0x15,0x55,0x54,
    0x55,0x55,0x55,0x00,0x23,0x21,0x33,0x30,0xcc,0x40,0x01,0x55,0xd0,0x16,0x75,0x55,
    0x55,0x75,0xd5,0x55,0x94,0x00,0x00,0x15,0xd5,0x54,0x08,0x0c,0x8c,0x48,0x33,0x34,
    0x55,0x79,0xb7,0x79,0xa7,0x66,0x1a,0x95,0x5d,0xa0,0x4c,0x48,0x4c,0x4c,0xc1,0x3c,
    0xd3,0x10,0x05,0x01,0x59,0x5d,0x55,0x55,0x55,0x19,0xd5,0x56,0x77,0x55,0x56,0x75,
    0xd1,0x59,0x15,0x96,0x5d,0x74,0x55,0xd9,0xd1,0xd1,0x5d,0x75,0x45,0xd5,0x94,0x15,
    0x56,0x46,0x91,0x45,0x57,0x55,0x51,0x55,0x50,0x16,0x5d,0x54,0x55,0x57,0x55,0x55,
    0x65,0x55,0x55,0x95,0x55,0x96,0x55,0x05,0xd6,0x57,0x45,0x65,0xd6,0x75,0xd4,0x00,
    0x00,0x00,0x00,0x00,0x00,0x01,0x9d,0x51,0x56,0x75,0x57,0x55,0x03,0x30,0x01,0x01,
    0x59,0x75,0x94,0x55,0xd5,0x56,0x75,0x75,0x5c,0x19,0x00,0x69,0xa4,0x01,0x55,0x55,
    0xd5,0x55,0x95,0x55,0x95,0x56,0x59,0x50,0x00,0x91,0x45,0x15,0x55,0x55,0x55,0x55,
    0x40,0x59,0x75,0x19,0x15,0xdb,0x55,0x56,0x55,0xd5,0x55,0xdd,0x95,0x58,0x15,0xd5,
    0x59,0x55,0x67,0x65,0xd1,0xd0,0xd5,0x01,0x55,0x15,0x45,0x14,0x51,0x54,0x51,0x45,
    0x45,0x14,0x51,0x50,0x00,0x40,0xc8,0x4c,0x44,0x32,0x00,0xd5,0x54,0x55,0x57,0x75,
    0xd5,0x55,0x54,0x59,0x40,0x00,0x00,0x05,0x54,0x50,0x31,0xc4,0xc4,0xc1,0x31,0x23,
    0x55,0xa4,0x6a,0x98,0x79,0x89,0xa4,0x55,0x9a,0x43,0x38,0xf3,0xc4,0xcd,0x33,0xc4,
    0xcd,0x00,0x54,0x05,0x97,0x55,0x45,0xd9,0xd1,0x55,0x57,0x5d,0x55,0x75,0x75,0x55,
    0x55,0xd5,0x5d,0x74,0x56,0x67,0x7b,0x47,0x57,0x56,0x75,0x57,0x55,0x51,0x75,0x05,
    0x57,0x69,0x19,0x01,0x75,0x65,0x15,0x75,0x60,0x55,0x55,0x45,0x55,0x45,0x54,0x56,
    0x55,0x15,0x95,0x5d,0x59,0x51,0x54,0x05,0x5d,0x75,0x59,0xd7,0x5d,0x51,0x54,0x00,
    0x40,0x40,0x00,0x00,0x00,0x01,0x55,0xd5,0xd7,0x57,0x75,0x9d,0x70,0x00,0x00,0x24,
    0x5d,0x57,0x5d,0xed,0x59,0xd9,0x59,0x54,0x50,0x6a,0x04,0xda,0x60,0x05,0x65,0x95,
    0x56,0x75,0x55,0x65,0x5d,0x65,0x55,0x50,0x00,0x55,0x55,0x54,0x51,0x55,0x55,0x54,
    0x50,0x57,0x55,0x55,0x65,0x55,0x67,0x65,0x75,0x67,0x67,0x55,0x76,0x54,0x16,0x59,
    0x95,0xdd,0x55,0x5d,0x17,0x50,0x50,0x05,0x45,0x54,0x55,0x55,0x55,0x45,0x55,0x55,
    0x55,0x55,0x55,0x54,0x00,0x0d,0x00,0x32,0x03,0x23,0x30,0x05,0x50,0x5d,0x75,0x55,
    0x56,0x56,0x75,0x55,0x40,0x00,0x00,0x0d,0x55,0x40,0xcc,0x33,0x20,0xcc,0xc8,0xc4,
    0x56,0x79,0xa4,0x66,0x98,0x67,0x79,0x95,0x76,0x43,0x33,0x13,0x33,0xc8,0xd1,0x33,
    0x10,0x0d,0x40,0x55,0x75,0x47,0x55,0x55,0x55,0x75,0x15,0x55,0x17,0x54,0x54,0x74,
    0x5d,0x5d,0xd6,0x55,0xdd,0xd5,0xd5,0x5d,0x1d,0x77,0x54,0x75,0x67,0x55,0x55,0x41,
    0x59,0x9d,0x99,0xc5,0x55,0x55,0x56,0x56,0x50,0x57,0x54,0x55,0x59,0x55,0x55,0x65,
    0x51,0x59,0x5d,0x55,0x95,0x15,0x54,0x16,0x57,0x59,0xd7,0x5d,0x64,0x75,0xd9,0x00,
    0x00,0x00,0x00,0x00,0x00,0x05,0x75,0x5d,0x65,0x75,0x94,0x56,0x55,0xd1,0x11,0x55,
    0x97,0x75,0x14,0x51,0x1d,0x54,0x74,0x76,0x70,0x64,0x14,0x29,0x98,0x09,0x55,0x5d,
    0x65,0x55,0xd7,0x57,0x55,0x55,0xd7,0x50,0x00,0x11,0x45,0x15,0x55,0x55,0x55,0x15,
    0x50,0x55,0x67,0x67,0x56,0x76,0x55,0x51,0x59,0xd5,0x45,0x64,0x55,0x17,0x05,0x75,
    0x75,0x56,0x46,0x45,0x91,0x80,0x60,0x05,0x55,0x15,0x51,0x45,0x14,0x55,0x14,0x51,
    0x45,0x14,0x55,0x55,0x40,0x00,0x1f,0x20,0xc8,0xc1,0x04,0x00,0x50,0x55,0x55,0x65,
    0x00,0x05,0x55,0x9d,0x00,0x00,0x00,0x01,0x75,0x40,0x84,0x88,0x32,0x12,0x10,0x8c,
    0x67,0x9b,0x79,0xb9,0xe6,0xba,0x99,0x55,0xa1,0x01,0x11,0x31,0x38,0x4c,0x0c,0x00,
    0x00,0x55,0x01,0x59,0xd4,0x55,0x5d,0x91,0xd7,0x55,0x5d,0x91,0x55,0x55,0x65,0x55,
    0x95,0x95,0x5d,0x45,0x65,0x47,0x51,0xd5,0x75,0x15,0xd9,0x59,0x15,0x75,0xd5,0x41,
    0x5d,0x1a,0x76,0x09,0x59,0x16,0x65,0x55,0x41,0x55,0x55,0x55,0x95,0x56,0x59,0x55,
    0xd5,0x55,0x55,0x95,0x51,0x55,0x94,0x15,0xd9,0x45,0x75,0x96,0x45,0x59,0x75,0xc0,
    0x00,0x00,0x00,0x00,0x00,0x05,0x97,0x65,0x9d,0x59,0x45,0xdd,0xd9,0x56,0x59,0xdd,
    0xd5,0x59,0x76,0x75,0x91,0x27,0x57,0x44,0x41,0x85,0x14,0x19,0xa0,0x05,0x59,0xd5,
    0x54,0x59,0x55,0x55,0x59,0x9d,0x55,0x50,0x00,0x55,0x55,0x54,0x55,0x55,0x55,0x55,
    0x40,0x59,0x15,0x55,0x9d,0x55,0xd9,0x15,0x95,0x51,0x56,0x55,0x65,0x55,0x01,0x57,
    0x59,0x94,0x57,0x56,0x17,0x50,0x00,0x15,0x15,0x54,0x55,0x55,0x55,0x51,0x55,0x55,
    0x55,0x55,0x55,0x55,0x54,0x00,0x01,0x04,0xcc,0x4c,0xc0,0x00,0x10,0x59,0xd7,0x50,
    0x00,0x00,0x55,0xd5,0x00,0x00,0x00,0x00,0x55,0x03,0x0c,0x31,0x13,0x33,0x0c,0xc4,
    0x9d,0x86,0x9b,0x61,0x91,0x96,0x49,0x55,0xd6,0x4c,0xcf,0x3c,0xcc,0xcc,0x00,0x04,
    0x55,0x50,0x15,0x65,0x55,0x75,0xd5,0x55,0x55,0x67,0x55,0x55,0x75,0x19,0x5d,0x75,
    0x75,0x14,0x54,0x5d,0xd1,0xd5,0x17,0x6d,0xd6,0x5d,0x51,0xd5,0x5d,0x56,0x51,0x50,
    0x66,0x99,0x19,0x81,0x55,0x55,0x57,0x5d,0x41,0x59,0x65,0x65,0x54,0x55,0x45,0x5d,
    0x55,0x57,0x55,0x45,0x15,0x55,0x50,0x5d,0x57,0x57,0x59,0x1d,0x5d,0xdd,0xd6,0x40,
    0xc0,0x03,0x00,0x00,0x00,0x15,0x75,0x5d,0x54,0x74,0x5d,0x55,0x77,0x75,0xdd,0x75,
    0x77,0x47,0x47,0x47,0x75,0x75,0x11,0x65,0x40,0x00,0x15,0x00,0x98,0x01,0x55,0x56,
    0x55,0x55,0x65,0x96,0x55,0x55,0x65,0x50,0x00,0x51,0x45,0x15,0x45,0x55,0x55,0x14,
    0x50,0x55,0x59,0x9d,0x55,0x9d,0x55,0x59,0x74,0x56,0x65,0x46,0x5d,0x99,0x40,0x95,
    0x55,0x15,0x65,0x65,0x76,0x70,0x01,0x55,0x51,0x45,0x51,0x45,0x14,0x55,0x45,0x14,
    0x51,0x45,0x55,0x55,0x55,0x40,0x00,0x33,0x44,0x31,0x20,0x50,0x00,0x55,0x55,0x40,
    0x00,0x00,0x15,0x55,0x00,0x00,0x00,0x00,0x55,0x01,0x23,0x43,0x30,0x48,0xe1,0x33,
    0xba,0x69,0x26,0x9a,0xea,0x7b,0x67,0x55,0x99,0x03,0xcc,0xc4,0xd3,0x10,0x55,0x55,
    0x59,0x40,0x56,0x5d,0xdd,0x59,0x59,0x1d,0x76,0x55,0x74,0x75,0x95,0x57,0x55,0x57,
    0x55,0x55,0x95,0x65,0x55,0x5d,0x65,0x54,0x5d,0xd6,0x15,0x51,0xd5,0x15,0x15,0x90,
    0x66,0x76,0x99,0x05,0x65,0x99,0xd5,0x55,0x05,0x55,0x57,0x55,0xd5,0x65,0x55,0x95,
    0x56,0x75,0x51,0x55,0x55,0x67,0x50,0x65,0xdd,0x75,0x1d,0x54,0x75,0x95,0x67,0x54,
    0x01,0x00,0x04,0x00,0x01,0x59,0x56,0x45,0xd5,0x55,0xd6,0x7b,0x55,0x19,0xd7,0x5d,
    0x59,0x5d,0x91,0x59,0x18,0x51,0x99,0x1d,0x01,0x44,0x14,0x10,0x60,0x05,0x75,0x65,
    0x45,0x97,0x55,0x55,0x75,0x56,0x56,0x50,0x00,0x15,0x55,0x54,0x55,0x55,0x45,0x55,
    0x50,0x59,0x97,0x55,0x19,0x55,0x91,0x97,0x55,0x95,0x5d,0x55,0xd5,0x55,0x50,0x06,
    0x65,0x59,0x5d,0x5d,0x1d,0x10,0x05,0x51,0x55,0x55,0x15,0x55,0x55,0x51,0x55,0x55,
    0x55,0x55,0x55,0x55,0x45,0x55,0x00,0x00,0x03,0x10,0x00,0xd5,0x01,0x5d,0x75,0x00,
    0x00,0x00,0x05,0xd4,0x00,0x00,0x00,0x00,0x56,0x03,0x04,0x32,0x08,0xc3,0x0c,0xc8,
    0x66,0xdb,0x6d,0x27,0x5b,0x66,0xb5,0x57,0x4b,0x0d,0x21,0x33,0x0c,0xc0,0x55,0x67,
    0x57,0x05,0x65,0xd5,0x56,0x57,0x51,0x55,0x54,0x74,0x55,0x57,0x5d,0x9d,0x47,0x65,
    0x46,0x77,0x77,0x5d,0xdd,0xd6,0x77,0x45,0x65,0x45,0x5d,0x75,0x55,0x65,0x55,0x54,
    0x19,0xd9,0xd9,0x0d,0x51,0x55,0x56,0x65,0x05,0x97,0x55,0x55,0x55,0x57,0x55,0x55,
    0x15,0x55,0x55,0x59,0x59,0x55,0x50,0x5d,0x56,0x5d,0x65,0xdd,0x5d,0xdd,0xd1,0x67,
    0x00,0x00,0x40,0x00,0x01,0x57,0x75,0x56,0x5d,0xdd,0x67,0x55,0x1d,0x5d,0x75,0xd7,
    0x77,0x44,0x77,0x41,0x75,0xd9,0x1d,0xd4,0x01,0x55,0x14,0x14,0x94,0x0d,0x56,0x54,
    0x55,0x55,0x59,0x75,0x56,0x45,0x45,0x50,0x00,0x54,0x51,0x45,0x55,0x55,0x55,0x14,
    0x50,0x15,0xd5,0x46,0x57,0x75,0x55,0x75,0x65,0x76,0x75,0x9d,0x59,0xdd,0x94,0x01,
    0x51,0x97,0x56,0x56,0x51,0x50,0x55,0x15,0x14,0x51,0x54,0x51,0x45,0x15,0x45,0x14,
    0x51,0x55,0x55,0x54,0x55,0x15,0x50,0x00,0x0c,0x8c,0xb0,0x59,0x40,0x55,0x55,0x00,
    0x00,0x00,0x05,0x55,0x00,0x05,0x00,0x00,0x54,0x08,0xcc,0xc8,0xcc,0x84,0x48,0x43,
    0x9d,0xa6,0x9a,0x69,0x86,0x89,0x19,0x56,0x94,0x20,0xcc,0xd3,0x87,0x11,0x67,0x55,
    0x50,0x16,0x5d,0x51,0xd4,0x75,0x55,0xd7,0x45,0x55,0x59,0x75,0x55,0x15,0x55,0x51,
    0x55,0x55,0x55,0x75,0x56,0x45,0xd5,0xd7,0x51,0x57,0x55,0x95,0xd1,0x5d,0x77,0x54,
    0x1d,0xa1,0xa1,0x85,0x55,0x75,0x45,0x54,0x05,0x55,0x45,0x65,0x65,0xd5,0x59,0x15,
    0x55,0x56,0x59,0x55,0xd5,0xd5,0x50,0x56,0x75,0x16,0x77,0x59,0xd9,0x75,0x15,0xd5,
    0x40,0x00,0x00,0x00,0x15,0x95,0x59,0xdd,0x75,0x96,0x75,0xd1,0x76,0xd7,0x5d,0x65,
    0x94,0x59,0x51,0x40,0x51,0x47,0x74,0x50,0x05,0x54,0x14,0x54,0xd0,0x05,0x65,0x45,
    0x59,0x75,0x55,0x56,0x55,0x55,0x55,0x50,0x00,0x45,0x55,0x55,0x55,0x54,0x51,0x55,
    0x54,0x15,0x5d,0x55,0x75,0x59,0x19,0x56,0x5d,0x55,0x55,0xd5,0x95,0x55,0x55,0x05,
    0x95,0x75,0x95,0xd4,0x76,0x40,0x55,0x51,0x55,0x55,0x45,0x55,0x55,0x54,0x55,0x55,
    0x55,0x45,0x55,0x45,0x51,0x55,0x55,0x40,0x00,0x03,0x01,0x77,0x50,0x16,0x54,0x00,
    0x00,0x00,0x0d,0x54,0x00,0x05,0x40,0x00,0x54,0x0c,0x42,0x10,0x44,0xcc,0xc3,0x32,
    0xb6,0x1d,0x27,0x9e,0x69,0xd9,0xa5,0x55,0xe4,0x33,0x4d,0x33,0x33,0x80,0x55,0x75,
    0x80,0x57,0x57,0x55,0x45,0x54,0x75,0x59,0x55,0x75,0xd7,0x54,0x51,0x57,0x67,0x55,
    0x57,0x59,0x56,0x55,0x91,0x5d,0x51,0x59,0xd5,0xd9,0x77,0x5d,0x56,0x55,0x55,0x75,
    0x06,0x59,0x96,0x01,0x65,0x56,0x55,0x45,0x15,0x75,0x55,0x51,0x55,0x55,0x95,0x56,
    0x59,0x15,0x15,0xd5,0x55,0x57,0x41,0x67,0x51,0x67,0x55,0x1d,0x74,0x51,0x6d,0x77,
    0x54,0x00,0x00,0x01,0x55,0x77,0x5d,0x55,0xd6,0x75,0xd7,0x57,0x5d,0x75,0xd4,0x74,
    0x75,0xdd,0x16,0x00,0x27,0x64,0x55,0x80,0x41,0x54,0x00,0x14,0x98,0x01,0x55,0x55,
    0x55,0x56,0x5d,0x65,0x75,0x96,0x59,0x50,0x00,0x55,0x14,0x55,0x55,0x55,0x55,0x45,
    0x14,0x06,0x56,0x67,0x56,0x55,0x57,0x65,0xd5,0x9d,0xd9,0x59,0x51,0x91,0x99,0x05,
    0x5d,0x55,0x75,0x65,0xd1,0xd0,0x51,0x55,0x45,0x14,0x55,0x14,0x51,0x45,0x51,0x45,
    0x14,0x55,0x55,0x55,0x15,0x44,0x55,0x55,0x00,0x00,0x00,0x55,0xd4,0x35,0x50,0x00,
    0x04,0x00,0x01,0x65,0x00,0x01,0x00,0x00,0x94,0x04,0x33,0x0c,0xcc,0xc8,0x23,0x20,
    0x69,0xaa,0x69,0x26,0xde,0x6d,0xb5,0x5b,0x64,0x13,0x33,0x31,0x30,0x01,0x77,0x55,
    0x05,0x75,0xd5,0x1d,0x56,0x75,0x59,0xd5,0xd9,0x55,0x55,0x45,0x65,0x75,0x55,0x51,
    0x00,0x00,0x00,0x04,0x55,0x56,0x75,0x9d,0x5d,0x57,0x55,0x55,0x95,0xd1,0xd6,0x55,
    0x06,0xdb,0x49,0x45,0x57,0x55,0x59,0x54,0x15,0x55,0x96,0x55,0x75,0x45,0x51,0x55,
    0x55,0x55,0x55,0x51,0x59,0x45,0x52,0x75,0x56,0x75,0x1d,0x77,0x5d,0xd6,0xd7,0x59,
    0x65,0x58,0x41,0x15,0x67,0x55,0x95,0x9d,0x51,0x51,0x5d,0x76,0xd7,0x1d,0x4d,0x5d,
    0x47,0x47,0x74,0x06,0x05,0x45,0xd1,0x01,0x81,0x55,0x00,0x54,0x90,0x05,0x59,0x59,
    0x96,0x55,0x55,0x54,0x55,0x55,0x55,0x50,0x00,0x15,0x55,0x55,0x55,0x54,0x54,0x55,
    0x55,0x05,0x75,0x55,0x95,0x19,0xd5,0x5d,0x59,0x55,0x54,0x57,0x55,0x55,0x75,0x06,
    0x56,0x67,0x59,0x17,0x59,0x40,0x55,0x14,0x55,0x55,0x51,0x55,0x55,0x55,0x15,0x55,
    0x55,0x55,0x54,0x55,0x54,0x55,0x44,0x55,0x54,0x40,0x00,0x51,0x44,0x05,0xd4,0x00,
    0x05,0x40,0x01,0x55,0x00,0x00,0x00,0x00,0x50,0x33,0x21,0x32,0x32,0x13,0x34,0x13,
    0x92,0x76,0xde,0x6d,0xa6,0x1a,0x65,0x56,0x60,0x33,0x13,0x10,0x00,0x31,0x55,0x50,
    0x17,0x59,0x45,0x65,0xdd,0x56,0x75,0x51,0x57,0x47,0x47,0x56,0x57,0x55,0x44,0x00,
    0x00,0x00,0x00,0x00,0x01,0xd5,0x57,0x55,0x15,0xd5,0x46,0x45,0x1d,0x55,0x51,0x5d,
    0x49,0x91,0x99,0x01,0x75,0x67,0x57,0x54,0x16,0x59,0x55,0x57,0x54,0x55,0x15,0x75,
    0x17,0x59,0x5d,0x55,0x94,0x55,0x41,0x57,0x77,0x5d,0x76,0x59,0x16,0x75,0x75,0xdd,
    0xd7,0x55,0x55,0x56,0x55,0x9d,0x75,0x16,0x65,0xd5,0xd4,0x5d,0x35,0xf7,0x77,0x97,
    0x74,0x64,0x50,0x19,0xc0,0xdd,0x40,0x06,0x45,0x55,0x55,0x54,0x50,0x01,0x57,0x55,
    0x55,0x75,0x96,0x45,0x59,0xd7,0x5d,0x50,0x00,0x51,0x45,0x55,0x55,0x45,0x45,0x51,
    0x45,0x01,0x56,0x45,0x75,0x55,0x66,0x55,0x45,0x19,0x95,0x95,0x67,0x67,0x54,0x05,
    0xd5,0x75,0x65,0x56,0x11,0x90,0x55,0x55,0x51,0x45,0x15,0x45,0x14,0x51,0x54,0x51,
    0x45,0x55,0x55,0x45,0x15,0x54,0x55,0x45,0x55,0x54,0x40,0x17,0x55,0x01,0x50,0x00,
    0x05,0x00,0x01,0x5d,0x40,0x00,0x00,0x00,0x54,0x23,0x13,0x23,0x10,0xc2,0x03,0x33,
    0xb6,0x91,0xa6,0x9a,0x19,0xa4,0x95,0x5d,0x14,0xc7,0x3d,0x00,0xc4,0x41,0x74,0x50,
    0x5d,0x74,0x5d,0xdd,0x65,0x1d,0x54,0x55,0xd5,0x55,0x55,0x65,0xd5,0x58,0x00,0x0c,
    0xd1,0xdf,0x4d,0x13,0x00,0x0d,0x75,0x45,0x5d,0x47,0x55,0x55,0x55,0x75,0xd5,0xd5,
    0x41,0x9a,0x66,0xc5,0x55,0x55,0x65,0x50,0x55,0x55,0x14,0x55,0x55,0x55,0x55,0x55,
    0x55,0x55,0xd5,0x65,0x55,0x56,0x41,0x75,0x55,0xd7,0x57,0x47,0x77,0x5f,0x5d,0x75,
    0x75,0x9d,0x9d,0x97,0x75,0x56,0x59,0x57,0x5d,0x67,0x65,0x97,0x77,0x75,0x2d,0x74,
    0x66,0x75,0x80,0x66,0x60,0x00,0x00,0x66,0x41,0x55,0x55,0x50,0x5c,0x05,0x65,0x5d,
    0x75,0x55,0x55,0x55,0x55,0x55,0x55,0x90,0x00,0x55,0x55,0x55,0x55,0x55,0x55,0x15,
    0x55,0x40,0x55,0xd6,0x55,0x85,0x95,0xd9,0x55,0x57,0x45,0x76,0x45,0x55,0x64,0x25,
    0x67,0x56,0x51,0x95,0x77,0x40,0x51,0x45,0x15,0x55,0x54,0x55,0x55,0x55,0x45,0x55,
    0x55,0x55,0x54,0x55,0x55,0x15,0x55,0x54,0x51,0x45,0x50,0x15,0xdd,0x01,0x50,0x00,
    0x00,0x00,0x05,0x55,0x40,0x00,0x00,0x01,0x50,0x31,0x0c,0xc4,0x32,0x33,0x4d,0x20,
    0x69,0xea,0x49,0xe7,0x6e,0x79,0xe5,0x59,0x90,0x33,0x10,0x0c,0x8c,0xc1,0x55,0x41,
    0x94,0x55,0x75,0x54,0x51,0x55,0x15,0x75,0x51,0x76,0x67,0x55,0x57,0x00,0x0c,0x71,
    0x33,0x01,0x33,0x3d,0x1c,0x00,0x15,0x5d,0xd5,0x55,0x67,0x77,0x5d,0x55,0x55,0x56,
    0x41,0x9d,0xdd,0x09,0x59,0x91,0x55,0x50,0x57,0x51,0x55,0x59,0x55,0x65,0x65,0x96,
    0x59,0x51,0x55,0x55,0x15,0x65,0x41,0x5d,0x1d,0x75,0x85,0xd5,0x65,0x15,0xdb,0x51,
    0xd7,0x57,0x55,0xd5,0x59,0xd7,0x57,0x75,0x55,0xd5,0x47,0x74,0xdd,0x1d,0x77,0x47,
    0x47,0x47,0x01,0xa9,0x96,0x00,0x19,0xa9,0x85,0x55,0x55,0x54,0xd0,0x09,0x55,0x95,
    0x56,0x59,0xd4,0x56,0x59,0x65,0x99,0x50,0x00,0x11,0x55,0x55,0x54,0x51,0x51,0x54,
    0x51,0x40,0x15,0x55,0x60,0x01,0x5d,0x54,0x67,0x65,0x56,0x55,0x56,0x76,0x50,0x15,
    0x55,0x65,0x15,0x74,0x65,0x60,0x55,0x55,0x54,0x51,0x45,0x51,0x45,0x14,0x55,0x14,
    0x55,0x55,0x45,0x51,0x45,0x54,0x51,0x45,0x55,0x55,0x54,0x0d,0x55,0x41,0x50,0x00,
    0x00,0x00,0x05,0xd6,0x50,0x00,0x00,0x01,0x50,0x10,0xc8,0x43,0x8c,0x44,0x30,0xce,
    0x9e,0x67,0x9b,0x46,0x98,0x66,0x45,0x52,0x60,0xd3,0x3c,0x33,0x33,0x01,0x94,0x05,
    0xd5,0x9d,0xd7,0x45,0x95,0xdd,0x67,0x59,0xd5,0x95,0x75,0x45,0x40,0x01,0x11,0x34,
    0xd1,0x1c,0xd1,0x10,0xc7,0x4c,0x01,0x95,0x59,0xd9,0x75,0x55,0x55,0x19,0x19,0x15,
    0x41,0x96,0x66,0x41,0x55,0x55,0x64,0x50,0x55,0x55,0x55,0x95,0x19,0x57,0x55,0x75,
    0x55,0x15,0x59,0x15,0x57,0x55,0x41,0xd6,0x59,0x14,0x5d,0x7d,0xd1,0xdd,0xd5,0x16,
    0x51,0x75,0x76,0x5d,0x97,0x59,0x45,0x59,0xd1,0x74,0x55,0xdd,0xd7,0x77,0x4d,0xdd,
    0xdd,0x14,0x19,0x9b,0xa9,0x59,0xa6,0x9a,0xc5,0x55,0x55,0x54,0x5c,0x05,0x75,0x56,
    0x55,0x55,0x55,0x65,0x55,0x54,0x55,0x50,0x00,0x55,0x15,0x55,0x45,0x55,0x15,0x55,
    0x55,0x54,0x00,0x80,0x00,0x01,0x55,0x15,0x55,0x5d,0x65,0xd9,0xd5,0x54,0x50,0x17,
    0x76,0x51,0x56,0x56,0x44,0x40,0x51,0x45,0x45,0x55,0x55,0x15,0x55,0x55,0x51,0x55,
    0x55,0x55,0x55,0x15,0x55,0x15,0x55,0x55,0x14,0x51,0x45,0x00,0x51,0x80,0x54,0x00,
    0x00,0x00,0x05,0x55,0x54,0x00,0x00,0x15,0x10,0x33,0x20,0x30,0xc4,0x33,0x22,0x10,
    0xa6,0x66,0x76,0x9a,0x46,0x9e,0x95,0x67,0x60,0xcc,0x4c,0x21,0x11,0xc1,0x54,0x19,
    0x47,0x75,0x64,0x59,0xdd,0x65,0xd5,0x75,0x59,0x74,0x54,0x54,0x00,0x73,0x33,0x10,
    0x4c,0xc4,0x33,0x34,0x40,0xd1,0x00,0x15,0xd5,0x57,0x54,0x51,0x91,0x55,0x55,0x5d,
    0x41,0x95,0x25,0x05,0x64,0x56,0x55,0x50,0x59,0x65,0x65,0x5d,0x55,0x75,0x5d,0x55,
    0x15,0x55,0x95,0x59,0x65,0x5d,0x51,0x65,0xd7,0x59,0xd7,0x1d,0x77,0x76,0x47,0x6d,
    0xd6,0x5d,0x95,0xd5,0x75,0x75,0x59,0xd5,0x65,0x95,0xdd,0x5f,0x46,0xd9,0xdd,0x19,
    0x14,0x70,0x1a,0xa6,0x66,0xaa,0x6a,0x69,0x81,0x51,0x41,0x50,0xd0,0x01,0x55,0xd5,
    0x67,0x5d,0x65,0x55,0xd7,0x55,0x55,0x50,0x00,0x45,0x55,0x55,0x55,0x45,0x54,0x51,
    0x45,0x15,0x00,0x00,0x00,0x50,0x75,0x66,0x76,0x56,0x5d,0x55,0x67,0x65,0x50,0x55,
    0x95,0x15,0x65,0xd7,0x5d,0x90,0x55,0x54,0x55,0x14,0x51,0x54,0x51,0x45,0x15,0x45,
    0x55,0x54,0x51,0x54,0x51,0x54,0x51,0x45,0x55,0x55,0x55,0x40,0x17,0x50,0x54,0x00,
    0x00,0x00,0x15,0x9d,0x55,0x40,0x00,0x10,0x10,0xc8,0x4f,0x2c,0x43,0x20,0x8c,0x33,
    0x00,0x39,0xa6,0x79,0xe9,0xe4,0x65,0x59,0x83,0x13,0x31,0x0c,0xcc,0xc5,0x70,0x97,
    0x5d,0x51,0xdd,0x9d,0x57,0x51,0x51,0x54,0x5d,0x55,0x55,0x50,0x34,0xc4,0x44,0xc4,
    0xc4,0x4d,0x11,0x13,0x1d,0x0c,0x74,0x01,0x5d,0x15,0x45,0x55,0x55,0x9d,0x77,0x55,
    0x53,0x65,0x92,0x41,0x55,0x65,0x75,0x41,0x55,0x55,0x5d,0x55,0x57,0x55,0x55,0x51,
    0x5d,0x65,0x55,0x55,0x55,0x55,0x43,0x5d,0x75,0x9d,0x77,0x77,0x4d,0x5d,0xdd,0xd5,
    0x77,0x75,0x1d,0x5d,0x97,0x54,0x75,0x5d,0x17,0x76,0x67,0x64,0x75,0x74,0x77,0x74,
    0x75,0xc0,0x66,0x7a,0xae,0x66,0x9a,0xd9,0x05,0x00,0x00,0x54,0x5c,0x05,0x59,0x57,
    0x55,0x55,0x56,0x5d,0x55,0x65,0x9d,0x50,0x00,0x55,0x55,0x54,0x51,0x55,0x45,0x55,
    0x55,0x51,0x44,0x11,0x15,0x50,0x56,0x57,0x55,0xd5,0x15,0x91,0x55,0x5d,0x60,0x65,
    0x51,0x56,0x5d,0x55,0x19,0xd0,0x54,0x55,0x51,0x55,0x55,0x45,0x55,0x55,0x54,0x55,
    0x55,0x55,0x55,0x45,0x55,0x45,0x55,0x55,0x14,0x51,0x51,0x50,0x01,0x50,0x54,0x00,
    0x00,0x00,0x15,0x55,0xd5,0x54,0x00,0x00,0x10,0x10,0xc1,0x04,0x32,0x31,0x31,0x32,
    0x00,0x00,0x19,0xa4,0x9e,0x69,0xb5,0x78,0x50,0xcc,0x8c,0x0d,0x33,0x01,0x41,0x75,
    0x16,0x16,0x45,0xd7,0x45,0xd5,0xd6,0x45,0x55,0x17,0x75,0x03,0x13,0x4c,0xcd,0x31,
    0x33,0x13,0x33,0xc4,0xcc,0x74,0xcc,0x40,0x55,0x5d,0x55,0xd7,0x75,0x55,0x55,0x45,
    0x41,0x9d,0x65,0x05,0x75,0x57,0x55,0x41,0x5d,0x45,0xd5,0x45,0x65,0x56,0x45,0x15,
    0x55,0x57,0x51,0x75,0x14,0x55,0x50,0x57,0x59,0xd7,0x5d,0xc6,0xdd,0xd1,0xd5,0x77,
    0x65,0x59,0x56,0x65,0x75,0x65,0x54,0x65,0x75,0x5d,0x75,0xd5,0xdd,0xd1,0xd1,0x47,
    0x5c,0x04,0x06,0xa6,0x66,0xa9,0xe6,0x6a,0x45,0x07,0x1c,0x50,0xd0,0x01,0x55,0x65,
    0x55,0x96,0x55,0x55,0x65,0x5d,0x55,0x50,0x00,0x15,0x55,0x55,0x55,0x51,0x55,0x14,
    0x51,0x55,0x55,0x55,0x55,0x50,0x95,0xd5,0x65,0x65,0x59,0x56,0x74,0x55,0x40,0x5d,
    0x95,0x97,0x55,0x99,0xd1,0x40,0x55,0x45,0x15,0x45,0x14,0x55,0x14,0x51,0x45,0x55,
    0x55,0x45,0x14,0x55,0x14,0x55,0x14,0x51,0x55,0x55,0x15,0x54,0x00,0x10,0x11,0x00,
    0x00,0x00,0x57,0x5d,0x5d,0x65,0x54,0x45,0x50,0x33,0x20,0xcc,0x8c,0x4c,0xc3,0x20,
    0xf3,0x30,0x00,0x66,0x66,0x1b,0x65,0x59,0x83,0x48,0xd3,0xc0,0xc4,0x45,0x75,0x51,
    0x75,0x77,0x5d,0x45,0xdd,0x67,0x57,0x56,0x75,0x5d,0x50,0x0d,0x0c,0x11,0x13,0x4c,
    0x44,0xc4,0x44,0x4d,0x13,0x0d,0x13,0x10,0x15,0x95,0x95,0x55,0x57,0x74,0x75,0x57,
    0x50,0x65,0x6d,0x8d,0x56,0x75,0x59,0x41,0x55,0x55,0x55,0x55,0x55,0x45,0x55,0x56,
    0x59,0x75,0x55,0x55,0x55,0x64,0x50,0x59,0x45,0x75,0xd3,0x77,0x47,0x7d,0x77,0x76,
    0x47,0x47,0x75,0xd7,0x56,0x45,0x90,0x17,0x57,0x64,0x5d,0x47,0x59,0x1d,0x77,0x76,
    0x70,0x15,0x0d,0xa8,0x9a,0x76,0xaa,0xa6,0x05,0x0d,0xf0,0x50,0x5c,0x05,0x65,0x55,
    0x65,0x55,0x75,0xd6,0x56,0x55,0x56,0x50,0x00,0x55,0x55,0x45,0x45,0x15,0x45,0x55,
    0x55,0x14,0x55,0x55,0x51,0x50,0x16,0x59,0x5d,0x46,0x57,0x75,0x55,0x99,0x40,0x55,
    0x65,0x75,0x67,0x54,0x67,0x50,0x51,0x55,0x54,0x55,0x55,0x51,0x55,0x55,0x55,0x55,
    0x55,0x55,0x55,0x51,0x55,0x51,0x55,0x55,0x45,0x15,0x55,0x55,0x40,0x00,0xd0,0x40,
    0x00,0x05,0x55,0x55,0x55,0x55,0x55,0x55,0x50,0x22,0x0d,0x23,0x13,0x08,0x12,0x04,
    0x11,0x13,0x30,0x0d,0xad,0x99,0x85,0x6d,0x80,0xcc,0xcc,0x40,0xcf,0x05,0xd4,0x75,
    0xdd,0xd4,0x74,0x5d,0x54,0x51,0x45,0x75,0x51,0xd5,0x40,0xd0,0xd1,0x33,0x34,0x11,
    0xcd,0x1c,0xf3,0x13,0x34,0x70,0xc7,0x37,0x01,0x5d,0x77,0x67,0x55,0x55,0x54,0x65,
    0x50,0x65,0x66,0x05,0x55,0x55,0x55,0x41,0x96,0x59,0x59,0x59,0x45,0x55,0x65,0x95,
    0x55,0x55,0x65,0x96,0x5d,0x55,0x50,0x5d,0x5d,0xd1,0x77,0xd4,0xdd,0xd3,0x74,0x64,
    0x5d,0x55,0x59,0x75,0x45,0x55,0x00,0x15,0x99,0x45,0x75,0xd9,0xd1,0xdd,0x19,0x1d,
    0x00,0x55,0x40,0x59,0xa8,0xaa,0x67,0x6d,0x81,0x43,0x70,0x54,0xd0,0x05,0x5d,0x75,
    0x57,0x59,0x55,0x55,0x55,0xd6,0x55,0x50,0x00,0x15,0x55,0x54,0x55,0x54,0x55,0x45,
    0x15,0x55,0x44,0x44,0x55,0x14,0x15,0x75,0x16,0x55,0xd5,0x57,0x65,0x75,0x41,0x66,
    0x5d,0x56,0x55,0x75,0xd1,0x80,0x55,0x45,0x45,0x51,0x45,0x15,0x45,0x14,0x51,0x55,
    0x55,0x14,0x51,0x55,0x45,0x15,0x45,0x14,0x55,0x51,0x55,0x55,0x54,0x00,0x14,0x00,
    0x00,0x55,0x67,0x5d,0x76,0x75,0xd5,0x9d,0x90,0x30,0x4c,0x31,0x0c,0x8c,0x8c,0xcc,
    0xcc,0xcc,0x4c,0x00,0x16,0xb4,0x65,0x99,0x43,0x13,0x4c,0x00,0x4c,0x05,0x59,0x5d,
    0x59,0x1d,0x59,0xdb,0x45,0xd5,0x97,0x57,0x55,0x54,0x0d,0x0d,0x0c,0x44,0x4d,0x3c,
    0x4c,0xc4,0x44,0x44,0x4c,0xc7,0x4c,0x4c,0x40,0x55,0x55,0x55,0x46,0x45,0xd5,0x57,
    0x50,0x65,0x45,0x01,0x65,0x96,0x45,0x41,0x55,0x55,0x15,0x15,0x56,0x59,0x57,0x57,
    0x5d,0x65,0x55,0x45,0x55,0x75,0x90,0x97,0x65,0x57,0x7d,0x1d,0xdd,0xdd,0x76,0x75,
    0xd7,0x79,0xdd,0x54,0x59,0xdc,0x0c,0x19,0x77,0x57,0x59,0x77,0x77,0x77,0x74,0x64,
    0x05,0x67,0x50,0x1a,0x99,0x99,0xba,0x9a,0x85,0x40,0xc1,0x50,0x5c,0x01,0x55,0x56,
    0x75,0x55,0x65,0x96,0x75,0x55,0x75,0x50,0x00,0x55,0x54,0x55,0x51,0x45,0x51,0x55,
    0x51,0x45,0x55,0x55,0x45,0x54,0x17,0x55,0x65,0x75,0x67,0x65,0x51,0x56,0x51,0x55,
    0xd5,0x99,0xd9,0x56,0x54,0x50,0x54,0x54,0x55,0x15,0x55,0x54,0x55,0x55,0x55,0x55,
    0x55,0x55,0x55,0x14,0x55,0x54,0x55,0x55,0x51,0x55,0x55,0x51,0x55,0x50,0x15,0x00,
    0x15,0x56,0x55,0x55,0x55,0x55,0x5d,0x55,0x50,0x13,0x32,0x10,0xc8,0xc4,0xcc,0x4c,
    0x33,0x33,0x31,0xf0,0x09,0x6a,0x6d,0x87,0x81,0x33,0x00,0x0c,0xc4,0xc7,0x47,0x76,
    0x1d,0x77,0xb7,0x75,0xd9,0x77,0x59,0x45,0x9d,0x50,0x10,0xd0,0x44,0xf3,0x10,0x44,
    0xd1,0x13,0x33,0xcc,0xd1,0x10,0xd1,0x13,0x10,0xd5,0x16,0x45,0x55,0x55,0x59,0xd5,
    0x50,0x6d,0x59,0x85,0x57,0x55,0x55,0x81,0x5d,0x45,0x55,0x57,0x55,0xd4,0x55,0x65,
    0x55,0x51,0x45,0x55,0xd6,0x55,0x54,0x15,0xdd,0x1d,0x87,0x5f,0x75,0xc7,0x67,0x5d,
    0x75,0x97,0x54,0x75,0x95,0x40,0xd4,0x17,0x55,0x75,0x91,0xd1,0x47,0x46,0x47,0x70,
    0x15,0xd5,0x54,0x05,0xba,0x6b,0x99,0xa9,0x05,0x54,0x05,0x50,0x74,0x05,0x65,0x95,
    0x55,0x67,0x55,0x55,0x55,0x65,0x56,0x50,0x00,0x55,0x55,0x51,0x55,0x55,0x15,0x45,
    0x15,0x54,0x55,0x51,0x55,0x54,0x15,0x67,0x57,0x59,0x75,0x51,0x96,0x75,0xd5,0x9d,
    0x59,0x75,0x54,0x64,0x46,0x40,0x55,0x55,0x51,0x54,0x51,0x45,0x51,0x45,0x15,0x55,
    0x51,0x45,0x15,0x55,0x51,0x45,0x51,0x45,0x15,0x15,0x55,0x15,0x15,0x54,0x05,0x55,
    0x55,0x65,0xd7,0x64,0x51,0x77,0x55,0xd7,0x50,0x33,0x10,0xcc,0x8c,0x43,0x12,0x32,
    0xc4,0xd3,0x4c,0x13,0x00,0x97,0x9a,0x66,0x43,0x34,0x0c,0x44,0xcc,0x05,0x55,0x51,
    0x77,0x75,0x1d,0x47,0x5d,0xd5,0x91,0x55,0x15,0x00,0xcd,0x0c,0xf1,0x11,0xc7,0x31,
    0x0c,0xc4,0x74,0x47,0x04,0xc7,0x04,0xc4,0x4c,0x05,0x55,0x57,0x67,0x5d,0x95,0x51,
    0x50,0x59,0x66,0x01,0x65,0x51,0x65,0x45,0x55,0x55,0x65,0x65,0x65,0x55,0x75,0x15,
    0x15,0x55,0x57,0x55,0x55,0x51,0x54,0x19,0x57,0x65,0xdd,0xdd,0xdd,0xdd,0xd1,0xd1,
    0xdd,0x1d,0x45,0x59,0x5c,0x01,0x3c,0x15,0x74,0x59,0xd7,0x5d,0xdd,0x9d,0x1d,0xc0,
    0x5d,0x74,0x75,0x02,0x66,0xa6,0xaa,0x1a,0x41,0x55,0x55,0x50,0x50,0x01,0x55,0x59,
    0x56,0x55,0x57,0x59,0x59,0x54,0x55,0x50,0x00,0x15,0x51,0x55,0x14,0x51,0x54,0x55,
    0x54,0x55,0x44,0x55,0x51,0x44,0x06,0x55,0x95,0x57,0x56,0x55,0x75,0x55,0x59,0x55,
    0x94,0x55,0xd5,0x55,0xdd,0x70,0x51,0x45,0x15,0x45,0x55,0x55,0x15,0x55,0x55,0x55,
    0x55,0x55,0x51,0x45,0x15,0x55,0x15,0x55,0x55,0x55,0x55,0x55,0x51,0x45,0x05,0x55,
    0x59,0x5d,0x55,0x55,0x55,0x55,0x5d,0x55,0x54,0x04,0x31,0x32,0x31,0x32,0x0c,0x10,
    0x33,0x30,0xce,0x31,0xf0,0x06,0x74,0x79,0x0c,0x8c,0x34,0xcc,0x8d,0x05,0xdd,0x17,
    0x5d,0x1d,0x74,0x5d,0x17,0x51,0x75,0xdd,0x54,0x07,0x40,0x44,0x44,0xcc,0x4c,0x4c,
    0x74,0x73,0x0c,0xcc,0x71,0xcc,0x71,0xcf,0x1d,0x05,0x9d,0xd5,0x55,0x15,0x47,0x55,
    0xd0,0x99,0x5d,0x45,0x55,0x15,0x55,0x01,0x65,0x96,0x57,0x55,0x51,0x45,0x59,0x55,
    0x50,0x25,0x95,0x67,0x51,0x55,0x94,0x35,0xd1,0x77,0x5d,0xdc,0x77,0x46,0x75,0xd7,
    0x59,0x56,0x59,0xd5,0xc0,0x1f,0x44,0x17,0x55,0x9d,0x47,0x46,0x44,0x74,0x54,0x05,
    0x57,0x55,0x55,0x40,0x6a,0x79,0x91,0xa6,0x81,0x55,0x55,0x50,0x74,0x05,0x5d,0x55,
    0x15,0x55,0x65,0x55,0xd5,0xd5,0x65,0x50,0x00,0x55,0x55,0x15,0x55,0x55,0x45,0x51,
    0x45,0x45,0x55,0x51,0x55,0x55,0x05,0x75,0x46,0x45,0x65,0x19,0x57,0x64,0x57,0x67,
    0x55,0x65,0x67,0x67,0x64,0x50,0x55,0x55,0x54,0x55,0x14,0x51,0x54,0x51,0x55,0x55,
    0x14,0x51,0x55,0x55,0x54,0x51,0x54,0x51,0x45,0x55,0x54,0x51,0x55,0x54,0x05,0x65,
    0x97,0x55,0x75,0x17,0x5d,0x75,0x15,0x64,0x50,0x32,0x23,0x20,0xc4,0x33,0x13,0x32,
    0xc8,0xc7,0x23,0x33,0x13,0x01,0x9a,0x66,0xc1,0x31,0x03,0x33,0x10,0x16,0x59,0xdd,
    0xd5,0xc7,0x47,0x75,0x75,0x16,0x55,0x55,0x90,0xcc,0x1c,0xf3,0x31,0x11,0x34,0xd1,
    0x0c,0xc4,0x74,0x44,0xd3,0x11,0x13,0x11,0x30,0x41,0x55,0x5d,0x1d,0x57,0x55,0x45,
    0x50,0x65,0x59,0x01,0x5d,0x56,0x75,0x45,0x55,0x55,0x75,0x51,0x55,0x56,0x55,0x75,
    0x00,0x01,0x56,0x55,0x55,0x95,0x55,0x05,0x96,0x55,0xd7,0x65,0xd4,0x77,0x5d,0x1d,
    0x91,0xdd,0xd7,0x5c,0x01,0xf4,0xd0,0x95,0x9d,0x74,0x76,0x74,0x77,0x45,0xf0,0x15,
    0xdd,0x47,0x76,0x50,0x16,0xa6,0x2a,0x69,0x85,0x55,0x55,0x50,0x50,0x05,0x55,0x9d,
    0x56,0x75,0x55,0x91,0x55,0x59,0x57,0x50,0x00,0x55,0x15,0x51,0x45,0x14,0x55,0x15,
    0x55,0x54,0x55,0x15,0x15,0x55,0x05,0x59,0x55,0x59,0x51,0x57,0x65,0x55,0x95,0x55,
    0x46,0x5d,0x95,0x55,0x17,0x40,0x54,0x51,0x45,0x51,0x55,0x55,0x45,0x55,0x55,0x55,
    0x55,0x55,0x14,0x51,0x45,0x55,0x45,0x55,0x55,0x55,0x45,0x55,0x14,0x55,0x05,0x57,
    0x55,0x75,0x55,0x55,0x56,0x55,0x56,0x55,0x64,0x0c,0xc3,0x04,0x43,0x21,0x31,0x23,
    0x31,0x33,0x31,0x34,0xcc,0x40,0x9d,0xb5,0x0c,0xcf,0x00,0x44,0xcf,0x35,0xd1,0x65,
    0xd3,0x5d,0xf7,0x5e,0x76,0x67,0x47,0x45,0x40,0x44,0xc4,0x44,0x47,0x3c,0x4c,0x4c,
    0x74,0x4f,0x0c,0xd1,0x04,0x4c,0xc4,0x4c,0x47,0x30,0x5d,0x55,0x55,0x75,0x5d,0x57,
    0x50,0x6d,0x51,0xc5,0x55,0x65,0x55,0x09,0x74,0x5d,0x55,0x55,0x97,0x55,0xd1,0x56,
    0x00,0x01,0x5d,0x45,0x95,0x46,0x75,0x0d,0x75,0xdd,0xb5,0x1d,0xdd,0x9d,0x1d,0x67,
    0x75,0xd5,0x55,0x00,0x1d,0x12,0x3c,0x5d,0x59,0x17,0x51,0x1d,0xd9,0xdd,0x03,0x5d,
    0x75,0x55,0x55,0xd7,0x01,0x6a,0x66,0xa6,0x41,0x55,0x55,0x50,0x74,0x01,0x65,0x55,
    0x65,0x56,0x45,0x55,0x59,0x55,0x75,0x50,0x00,0x15,0x51,0x55,0x55,0x55,0x51,0x54,
    0x51,0x45,0x45,0x55,0x55,0x55,0x06,0x51,0x9d,0x97,0x55,0x95,0x54,0x65,0x76,0x76,
    0x55,0xd5,0x46,0x76,0x46,0x60,0x55,0x55,0x55,0x15,0x45,0x14,0x55,0x15,0x55,0x51,
    0x45,0x15,0x55,0x55,0x55,0x14,0x55,0x14,0x55,0x55,0x55,0x15,0x55,0x44,0x05,0x95,
    0x75,0x57,0x47,0x75,0xd5,0x75,0x95,0x17,0x54,0x04,0x11,0x33,0x32,0x30,0xc8,0xcc,
    0xd3,0xd3,0x4c,0xc3,0x31,0x3c,0x26,0x49,0x04,0xd3,0xd0,0x3c,0xc4,0x15,0x57,0x74,
    0x67,0x1d,0x1d,0xd1,0xd1,0x75,0x55,0x59,0x0d,0x31,0x33,0x31,0x31,0x11,0x34,0xc4,
    0xc3,0x11,0xd1,0x33,0x4c,0xd1,0xcf,0x1d,0x31,0x10,0x15,0x16,0x57,0x55,0x15,0x75,
    0x50,0x56,0x59,0x09,0x65,0x55,0x65,0x45,0x55,0x55,0x51,0x65,0x75,0x65,0x55,0x94,
    0x00,0x00,0x55,0x55,0x46,0x55,0x55,0x41,0x5d,0x77,0x51,0x76,0x77,0x75,0xd7,0x75,
    0x17,0x51,0xc0,0x07,0x73,0xbd,0xd0,0x56,0x11,0xd1,0xdd,0xd4,0x74,0x50,0x05,0x57,
    0x54,0x77,0x75,0x55,0x00,0x66,0xa9,0xeb,0x41,0x55,0x55,0x13,0x50,0x05,0x57,0x55,
    0x55,0x55,0x55,0x56,0x55,0x16,0x55,0x50,0x00,0x55,0x15,0x45,0x14,0x51,0x55,0x45,
    0x55,0x55,0x55,0x14,0x55,0x55,0x01,0x55,0x55,0xd5,0x99,0x76,0x45,0x5d,0x95,0x55,
    0xd9,0x59,0x55,0x54,0x5d,0x10,0x51,0x45,0x15,0x54,0x55,0x55,0x51,0x55,0x55,0x55,
    0x55,0x51,0x45,0x14,0x51,0x55,0x51,0x55,0x55,0x54,0x51,0x51,0x45,0x55,0x05,0x75,
    0x57,0x55,0x55,0x55,0x5d,0x54,0x5d,0x55,0x47,0x03,0x33,0x23,0x23,0x13,0x10,0xc4,
    0x0c,0x0c,0x34,0xd3,0x4c,0xc1,0x00,0x00,0x0c,0xcc,0x33,0x01,0x30,0x1d,0x1d,0x45,
    0xdd,0xdd,0xf5,0x17,0x57,0x51,0xdd,0xd4,0x04,0xc4,0xd1,0x13,0x4c,0xcc,0x4c,0x4d,
    0x1d,0x33,0x04,0x44,0xd1,0x33,0x44,0x43,0x44,0xc4,0x15,0x55,0xd5,0x51,0x57,0x55,
    0x90,0xa5,0x55,0x81,0x56,0x5d,0x55,0x01,0x55,0x65,0x15,0x51,0x55,0x91,0x99,0x50,
    0x00,0xc1,0x56,0x57,0x55,0x57,0x56,0x40,0x57,0x55,0x17,0x67,0x51,0x77,0x74,0x5d,
    0x75,0x94,0x00,0x78,0xdd,0x13,0x10,0x75,0xdd,0x76,0x46,0x46,0x45,0xc0,0x97,0x75,
    0x15,0x55,0x51,0xd5,0x50,0x26,0x9e,0x97,0x41,0x11,0x00,0x01,0xdc,0x01,0x55,0x66,
    0x5d,0x75,0x59,0xd5,0x75,0x55,0x59,0x50,0x00,0x15,0x54,0x55,0x55,0x55,0x14,0x55,
    0x14,0x51,0x45,0x55,0x55,0x45,0x05,0x9d,0x9d,0x59,0x45,0x55,0x59,0x95,0x5d,0x19,
    0x55,0xd4,0x67,0x65,0xd1,0x40,0x55,0x55,0x51,0x45,0x51,0x45,0x15,0x55,0x55,0x45,
    0x14,0x55,0x55,0x55,0x55,0x45,0x15,0x45,0x55,0x45,0x55,0x55,0x54,0x55,0x05,0x57,
    0x55,0x75,0xd5,0x67,0x55,0x15,0x55,0x75,0xd5,0x02,0x10,0x8c,0x41,0x0c,0x8c,0x43,
    0x00,0x00,0x00,0x3c,0x32,0x1c,0x00,0x13,0x08,0xc4,0x84,0xc0,0xc4,0x15,0x97,0x5d,
    0xd3,0x76,0x1d,0xdd,0xdd,0xd5,0x54,0x50,0xd3,0x4c,0x4c,0xc4,0xd1,0x11,0x34,0xd0,
    0xc3,0x44,0x73,0x31,0x33,0x44,0xcc,0xdc,0x31,0xcd,0x05,0x9d,0x51,0x65,0x75,0x45,
    0x50,0x5d,0x6d,0x05,0x75,0x55,0x9d,0x45,0x67,0x55,0x56,0x55,0x64,0x55,0x45,0x14,
    0x0c,0x00,0x55,0x15,0x55,0xd5,0x45,0x50,0x9d,0x79,0x76,0x75,0x1b,0x51,0x9d,0xdb,
    0x5d,0x19,0x37,0x87,0x13,0xf4,0x70,0x61,0x47,0x44,0x64,0x77,0x5c,0x01,0x5d,0x51,
    0x67,0x74,0x55,0x5d,0x54,0x01,0xa9,0x85,0xd0,0x00,0x00,0x07,0x50,0x05,0x66,0x55,
    0x55,0x56,0x55,0x59,0x55,0x97,0x55,0x50,0x00,0x51,0x45,0x51,0x45,0x15,0x55,0x51,
    0x55,0x55,0x55,0x15,0x55,0x55,0x41,0x55,0xd5,0x94,0x57,0x67,0x55,0x76,0x55,0x57,
    0x65,0x65,0x55,0x5d,0x16,0x70,0x54,0x51,0x55,0x55,0x15,0x55,0x55,0x55,0x54,0x55,
    0x55,0x51,0x45,0x14,0x51,0x55,0x54,0x55,0x45,0x55,0x45,0x14,0x55,0x45,0x0d,0x75,
    0x75,0x55,0x5d,0x55,0x45,0x57,0x5d,0x54,0x6d,0x00,0xcc,0xc4,0x33,0x31,0x0c,0x32,
    0x33,0x13,0x00,0x01,0x34,0xcc,0x35,0xdd,0x0c,0x4c,0xcc,0x73,0x2c,0x19,0xdd,0xdd,
    0x77,0x61,0xdd,0x9d,0x45,0x47,0x45,0x50,0x40,0x13,0x11,0x13,0x33,0xcf,0x41,0x07,
    0x44,0x33,0x11,0x1c,0x44,0xcd,0x11,0x31,0xd3,0x13,0x01,0x55,0x15,0x57,0x55,0x54,
    0x50,0x66,0x55,0x0d,0x55,0xd9,0x55,0x01,0x55,0x51,0x65,0x75,0xd5,0x5d,0x57,0x54,
    0x00,0x01,0x65,0x59,0x65,0x59,0x55,0x58,0x15,0x97,0x67,0x5d,0xd5,0xdd,0xd6,0x75,
    0x16,0x5d,0x08,0x71,0xf4,0x4f,0xc1,0x77,0x64,0x67,0x77,0x75,0xc0,0x15,0xd5,0x15,
    0xd5,0xd5,0xdd,0xd5,0xd5,0x00,0x66,0x5d,0x77,0x1d,0xd5,0x77,0x74,0x01,0x55,0x5d,
    0x65,0x95,0x75,0x55,0x65,0x55,0x65,0x50,0x00,0x15,0x55,0x15,0x55,0x51,0x45,0x15,
    0x45,0x14,0x51,0x55,0x55,0x51,0x01,0x75,0x59,0x45,0x59,0x55,0x9d,0x55,0x19,0x99,
    0x51,0x57,0x76,0x45,0x9d,0x41,0x45,0x55,0x14,0x51,0x54,0x51,0x45,0x55,0x55,0x51,
    0x45,0x15,0x55,0x55,0x55,0x45,0x15,0x55,0x55,0x51,0x55,0x55,0x45,0x55,0x05,0x55,
    0x57,0x46,0x55,0x1d,0x56,0x75,0x55,0xd5,0xd5,0x40,0x48,0x43,0x23,0x10,0xc4,0x8c,
    0xc4,0xce,0x1f,0x00,0x03,0x30,0x77,0xdd,0x0c,0xcd,0x33,0x38,0x40,0xd7,0x51,0x47,
    0x71,0xd7,0xd4,0x74,0x5b,0x55,0x95,0x83,0x37,0x34,0x4c,0xf4,0x44,0x44,0x1c,0x70,
    0xcd,0x11,0x33,0xc4,0xcd,0x13,0x34,0x44,0x34,0x44,0x41,0x75,0x57,0x75,0x51,0x95,
    0x50,0x65,0x59,0x85,0x59,0x55,0x15,0x45,0x51,0x55,0x57,0x55,0x56,0x56,0x75,0x67,
    0x00,0x05,0x5d,0x57,0x51,0x55,0x67,0x54,0x05,0xd1,0x75,0xd1,0x7d,0xd7,0x47,0x51,
    0x77,0x75,0x41,0xf4,0xcd,0xf4,0x41,0xd4,0x75,0xd1,0x45,0x18,0x01,0x5d,0x5d,0x67,
    0x5d,0x5d,0x55,0x51,0x5d,0x50,0x06,0xdd,0xdd,0x77,0x77,0x5d,0xd0,0x05,0x55,0x55,
    0x55,0x5d,0x56,0x5d,0x57,0x59,0x57,0x50,0x00,0x54,0x55,0x54,0x51,0x55,0x55,0x54,
    0x55,0x55,0x55,0x55,0x51,0x55,0x42,0x59,0x94,0x56,0x75,0xd5,0xd6,0x75,0x57,0x55,
    0x16,0x75,0x55,0x56,0x44,0x50,0x55,0x15,0x55,0x55,0x45,0x55,0x55,0x55,0x51,0x55,
    0x55,0x54,0x51,0x45,0x14,0x55,0x54,0x55,0x54,0x55,0x45,0x14,0x54,0x51,0x05,0x5d,
    0x45,0x55,0x16,0x05,0x65,0x55,0x9d,0x5d,0x47,0x60,0x30,0xc8,0xc4,0x8c,0x8c,0xc4,
    0x33,0x8c,0xcc,0x7c,0xc0,0x43,0x77,0x77,0x04,0xd3,0x1c,0x4c,0xcc,0x55,0x17,0x59,
    0x1d,0xdd,0x1d,0xd7,0x75,0x77,0x5d,0x01,0x31,0x13,0x11,0x0c,0xcc,0xcd,0x31,0x34,
    0x44,0xcc,0x44,0x4c,0x71,0x34,0x4c,0xf1,0xcc,0xcc,0xd0,0x55,0x75,0x55,0x15,0x76,
    0x53,0x61,0x51,0x01,0x55,0x65,0x55,0x41,0x55,0x65,0xd5,0x59,0x14,0x75,0x57,0x55,
    0x41,0x15,0x55,0xd5,0x55,0x91,0x55,0x55,0x01,0x57,0x5d,0x76,0x57,0x46,0x5d,0x17,
    0x65,0x5d,0x70,0x4d,0xd3,0x11,0xc1,0x85,0xd1,0x97,0x76,0x40,0x15,0xd5,0xd4,0x5d,
    0x54,0x55,0x19,0x15,0xd5,0x57,0x01,0x77,0x57,0x55,0xdd,0xd7,0x5c,0x05,0x71,0x15,
    0x75,0xd5,0x65,0x55,0x95,0x55,0xd5,0x50,0x00,0x15,0x51,0x45,0x55,0x14,0x51,0x45,
    0x51,0x45,0x15,0x15,0x55,0x15,0x41,0x54,0x55,0x65,0x55,0x51,0x55,0x59,0x99,0x45,
    0x55,0x59,0x91,0x97,0x59,0x80,0x51,0x51,0x45,0x14,0x55,0x14,0x55,0x55,0x55,0x14,
    0x51,0x45,0x55,0x55,0x55,0x51,0x45,0x55,0x55,0x51,0x55,0x55,0x55,0x55,0x05,0x15,
    0x55,0x95,0x54,0x15,0xd7,0x5d,0x55,0x14,0x59,0x50,0x04,0xcc,0x43,0x08,0xc8,0x20,
    0xc8,0xc4,0xd3,0x04,0x4c,0x01,0xd1,0xc7,0x0c,0xcc,0xcc,0xcc,0x70,0x1d,0x75,0xdd,
    0x7d,0x1d,0xdd,0xd1,0x64,0x59,0x14,0x34,0xd3,0x31,0x33,0x44,0x44,0x44,0xd3,0x13,
    0x31,0x1c,0xf3,0x11,0x03,0x0d,0x11,0x13,0x44,0x74,0x40,0x57,0x55,0x91,0x59,0x55,
    0x72,0x59,0x59,0xc5,0x64,0x55,0x65,0x81,0x65,0x55,0x55,0x15,0x55,0x54,0x75,0x45,
    0x55,0x56,0x75,0x64,0x59,0x55,0xd5,0x15,0x43,0x65,0xd7,0x5d,0xdd,0x67,0x75,0x76,
    0x77,0x46,0x50,0xdc,0x77,0x4f,0x05,0x5d,0x19,0x34,0x5c,0x01,0xd7,0x5d,0x45,0x75,
    0xdd,0x75,0x5d,0x5d,0x51,0x95,0x40,0x15,0xdd,0xdd,0x57,0x75,0xd0,0x00,0x00,0x00,
    0x55,0x55,0x55,0xd5,0x56,0x5d,0x55,0x50,0x00,0x55,0x55,0x55,0x15,0x55,0x55,0x55,
    0x15,0x55,0x51,0x55,0x51,0x51,0x40,0x65,0x76,0x53,0x59,0x80,0x64,0x57,0x57,0x56,
    0x67,0x55,0x55,0x75,0x1d,0x70,0x55,0x55,0x55,0x55,0x51,0x55,0x55,0x55,0x15,0x55,
    0x55,0x55,0x14,0x51,0x45,0x15,0x55,0x54,0x51,0x55,0x45,0x14,0x45,0x15,0x0d,0x56,
    0x5d,0x5d,0x5c,0x15,0x55,0x55,0x15,0x59,0x91,0x10,0x03,0x10,0xc8,0xcc,0x43,0x0c,
    0x31,0x33,0x0c,0x73,0x31,0x07,0x7d,0xdd,0x0d,0x31,0x31,0x34,0x30,0x57,0x5d,0x91,
    0xc5,0xdd,0x1d,0x76,0xd7,0x75,0x54,0x0c,0x41,0x13,0x11,0x33,0x1c,0xf1,0x04,0x4d,
    0x13,0xc4,0x44,0x4c,0x00,0x00,0x34,0xc4,0x31,0x0c,0xd0,0xd5,0x64,0x55,0x57,0x51,
    0x50,0x65,0x5d,0x09,0x55,0x5d,0x55,0x41,0x57,0x51,0x65,0x59,0x76,0x75,0x59,0x5d,
    0x96,0x5d,0x56,0x55,0x55,0x15,0x51,0x59,0x50,0x17,0x76,0x17,0x46,0xdd,0x1d,0xdd,
    0xd1,0x9d,0x14,0x37,0x33,0x1d,0x07,0xd1,0x91,0x5d,0x80,0x1d,0x51,0x64,0x57,0x55,
    0x45,0x51,0xd5,0xd5,0x55,0x75,0x54,0x01,0x57,0x77,0x75,0xdd,0xdc,0x00,0x34,0xc0,
    0x55,0x11,0x59,0x59,0x75,0x55,0x66,0x50,0x00,0x15,0x55,0x45,0x51,0x45,0x14,0x51,
    0x54,0x51,0x55,0x55,0x15,0x55,0x40,0x57,0x55,0x40,0x5d,0x40,0x55,0x95,0x45,0x65,
    0x05,0x91,0xd9,0x56,0x74,0x50,0x54,0x51,0x45,0x14,0x55,0x45,0x55,0x55,0x51,0x45,
    0x14,0x51,0x55,0x55,0x55,0x54,0x55,0x55,0x55,0x14,0x55,0x55,0x55,0x54,0x05,0x65,
    0xd5,0x55,0xd0,0x16,0x75,0x15,0x5d,0x74,0x5d,0x50,0x00,0x8c,0x4c,0x44,0x31,0x13,
    0xd3,0x34,0xd3,0x33,0x13,0x0d,0xdd,0xf7,0x03,0x23,0x23,0x33,0xd0,0x55,0xd9,0x1d,
    0x7d,0xd1,0xd4,0x65,0x75,0x51,0x50,0x44,0xc4,0xc4,0x4c,0x47,0x31,0x13,0x4f,0x10,
    0xc4,0x4c,0xcc,0xc0,0x45,0x10,0x03,0x4d,0x1c,0x74,0x34,0x16,0x55,0x5d,0x95,0x75,
    0x41,0x9d,0x59,0x81,0x75,0x95,0x9d,0x41,0x55,0x55,0x51,0x54,0x55,0x59,0xd4,0x65,
    0x75,0xd5,0xd4,0x51,0x9d,0x59,0x55,0x55,0x54,0x35,0x11,0x79,0x1d,0x11,0x74,0x61,
    0x47,0x47,0x75,0x01,0xdd,0xc4,0x35,0x19,0x1d,0xd0,0x01,0x15,0x15,0xd5,0x75,0x74,
    0x57,0x55,0x5d,0x57,0x77,0x57,0x55,0x00,0xd5,0xdd,0xdd,0x77,0x70,0x07,0x5d,0x5c,
    0x14,0x00,0x55,0x55,0x55,0xd6,0x55,0x50,0x00,0x55,0x55,0x55,0x55,0x55,0x55,0x55,
    0x45,0x55,0x15,0x55,0x55,0x15,0x50,0x55,0x67,0x50,0x55,0x51,0x9d,0x76,0x56,0x57,
    0x05,0x55,0x57,0x64,0x51,0x40,0x55,0x55,0x55,0x55,0x54,0x55,0x55,0x51,0x55,0x55,
    0x55,0x55,0x45,0x14,0x51,0x45,0x51,0x55,0x15,0x55,0x51,0x45,0x45,0x15,0x05,0x5d,
    0x54,0x75,0x50,0x55,0x55,0x5d,0x95,0x45,0xd7,0x40,0xc0,0x32,0x0c,0x33,0x20,0xc0,
    0x33,0x33,0x33,0x12,0x33,0x37,0x74,0x74,0x00,0x03,0x4c,0x4c,0x30,0x6d,0x45,0xd7,
    0x47,0x67,0x77,0x74,0x51,0xd6,0x43,0x31,0x13,0x4c,0xd3,0x31,0x13,0x34,0xc4,0xc7,
    0x4c,0xd1,0x11,0x05,0x00,0x55,0xc0,0x13,0xc4,0xc1,0xcc,0x15,0x17,0x55,0x77,0x56,
    0x52,0x75,0x59,0x05,0x55,0x55,0x55,0x42,0x59,0x66,0x55,0x95,0x64,0x75,0x45,0x77,
    0x5d,0x59,0x65,0x55,0x55,0x55,0xd6,0x67,0x55,0x01,0x9b,0x47,0x74,0x77,0x46,0xd7,
    0x75,0xd9,0x1d,0x83,0x23,0x7c,0x19,0x91,0x75,0x00,0x15,0x55,0x5d,0x5d,0x59,0xd5,
    0x75,0x9d,0xd5,0x15,0x55,0x45,0x75,0x50,0x0d,0x57,0x77,0x5d,0xc1,0xdd,0xdf,0xd4,
    0x10,0x00,0x15,0x97,0x59,0x55,0x55,0x50,0x00,0x15,0x55,0x45,0x14,0x51,0x45,0x14,
    0x55,0x15,0x55,0x54,0x51,0x51,0x40,0x59,0x95,0x55,0x66,0x55,0x56,0x55,0xd5,0xd5,
    0x06,0x76,0x65,0x55,0xd6,0x71,0x45,0x14,0x51,0x45,0x15,0x55,0x55,0x55,0x14,0x51,
    0x45,0x14,0x55,0x55,0x55,0x55,0x55,0x51,0x54,0x51,0x55,0x54,0x55,0x54,0x05,0xd5,
    0x45,0x54,0x40,0x5d,0x45,0xd5,0x5d,0x65,0x45,0x80,0x41,0x10,0xc4,0x82,0x0c,0x40,
    0xcc,0x4c,0x4d,0x33,0x32,0x07,0xdf,0x40,0x11,0x00,0x33,0xc7,0x10,0x57,0x5d,0x77,
    0x77,0x75,0xd9,0xd7,0x75,0x65,0xc1,0x13,0x34,0xc4,0x44,0x73,0x34,0x41,0x11,0x30,
    0xd1,0x0c,0x40,0x04,0x10,0x1d,0x54,0x01,0x11,0x1c,0x44,0x15,0x55,0x75,0x55,0x51,
    0x41,0x99,0x51,0x41,0x59,0xd9,0x15,0x50,0x55,0x15,0x75,0x76,0x5d,0x54,0x57,0x55,
    0x15,0x14,0x57,0x65,0xd6,0x75,0x55,0x55,0x65,0x40,0x75,0xdd,0x19,0xd4,0x6d,0x44,
    0x61,0x11,0x74,0x50,0x74,0xd0,0x11,0x17,0x60,0x01,0x5d,0x77,0x65,0xd4,0x75,0x51,
    0x59,0x15,0x51,0x5d,0x19,0x57,0x57,0x55,0x00,0xd5,0xdd,0xd4,0x07,0x77,0x75,0x1c,
    0x40,0xec,0x05,0x55,0x55,0x65,0x16,0x50,0x00,0x55,0x55,0x55,0x55,0x55,0x55,0x55,
    0x51,0x51,0x55,0x55,0x55,0x55,0x50,0x57,0x51,0x99,0x55,0xd9,0xd5,0x45,0x65,0x59,
    0x15,0x50,0x57,0x46,0x44,0x40,0x55,0x55,0x55,0x55,0x55,0x55,0x55,0x15,0x55,0x55,
    0x55,0x55,0x51,0x45,0x14,0x51,0x55,0x55,0x45,0x55,0x14,0x55,0x51,0x45,0x05,0x54,
    0x55,0x65,0x40,0x55,0x55,0x57,0x55,0x1d,0xd9,0x00,0xcc,0xcc,0x4c,0xcc,0x4c,0x00,
    0x23,0x34,0xc3,0x31,0x31,0x07,0x47,0x01,0x55,0x54,0x01,0x32,0x31,0x75,0x97,0x45,
    0x36,0x47,0x47,0x45,0x5d,0x1d,0x0c,0xc4,0x4c,0x4c,0xcf,0x11,0xcc,0xd3,0x33,0x47,
    0x0c,0x44,0x01,0x40,0xd7,0x00,0x75,0x40,0x3c,0xc4,0xcd,0x05,0xdd,0x54,0x75,0x15,
    0x41,0x91,0x66,0x05,0x55,0x55,0x59,0x60,0x55,0x57,0x56,0x55,0x15,0x9d,0x75,0x91,
    0x59,0x65,0x75,0x5d,0x55,0x56,0x64,0x5d,0x5d,0x50,0x1d,0x19,0xd1,0x49,0xd4,0x77,
    0x76,0x77,0x46,0xdc,0x0d,0xc0,0x59,0x74,0x00,0x15,0x57,0x55,0xd4,0x55,0x5d,0x17,
    0x75,0x5d,0x15,0xd5,0x54,0x75,0x45,0x65,0x50,0x0d,0x57,0x74,0x1d,0xdd,0xd3,0x74,
    0x03,0x34,0x0d,0x75,0x96,0x55,0x55,0x50,0x00,0x15,0x55,0x51,0x45,0x14,0x51,0x45,
    0x15,0x55,0x55,0x45,0x14,0x51,0x50,0x15,0x55,0x57,0x67,0x55,0x64,0x59,0x51,0x95,
    0x59,0xd0,0x15,0x57,0x5d,0x60,0x51,0x45,0x14,0x51,0x45,0x55,0x55,0x54,0x51,0x45,
    0x14,0x51,0x55,0x55,0x55,0x55,0x55,0x14,0x55,0x15,0x55,0x45,0x15,0x54,0x05,0x75,
    0x59,0x55,0x40,0x59,0xd7,0x65,0x45,0x75,0x17,0x03,0x23,0x23,0x32,0x13,0x31,0x01,
    0xc4,0xc3,0x34,0xcc,0xd3,0x07,0x74,0x15,0x75,0x55,0x40,0xcc,0xc0,0x54,0x74,0x5d,
    0xe7,0x75,0xd5,0x5d,0xd5,0x55,0x04,0x4f,0x11,0x11,0x11,0x33,0x11,0x34,0x44,0xcc,
    0x74,0xcc,0x15,0x00,0x04,0x0c,0x07,0x54,0x07,0x4d,0x10,0x05,0x55,0x15,0x55,0x55,
    0x4d,0x95,0x5d,0x41,0x65,0x97,0x55,0x50,0x57,0x55,0x55,0x15,0x5d,0x75,0x97,0x56,
    0x77,0x5d,0x54,0x55,0x91,0x65,0x55,0x55,0x15,0x57,0x01,0x74,0x77,0x77,0x47,0x76,
    0x1d,0x19,0x19,0x15,0x00,0x01,0x64,0xc0,0x01,0x57,0x75,0x45,0x45,0x77,0x55,0x55,
    0x57,0x55,0x5d,0x59,0xd5,0x55,0x56,0x5d,0x54,0x00,0xd5,0x50,0x77,0x47,0x77,0x70,
    0x0d,0x33,0xc1,0x55,0x55,0x45,0x97,0x50,0x00,0x55,0x55,0x55,0x55,0x55,0x55,0x55,
    0x54,0x55,0x55,0x55,0x55,0x55,0x50,0x59,0xd9,0xd5,0x55,0x59,0x55,0x57,0x55,0x75,
    0xd5,0x50,0x59,0x95,0x19,0xd0,0x55,0x55,0x55,0x55,0x55,0x55,0x54,0x55,0x55,0x55,
    0x55,0x55,0x14,0x51,0x45,0x15,0x55,0x55,0x51,0x51,0x45,0x55,0x54,0x54,0x15,0x95,
    0x57,0x75,0xc0,0x55,0x55,0x54,0x57,0x51,0x64,0x01,0x04,0x04,0x20,0xc0,0x80,0x05,
    0x33,0x1c,0x8c,0x84,0xcc,0x0d,0xd0,0x57,0x57,0x65,0x54,0x21,0x11,0x65,0x59,0xd9,
    0xc7,0x5d,0x77,0x75,0x47,0x74,0x33,0x11,0x33,0x3c,0xf3,0x44,0x4c,0x43,0x3d,0x11,
    0x01,0x10,0x5c,0x15,0x40,0xdf,0x01,0x75,0x00,0xd0,0xc7,0x05,0x75,0x59,0xd1,0x9d,
    0x86,0x75,0x66,0x05,0x5d,0x55,0x59,0xd0,0x55,0x65,0x91,0x5d,0xd5,0x15,0xd5,0x1d,
    0xd5,0x75,0x15,0x94,0x55,0x94,0x55,0xd5,0x56,0x65,0x40,0x15,0xd8,0x74,0x77,0x47,
    0x51,0x74,0x77,0x74,0x40,0x19,0x00,0x00,0x05,0x75,0x59,0x5d,0x57,0x55,0x1d,0xdd,
    0xd1,0x74,0x55,0x95,0x47,0x51,0xd7,0x55,0xd5,0x50,0x0d,0xc1,0xdd,0xdd,0x1d,0xc1,
    0x0c,0xd3,0x41,0x59,0x75,0x55,0x55,0x50,0x00,0x15,0x55,0x51,0x51,0x45,0x14,0x51,
    0x45,0x55,0x54,0x51,0x45,0x14,0x50,0x15,0x55,0x67,0x67,0x45,0x1d,0x99,0x67,0x56,
    0x5d,0x55,0x57,0x5d,0x91,0x41,0x51,0x45,0x14,0x54,0x55,0x55,0x45,0x45,0x14,0x51,
    0x45,0x15,0x55,0x55,0x55,0x55,0x51,0x45,0x15,0x55,0x54,0x51,0x45,0x44,0x05,0x5d,
    0x95,0x55,0x40,0x5d,0x46,0x45,0x56,0x16,0xd4,0x0c,0xc3,0x8c,0xc4,0x34,0x1c,0x05,
    0xcd,0x33,0x33,0x33,0x00,0xc1,0xc1,0x75,0x59,0x5d,0x65,0x0c,0xc3,0x5d,0xdd,0x75,
    0xd5,0xd1,0xd9,0x14,0x59,0x50,0x11,0x33,0x44,0x44,0x44,0x33,0x13,0x1d,0x10,0xcc,
    0x73,0x41,0xd0,0x01,0x43,0xfd,0xf3,0x5d,0x50,0x07,0x4d,0x05,0x56,0x75,0x55,0x55,
    0x07,0x65,0x65,0x0d,0x55,0x45,0x95,0x54,0x16,0x54,0x55,0x55,0x65,0x5d,0x47,0x54,
    0x51,0x56,0x59,0x45,0x59,0x55,0x75,0x59,0x65,0x55,0x50,0x03,0x55,0xd9,0xd1,0x91,
    0xdb,0x47,0x64,0x59,0x54,0x00,0x01,0x10,0x15,0x57,0x51,0xd4,0x75,0x75,0x55,0x55,
    0x55,0x55,0xd9,0xd1,0x55,0x75,0x55,0x1d,0x5d,0x54,0x00,0x4d,0xdd,0xdd,0xdc,0x04,
    0x34,0xcc,0xc0,0x55,0x56,0x59,0x75,0x50,0x00,0x55,0x55,0x55,0x55,0x55,0x55,0x55,
    0x55,0x55,0x45,0x55,0x55,0x55,0x50,0x59,0xd9,0xd5,0x55,0x41,0x55,0x75,0xd5,0x65,
    0x56,0x66,0x75,0x65,0x17,0x40,0x55,0x55,0x55,0x45,0x55,0x55,0x55,0x55,0x55,0x55,
    0x55,0x51,0x45,0x14,0x51,0x55,0x55,0x55,0x54,0x51,0x45,0x55,0x55,0x54,0x15,0xd5,
    0x75,0xd5,0x41,0x55,0x55,0x55,0xd7,0x64,0x50,0x04,0x8c,0x31,0x0c,0x43,0xc0,0x15,
    0x13,0x31,0x34,0x4c,0x04,0x53,0x41,0x55,0xd5,0xd5,0xd5,0x43,0x31,0x57,0x54,0x5d,
    0x1d,0xd7,0x51,0x65,0xd7,0x50,0x4c,0x44,0x33,0x33,0x31,0xd1,0x34,0x43,0x34,0x44,
    0xd1,0x01,0x41,0xc0,0x0f,0x7c,0xd0,0x05,0xd4,0x0c,0x10,0x4d,0x91,0x57,0x59,0xd5,
    0x06,0x45,0x76,0x45,0x96,0x55,0x51,0x54,0x15,0x55,0x59,0x99,0x17,0x64,0x5b,0x77,
    0x75,0xd1,0x75,0x55,0x95,0x15,0x56,0x54,0x54,0x5d,0x55,0x00,0x03,0x45,0x67,0x75,
    0x14,0x59,0x45,0xd3,0x00,0x00,0x57,0x01,0x57,0x75,0x15,0x55,0x57,0x51,0xd1,0xd1,
    0xdd,0x1d,0x5d,0x57,0x75,0x55,0xd1,0x55,0x15,0xd5,0x40,0x07,0x77,0x77,0x74,0x14,
    0x33,0xd3,0x40,0x56,0x55,0x55,0x56,0x50,0x00,0x15,0x55,0x55,0x45,0x45,0x14,0x51,
    0x45,0x54,0x55,0x45,0x14,0x51,0x50,0x15,0x51,0x59,0x19,0x41,0x99,0x55,0x51,0x51,
    0xd5,0x55,0x56,0x57,0x74,0x60,0x51,0x45,0x14,0x55,0x55,0x55,0x14,0x51,0x45,0x14,
    0x51,0x55,0x55,0x55,0x55,0x55,0x45,0x14,0x55,0x55,0x55,0x14,0x51,0x54,0x15,0x54,
    0x55,0x51,0x55,0x9d,0x75,0xd5,0x5d,0x45,0x70,0x30,0xc4,0x43,0x23,0x30,0x00,0x55,
    0xcc,0xcc,0xc3,0x00,0x66,0x64,0x05,0x75,0x5d,0x51,0x5d,0x50,0x41,0xb5,0x19,0xd6,
    0x75,0x15,0xd7,0x5d,0x65,0x43,0x34,0xf1,0xd1,0xd1,0x13,0x0c,0x4c,0xd1,0x13,0x31,
    0x0c,0xc5,0x05,0x54,0x37,0xfd,0xfc,0x40,0x75,0x01,0xc4,0xc1,0x55,0xd5,0x45,0x51,
    0x06,0x55,0x66,0x01,0x55,0x59,0xd5,0x64,0x15,0xd5,0x95,0x75,0x5d,0x45,0x64,0x5c,
    0x59,0x65,0x57,0x65,0x75,0x5d,0x65,0x15,0x55,0x55,0x95,0x50,0x00,0x00,0x34,0x51,
    0xb5,0xd3,0x4c,0x00,0x03,0x45,0x50,0x05,0x75,0x55,0x5d,0xdd,0xd9,0x55,0x55,0x55,
    0x55,0x55,0xd5,0x15,0x57,0x75,0x55,0x75,0x5d,0x5d,0x54,0x1d,0xdd,0x1d,0xc0,0x50,
    0xc4,0xcf,0x30,0x55,0x67,0x5d,0x65,0x50,0x00,0x55,0x55,0x55,0x55,0x55,0x55,0x55,
    0x55,0x55,0x54,0x55,0x55,0x55,0x54,0x16,0x55,0x95,0x57,0x59,0x5d,0x9d,0x80,0x55,
    0x64,0x77,0x65,0x15,0x19,0x41,0x55,0x55,0x55,0x55,0x55,0x55,0x55,0x55,0x55,0x55,
    0x55,0x14,0x51,0x45,0x15,0x55,0x55,0x55,0x45,0x14,0x51,0x55,0x55,0x10,0x16,0x45,
    0x5d,0x55,0x55,0x55,0x55,0x5d,0x94,0x5d,0x40,0x13,0x0c,0x32,0x0c,0x00,0x01,0x51,
    0x32,0x13,0x10,0x05,0x9d,0xb4,0x16,0x59,0x15,0x15,0x55,0xd4,0x01,0x55,0x5d,0x67,
    0x5d,0x77,0x65,0xd7,0x51,0x41,0x0d,0x13,0x0c,0x33,0x34,0x47,0x11,0x33,0x34,0x44,
    0xd1,0x04,0x35,0x55,0x3f,0x3f,0xf4,0x50,0x5d,0x50,0x4d,0x05,0x75,0x51,0x55,0x15,
    0x26,0xd5,0x85,0x05,0x67,0x55,0x56,0x55,0x05,0x59,0x74,0x57,0x56,0x57,0x5d,0x67,
    0x5d,0x17,0x75,0x5d,0x55,0x95,0x51,0x55,0x96,0x59,0x55,0x55,0x70,0x00,0x00,0x00,
    0x00,0x00,0x00,0x01,0x01,0x55,0x00,0x55,0x97,0x46,0x55,0x55,0x45,0x1d,0xdd,0x1d,
    0x19,0xdd,0x51,0x5d,0x75,0x51,0xd7,0x54,0x55,0x15,0x54,0x1d,0xdd,0xdd,0x01,0x50,
    0xff,0x1c,0x70,0x15,0x55,0x55,0x55,0x50,0x00,0x15,0x55,0x55,0x54,0x51,0x45,0x14,
    0x55,0x45,0x45,0x51,0x45,0x14,0x50,0x15,0xd9,0x45,0xd5,0x95,0xd5,0x55,0x40,0x66,
    0x55,0x55,0x5d,0x59,0x64,0x70,0x51,0x45,0x15,0x15,0x55,0x51,0x45,0x45,0x45,0x45,
    0x15,0x55,0x55,0x55,0x55,0x54,0x51,0x45,0x55,0x55,0x55,0x45,0x15,0x54,0x15,0x55,
    0x55,0x17,0x67,0x74,0x5d,0x95,0x45,0x9d,0x00,0xc8,0x48,0xc4,0xc4,0x00,0x55,0x15,
    0xcc,0xcd,0x00,0x5a,0x7a,0x64,0x15,0xd5,0x59,0x57,0x75,0x54,0x05,0x74,0x65,0x15,
    0x17,0x59,0x45,0x75,0x15,0x43,0x43,0x31,0x11,0xc4,0x4c,0xf1,0x33,0x44,0x43,0x31,
    0x33,0x00,0x00,0x14,0x3f,0x7d,0x3c,0x14,0x15,0x54,0x30,0x41,0x57,0x55,0x9d,0x57,
    0x19,0x55,0x66,0x41,0x55,0x65,0x65,0x55,0x05,0x94,0x55,0x55,0x91,0x75,0xdc,0x74,
    0x55,0x5d,0x59,0x15,0x19,0x54,0x55,0x59,0x5d,0x54,0x5d,0x95,0x55,0x54,0x43,0x00,
    0x00,0x00,0x01,0x55,0x71,0x58,0x01,0x5d,0x75,0x57,0x74,0x74,0x57,0x55,0x55,0x55,
    0x5d,0x55,0x15,0x57,0x54,0x55,0x5d,0x45,0x75,0x57,0x50,0xdd,0xdd,0xdc,0x05,0x43,
    0x13,0xcf,0x34,0x35,0x95,0x96,0x5d,0x50,0x00,0x55,0x55,0x55,0x55,0x55,0x55,0x55,
    0x55,0x55,0x55,0x15,0x55,0x55,0x54,0x16,0x57,0x55,0x65,0x5d,0x59,0xd9,0x41,0x55,
    0xd9,0x99,0xd5,0x97,0x45,0x41,0x55,0x55,0x51,0x55,0x55,0x55,0x54,0x54,0x54,0x55,
    0x51,0x45,0x14,0x51,0x55,0x55,0x55,0x54,0x51,0x45,0x14,0x55,0x51,0x50,0x57,0x5d,
    0x9d,0x55,0x55,0x55,0x55,0x5d,0x5d,0x15,0x00,0x03,0x31,0x0c,0x40,0x15,0x51,0x54,
    0x21,0x30,0x06,0xa7,0x95,0x18,0x5d,0x5d,0x75,0x75,0x59,0x15,0x0d,0x56,0x5d,0x77,
    0x5d,0x74,0x5d,0x95,0x65,0xc0,0xd1,0x13,0x3c,0x4c,0xd1,0x13,0x11,0x33,0x1d,0x1c,
    0x44,0x01,0xd0,0x04,0xf4,0xff,0xf4,0x15,0x15,0xd5,0x04,0xc1,0x75,0x55,0x55,0x74,
    0x1b,0x56,0x75,0x05,0x5d,0x57,0x55,0xd5,0x41,0x55,0x55,0x91,0x57,0x59,0x51,0x5d,
    0xdd,0xd5,0x15,0x59,0x55,0x15,0x56,0x55,0xd5,0x15,0x55,0x59,0x55,0x55,0x55,0x50,
    0x15,0x00,0x41,0xd1,0xd0,0x40,0x15,0x55,0x54,0x65,0x55,0x55,0x75,0x74,0x61,0x9d,
    0xd5,0x11,0x59,0xd5,0x45,0x75,0xd5,0x55,0x57,0x51,0x50,0x77,0x77,0x74,0x15,0x40,
    0xf1,0x11,0xcf,0x05,0x5d,0x55,0x55,0x50,0x00,0x15,0x55,0x55,0x55,0x14,0x51,0x45,
    0x55,0x51,0x45,0x54,0x51,0x45,0x10,0x15,0x75,0x50,0x5d,0x15,0x95,0x54,0x55,0x9d,
    0x55,0x75,0x59,0x75,0x1d,0x90,0x51,0x45,0x15,0x55,0x55,0x14,0x55,0x55,0x55,0x51,
    0x55,0x55,0x55,0x55,0x55,0x45,0x14,0x55,0x55,0x55,0x55,0x51,0x55,0x50,0x15,0x55,
    0x55,0x75,0xd7,0x55,0xd9,0x15,0xd9,0x74,0x00,0x00,0x03,0x23,0x00,0x15,0x15,0x45,
    0xcc,0xc0,0x66,0x76,0x75,0x90,0x55,0x95,0x57,0x56,0x51,0x59,0xc5,0x85,0xd7,0x55,
    0xd6,0x55,0xd5,0x1d,0xdd,0x07,0x0c,0xc4,0x44,0xd1,0x0c,0xc4,0x4c,0x44,0x43,0x31,
    0x31,0x05,0x55,0x40,0xcf,0xf7,0xcc,0x15,0x07,0x55,0x01,0x01,0x51,0x11,0x5d,0x54,
    0x16,0x55,0x19,0xc1,0x55,0x45,0x5d,0x59,0x41,0x55,0xd9,0x55,0xd5,0x91,0xdd,0xdd,
    0x59,0x66,0x5d,0x95,0x91,0x56,0x65,0x75,0x55,0x55,0xd6,0x55,0xd6,0x59,0x75,0x01,
    0x04,0x05,0x41,0x47,0x54,0x01,0x57,0x77,0x45,0x5d,0x1d,0xd1,0x97,0x55,0x55,0xd5,
    0x51,0x55,0x97,0x51,0x57,0x55,0x51,0x77,0x75,0x55,0x43,0x77,0x74,0x40,0x55,0x00,
    0x1c,0xfc,0xd1,0x01,0x55,0x67,0x59,0x50,0x00,0x55,0x55,0x55,0x55,0x55,0x55,0x55,
    0x51,0x55,0x55,0x15,0x55,0x55,0x54,0x17,0x56,0x60,0x55,0x65,0x5d,0x95,0x59,0x55,
    0x9d,0x56,0x45,0x56,0x58,0x41,0x55,0x55,0x55,0x55,0x55,0x55,0x51,0x45,0x14,0x55,
    0x14,0x51,0x45,0x15,0x55,0x55,0x55,0x45,0x14,0x51,0x45,0x15,0x14,0x54,0x15,0xd7,
    0x5d,0x55,0x55,0x45,0x55,0x55,0x11,0xd0,0x01,0x10,0x00,0x04,0x00,0x55,0x54,0x55,
    0x34,0x06,0x6d,0xe7,0x95,0x90,0x65,0x74,0x75,0x65,0x15,0x95,0x41,0x57,0x51,0x74,
    0x54,0x76,0x5d,0x55,0x55,0x01,0x11,0x13,0x31,0x0c,0x74,0x4c,0xd3,0x33,0xd1,0x13,
    0x10,0x17,0xd7,0x40,0x7d,0xfc,0x7f,0x15,0x05,0x51,0x70,0x41,0x00,0x00,0x15,0x94,
    0x69,0x16,0x55,0x05,0x96,0x55,0x95,0x55,0x70,0x5d,0x54,0x75,0x77,0x55,0x67,0x54,
    0x74,0x51,0x55,0x14,0x55,0x65,0x57,0x55,0x16,0x5d,0x55,0x15,0x55,0xd7,0x44,0x07,
    0x00,0xd7,0x43,0x5d,0x40,0x05,0x75,0x55,0x57,0x55,0x55,0x55,0x75,0x46,0xdd,0x51,
    0xd5,0xd7,0x75,0x57,0x75,0x51,0xd5,0x95,0x54,0x75,0x43,0x77,0x47,0x41,0x55,0x00,
    0x03,0x4d,0x3c,0xc1,0x59,0x55,0x55,0x50,0x00,0x95,0x55,0x55,0x54,0x51,0x45,0x15,
    0x55,0x14,0x51,0x54,0x51,0x45,0x50,0x15,0x94,0x51,0x99,0x56,0x45,0x5d,0x95,0xd9,
    0x50,0x65,0x55,0xd4,0x75,0x70,0x51,0x45,0x55,0x55,0x51,0x51,0x55,0x55,0x55,0x55,
    0x55,0x55,0x55,0x55,0x54,0x51,0x45,0x55,0x55,0x55,0x55,0x55,0x55,0x54,0x05,0x55,
    0x55,0x75,0xd4,0x56,0x75,0xd7,0x57,0x50,0x15,0x51,0x00,0x00,0x05,0x51,0x45,0x51,
    0xc0,0x19,0xe6,0x69,0x96,0x41,0x5d,0x55,0x56,0x51,0x57,0x5d,0x51,0x75,0x55,0x95,
    0x75,0x5d,0x75,0xd1,0x94,0x33,0x3c,0x4d,0x13,0x44,0xc3,0x11,0x34,0x44,0x4c,0xc4,
    0x4c,0x75,0x54,0x5c,0xff,0xff,0xf4,0x10,0x01,0x5d,0x50,0xc0,0x04,0x40,0x01,0x50,
    0x67,0x55,0x55,0x49,0x55,0x59,0x56,0x67,0x50,0x15,0x65,0x57,0x55,0x1d,0xd5,0x15,
    0x95,0x75,0xd1,0x55,0x56,0x57,0x55,0x51,0x55,0x55,0x65,0x5d,0x65,0x51,0x50,0x1d,
    0xc1,0x5d,0x41,0x14,0x00,0x57,0x57,0x47,0x75,0xd1,0xdd,0x1b,0x54,0x55,0x55,0x15,
    0x5d,0x59,0x54,0x75,0x55,0x15,0x59,0x45,0x15,0x59,0x01,0xdd,0xdd,0x05,0x54,0x15,
    0x03,0x33,0xc7,0x30,0x55,0x75,0x64,0x50,0x00,0x55,0x55,0x55,0x55,0x55,0x55,0x55,
    0x55,0x55,0x55,0x45,0x55,0x54,0x54,0x19,0x45,0x55,0x5d,0x40,0x00,0x55,0x75,0x55,
    0x40,0x57,0x52,0x55,0xd1,0x41,0x55,0x54,0x55,0x55,0x55,0x15,0x14,0x51,0x45,0x11,
    0x45,0x14,0x54,0x55,0x55,0x55,0x54,0x51,0x45,0x14,0x51,0x45,0x15,0x55,0x01,0x64,
    0x5d,0x55,0x55,0x55,0x55,0x59,0x1d,0x40,0x55,0x55,0x51,0x00,0x15,0x15,0x55,0x15,
    0x30,0x6e,0x6e,0x92,0x55,0x91,0x57,0x45,0xd4,0x55,0xd5,0x75,0xd6,0x57,0x77,0x46,
    0x59,0xd4,0x56,0x55,0xd5,0x11,0x11,0x31,0x34,0x31,0x1d,0x33,0x43,0x3c,0xc4,0x4c,
    0xd0,0x5c,0x51,0x54,0x1f,0x4d,0xfc,0x01,0x40,0x77,0x74,0x00,0x55,0x55,0x40,0x10,
    0x66,0x55,0x55,0x01,0x75,0xd5,0x65,0x55,0x50,0x15,0x55,0x95,0x91,0x55,0x45,0x77,
    0x5d,0x95,0x55,0x9d,0x9d,0x75,0x45,0x95,0x65,0x16,0x54,0x55,0x51,0x45,0x10,0x7d,
    0xc1,0x75,0x71,0x50,0x05,0x55,0x45,0x55,0x55,0x55,0x55,0x55,0x45,0x77,0x45,0x5d,
    0xd5,0x17,0x55,0x54,0x51,0x5d,0x91,0x57,0x5d,0x95,0x0d,0xd1,0xdc,0x0d,0x54,0x15,
    0x50,0xdc,0x73,0x40,0x57,0x55,0x55,0x50,0x00,0x15,0x55,0x55,0x54,0x54,0x51,0x55,
    0x11,0x45,0x14,0x55,0x14,0x55,0x50,0x15,0x56,0x67,0x55,0x00,0x00,0x01,0x56,0x77,
    0x50,0x59,0x40,0x66,0x47,0x40,0x51,0x45,0x55,0x55,0x15,0x55,0x55,0x55,0x55,0x55,
    0x55,0x55,0x45,0x55,0x51,0x51,0x45,0x55,0x55,0x55,0x55,0x55,0x55,0x55,0x01,0x55,
    0x55,0x10,0x65,0xd7,0x51,0x75,0x65,0x00,0x54,0x45,0x55,0x55,0x51,0x54,0x51,0x55,
    0x01,0x96,0xd9,0x19,0xd6,0x41,0xd5,0x56,0x55,0x75,0x5d,0x55,0x55,0xd5,0x95,0x57,
    0x75,0x45,0x64,0x5d,0x54,0x0c,0xcc,0x44,0xcd,0x1c,0xc3,0x1c,0x1d,0x11,0x10,0x00,
    0x00,0x75,0x77,0x74,0x3f,0xff,0xc7,0x05,0x54,0x14,0x55,0x05,0x55,0x55,0x54,0x01,
    0x9d,0x55,0x55,0x45,0x55,0x56,0x54,0x55,0x50,0x05,0x91,0x75,0x15,0x9d,0x9d,0x95,
    0xd4,0x5d,0x19,0x55,0x55,0x55,0x55,0x55,0x55,0x55,0x45,0x56,0x55,0xdd,0x43,0x77,
    0x43,0x51,0x90,0x40,0x55,0xdd,0x57,0x64,0x74,0x77,0x47,0x74,0x57,0x55,0x5d,0xd5,
    0x51,0x55,0x47,0x75,0x55,0xd5,0x55,0xd5,0x55,0x14,0x37,0x77,0x74,0x01,0x40,0xd5,
    0x50,0xcf,0x33,0x34,0x15,0x56,0x55,0x50,0x00,0x55,0x55,0x55,0x55,0x45,0x55,0x55,
    0x55,0x55,0x55,0x51,0x55,0x45,0x14,0x17,0x65,0x55,0x94,0x03,0x10,0x02,0x59,0x55,
    0x55,0x65,0x40,0x54,0x59,0x41,0x55,0x55,0x55,0x55,0x51,0x45,0x14,0x51,0x51,0x54,
    0x51,0x45,0x55,0x55,0x15,0x15,0x55,0x14,0x51,0x45,0x14,0x51,0x55,0x51,0x40,0x5d,
    0x75,0x50,0x55,0x50,0x55,0x51,0xd1,0x00,0x51,0x54,0x51,0x45,0x15,0x45,0x55,0x45,
    0x06,0x79,0xa1,0xad,0x55,0xc1,0x5d,0x75,0x77,0x57,0x56,0x47,0x45,0x74,0x51,0x95,
    0x51,0x56,0x75,0x75,0x14,0x34,0x44,0xf1,0x10,0xc4,0x74,0x44,0x43,0x33,0x34,0xd1,
    0x03,0x5d,0x5d,0xd5,0x0d,0xfd,0xfc,0x15,0x54,0x15,0xdc,0x15,0x60,0x02,0x55,0x42,
    0x66,0x55,0x55,0x01,0x66,0x65,0x45,0x64,0x50,0x01,0x55,0x55,0x59,0xd5,0xd5,0xdd,
    0x45,0x75,0x57,0x5d,0x45,0x94,0x59,0x16,0x75,0x99,0x55,0x65,0x74,0x55,0x0d,0xdf,
    0x70,0x57,0x43,0x01,0x5d,0x54,0x75,0x5d,0x55,0x55,0x55,0x55,0x75,0x74,0x75,0x1d,
    0x15,0xdd,0x55,0x57,0x75,0x5d,0x1d,0x5d,0xd1,0x50,0x01,0xdd,0xd0,0x00,0x00,0x55,
    0x54,0x11,0xc7,0x30,0x05,0x65,0x76,0x50,0x00,0x15,0x55,0x55,0x51,0x55,0x15,0x51,
    0x54,0x51,0x45,0x15,0x45,0x55,0x54,0x25,0x5d,0xdd,0x50,0x1d,0x77,0xc0,0x15,0xd9,
    0x96,0x5d,0x51,0x75,0xd1,0x90,0x51,0x55,0x55,0x51,0x55,0x55,0x55,0x55,0x15,0x15,
    0x55,0x55,0x15,0x55,0x55,0x54,0x51,0x55,0x55,0x55,0x55,0x55,0x55,0x55,0x50,0x15,
    0x55,0x50,0x5d,0x40,0x59,0xd9,0x14,0x00,0x15,0x55,0x55,0x55,0x54,0x55,0x14,0x55,
    0x19,0xa4,0x9a,0x66,0x56,0x41,0x65,0x97,0x55,0x75,0x75,0x55,0x59,0x55,0x65,0x74,
    0x56,0x75,0x57,0x55,0x64,0x0c,0xcd,0x13,0x34,0x4c,0xc3,0x33,0x1d,0x11,0x10,0x7d,
    0xd5,0xd5,0x15,0x4d,0x03,0xd3,0xf4,0x01,0x40,0x01,0x50,0x54,0x00,0x30,0x5d,0x50,
    0x5d,0x55,0x55,0xc5,0x55,0x54,0x55,0x55,0x50,0x01,0x57,0x67,0x55,0x5d,0x5d,0x54,
    0x56,0x56,0x75,0x65,0x55,0x55,0x55,0x55,0x55,0x54,0x56,0x57,0x45,0x11,0x07,0x77,
    0x50,0x75,0x50,0x15,0xd5,0x15,0x54,0x55,0xd9,0xd1,0x9d,0x91,0x5d,0x17,0x51,0x51,
    0x00,0x15,0xdd,0x15,0x59,0xd5,0x55,0x15,0x55,0x40,0x40,0x37,0x70,0x44,0x41,0x55,
    0x50,0xf3,0x33,0x4f,0x05,0x55,0x55,0x50,0x00,0x55,0x55,0x55,0x55,0x51,0x55,0x55,
    0x15,0x55,0x55,0x54,0x54,0x51,0x54,0x16,0x55,0x55,0x40,0x77,0xc7,0x50,0x05,0x55,
    0x75,0xd5,0x95,0x95,0x9d,0x41,0x55,0x55,0x55,0x55,0x14,0x51,0x45,0x15,0x55,0x54,
    0x54,0x51,0x55,0x55,0x45,0x45,0x55,0x45,0x14,0x51,0x45,0x15,0x55,0x14,0x50,0x05,
    0x9d,0x90,0x15,0x00,0x55,0x45,0x50,0x14,0x54,0x45,0x14,0x51,0x45,0x51,0x55,0x51,
    0x67,0x69,0xb6,0xdd,0x56,0x45,0x5d,0x55,0x46,0x54,0x54,0x75,0xd7,0x46,0x5d,0x55,
    0xd7,0x59,0xd5,0x46,0x54,0xd1,0x13,0x34,0x4c,0xd1,0x1d,0x11,0xc3,0x33,0x30,0xd3,
    0x4d,0x17,0x74,0x55,0x43,0xff,0x40,0x00,0x03,0x00,0x10,0x50,0x15,0x55,0x56,0x54,
    0x25,0x55,0x55,0x05,0x65,0xd5,0x56,0x5d,0x50,0x00,0x55,0x55,0x9d,0xd6,0x45,0x19,
    0x67,0x75,0x56,0x51,0x67,0x45,0x97,0x59,0x45,0xd5,0x55,0x51,0x50,0x04,0x1d,0xf7,
    0xf4,0x17,0x00,0x5d,0x51,0x67,0x65,0xdd,0x51,0x55,0xd4,0x77,0x45,0x75,0x74,0x00,
    0x01,0xd5,0x55,0x5d,0x15,0x51,0x75,0x5d,0x14,0x01,0xdd,0x0d,0xd1,0x56,0x50,0x55,
    0x40,0x34,0xdc,0xf4,0xc1,0x59,0x65,0x50,0x00,0x55,0x55,0x55,0x51,0x55,0x55,0x45,
    0x54,0x51,0x45,0x15,0x55,0x55,0x14,0x05,0xd9,0x99,0x43,0x71,0xdd,0x34,0x01,0x5d,
    0x55,0x59,0x75,0x59,0x14,0x40,0x54,0x55,0x55,0x15,0x55,0x55,0x55,0x51,0x45,0x15,
    0x45,0x55,0x55,0x51,0x54,0x55,0x14,0x55,0x55,0x55,0x55,0x55,0x55,0x55,0x54,0x05,
    0x55,0x54,0x00,0x05,0x77,0x5d,0xc0,0x10,0x55,0x55,0x55,0x55,0x55,0x15,0x45,0x15,
    0x9a,0xb7,0x69,0xa5,0x59,0x0d,0x95,0x1d,0x55,0x15,0x65,0x56,0x55,0x55,0xd5,0x1d,
    0x65,0x75,0x47,0x55,0xd0,0x0c,0xc4,0x43,0x11,0x33,0x30,0xcc,0x74,0x44,0x44,0x77,
    0xd1,0x55,0xdd,0xd5,0x70,0x33,0x01,0x50,0x3d,0xfc,0x01,0x41,0x55,0x55,0xd5,0xd5,
    0x05,0x55,0x55,0x41,0x55,0x55,0x95,0xd5,0x60,0x04,0x16,0x75,0x55,0x64,0x56,0x57,
    0x55,0x51,0xd1,0x55,0x55,0x55,0x75,0x57,0x55,0x55,0x97,0x74,0x54,0x00,0xdf,0x7d,
    0xdc,0x10,0x05,0x55,0x15,0x75,0x5d,0x55,0x15,0xdd,0x45,0x51,0x5d,0xd0,0x00,0x0d,
    0xd5,0x51,0xd1,0x75,0x5d,0x15,0x5d,0xd5,0x50,0x37,0x77,0x77,0x40,0x74,0x74,0x15,
    0x00,0xcf,0x31,0x0c,0x42,0x55,0xd5,0x50,0x00,0x15,0x55,0x55,0x55,0x15,0x55,0x55,
    0x45,0x55,0x55,0x54,0x45,0x15,0x54,0x15,0x51,0x51,0x01,0xdd,0x34,0x7d,0xc0,0x15,
    0x9d,0x97,0x56,0x77,0x46,0x71,0x45,0x55,0x55,0x51,0x45,0x14,0x51,0x55,0x55,0x55,
    0x55,0x55,0x55,0x55,0x55,0x51,0x55,0x51,0x45,0x14,0x51,0x55,0x51,0x45,0x15,0x01,
    0x5d,0x54,0x00,0x15,0x55,0x19,0x40,0x58,0x14,0x51,0x45,0x14,0x51,0x54,0x55,0x55,
    0x6d,0x6a,0x9e,0x49,0x57,0x45,0x45,0x55,0x1d,0x59,0xd7,0x5d,0x47,0x67,0x51,0x56,
    0x5d,0x51,0x55,0x64,0x54,0xd1,0x13,0x1d,0x33,0x44,0x47,0x44,0xc3,0x33,0xcc,0x1d,
    0x0f,0x74,0x55,0x57,0x50,0x00,0x07,0x43,0xdf,0xf7,0x00,0x4d,0x77,0x59,0x5d,0x5d,
    0x05,0x55,0x55,0x05,0x75,0x99,0x5d,0x56,0x50,0x04,0x05,0x54,0x74,0x55,0x75,0xd5,
    0xdd,0x15,0x55,0xd6,0x75,0x96,0x55,0x65,0x56,0x51,0x5d,0x15,0x1c,0x10,0x37,0x77,
    0x77,0x00,0x57,0x75,0x67,0x57,0x55,0x1d,0x77,0x44,0x5d,0x15,0xd0,0x00,0x04,0x55,
    0x57,0x55,0x55,0xd5,0xd5,0x5d,0xd5,0x54,0x00,0x77,0x77,0x74,0x71,0x75,0xd4,0x15,
    0x00,0x71,0xc3,0xd3,0x30,0x55,0x56,0x50,0x00,0x55,0x55,0x55,0x45,0x55,0x51,0x45,
    0x55,0x14,0x51,0x45,0x55,0x51,0x54,0x06,0x55,0xd5,0x41,0xc7,0x7d,0xdd,0xd0,0x05,
    0x55,0x75,0x65,0x54,0x5d,0x40,0x55,0x55,0x51,0x55,0x55,0x55,0x55,0x14,0x51,0x44,
    0x51,0x45,0x55,0x14,0x45,0x15,0x45,0x15,0x55,0x55,0x55,0x55,0x55,0x55,0x55,0x40,
    0x55,0x75,0x44,0x59,0xd9,0x94,0x01,0x50,0x55,0x55,0x55,0x55,0x55,0x45,0x51,0x55,
    0x56,0xd1,0xb4,0x65,0x59,0x05,0x57,0x5d,0x55,0x75,0x55,0x65,0x55,0x55,0x55,0xd9,
    0x15,0x15,0xdd,0x15,0x50,0x0c,0xc4,0xc3,0x11,0x33,0x10,0xcd,0x11,0x1c,0x44,0xd3,
    0x44,0x55,0x55,0x77,0x50,0x54,0x05,0xc1,0xff,0x3f,0xc0,0x05,0x55,0x44,0xd5,0x55,
    0x41,0x55,0x55,0x41,0x55,0x55,0xd5,0x55,0x50,0x05,0xc1,0x19,0x55,0x77,0x55,0x75,
    0x55,0x59,0x99,0x51,0x55,0x55,0x56,0x55,0x65,0x55,0x45,0x47,0x54,0x17,0x01,0xdf,
    0x74,0x01,0x75,0x51,0xd5,0x75,0x11,0x51,0x45,0x55,0xd5,0xd0,0x00,0x04,0x55,0xd1,
    0xd5,0x76,0x75,0x51,0x51,0x55,0x51,0x40,0x0d,0xdd,0xdd,0xdd,0xd0,0x61,0x46,0x04,
    0x10,0xcc,0x00,0x3d,0x30,0x5d,0x65,0x50,0x00,0x15,0x55,0x55,0x55,0x55,0x55,0x54,
    0x51,0x55,0x55,0x55,0x45,0x15,0x54,0x15,0xd9,0x55,0x0d,0xdc,0x74,0xd3,0x74,0x00,
    0x19,0x55,0x51,0xd9,0xd1,0x81,0x55,0x55,0x55,0x45,0x14,0x51,0x45,0x55,0x55,0x55,
    0x55,0x55,0x55,0x55,0x55,0x54,0x55,0x54,0x51,0x45,0x15,0x55,0x14,0x51,0x45,0x40,
    0x15,0x55,0x55,0x55,0x51,0xd4,0x05,0xdc,0x14,0x51,0x45,0x14,0x51,0x55,0x15,0x55,
    0x55,0xa6,0x69,0xb5,0x56,0x49,0xd5,0x95,0x9d,0x57,0x47,0x51,0xd7,0x47,0x45,0x55,
    0x5d,0x59,0x55,0x5d,0xd4,0xd1,0x11,0x1d,0x33,0x11,0xc7,0x10,0xcc,0xc4,0xcc,0x1d,
    0xc3,0xd5,0x77,0x45,0x14,0x15,0x01,0x0f,0xfd,0xf7,0x44,0x15,0xd4,0x00,0x00,0x59,
    0x41,0x55,0x55,0x05,0x66,0x45,0x55,0x99,0x50,0x0d,0x40,0x5d,0xd6,0x55,0x67,0x51,
    0x86,0x75,0x54,0x55,0x64,0x5d,0x45,0x45,0x15,0xd8,0x5c,0x51,0x40,0x05,0x43,0x77,
    0x70,0x15,0x54,0x55,0x5d,0xd1,0x77,0x77,0x5d,0x1d,0x40,0x00,0x05,0x55,0x77,0x5d,
    0x51,0x54,0x54,0x55,0xd5,0xdd,0x15,0x00,0x5d,0xdd,0xdd,0xdd,0xc1,0x57,0x65,0x04,
    0x14,0xd0,0x10,0xd0,0xd0,0x15,0x54,0x50,0x00,0x55,0x55,0x55,0x55,0x55,0x51,0x45,
    0x55,0x45,0x14,0x51,0x55,0x55,0x54,0x05,0x55,0x9d,0x83,0x47,0xd1,0xf4,0x4d,0x00,
    0x00,0x16,0x15,0x51,0x46,0x41,0x55,0x55,0x45,0x55,0x55,0x55,0x55,0x14,0x54,0x55,
    0x15,0x55,0x54,0x54,0x54,0x55,0x51,0x45,0x55,0x55,0x55,0x55,0x55,0x55,0x54,0x50,
    0x17,0x59,0x56,0x75,0xd7,0x50,0x19,0x90,0x55,0x55,0x55,0x55,0x55,0x15,0x55,0x55,
    0x55,0x7b,0x92,0x69,0x5d,0x05,0x5d,0x45,0xd5,0x95,0x55,0x55,0x59,0x55,0x59,0xdd,
    0xd5,0x97,0x46,0x55,0x50,0x33,0x3c,0xc0,0x44,0x4c,0x4c,0x47,0x47,0x4d,0x10,0x1f,
    0x71,0x1d,0xd1,0x77,0x77,0x05,0x40,0x37,0xf3,0xfc,0xc1,0x05,0x58,0x15,0x50,0x15,
    0x50,0x55,0x55,0x41,0x55,0x55,0x65,0x55,0x50,0x07,0x5c,0x35,0x11,0x66,0x45,0x55,
    0x55,0x57,0x45,0x59,0x55,0x55,0x55,0x55,0x54,0x45,0xd5,0xd7,0x01,0x0d,0x90,0x1d,
    0xc0,0x57,0x45,0x77,0x74,0x57,0x54,0x55,0x15,0xd0,0x00,0x35,0x5d,0xdd,0xd1,0x15,
    0xd5,0xd5,0x75,0x75,0x55,0x55,0x50,0x07,0x77,0x77,0x74,0x77,0x70,0x74,0x45,0x40,
    0x50,0x00,0x54,0x0d,0x0c,0x15,0x95,0x50,0x00,0x15,0x55,0x55,0x45,0x54,0x55,0x55,
    0x14,0x55,0x55,0x55,0x14,0x55,0x54,0x16,0x67,0x55,0x40,0x7d,0x1f,0x47,0xdf,0x70,
    0x00,0x01,0x56,0x74,0x64,0x71,0x55,0x55,0x54,0x51,0x45,0x14,0x51,0x55,0x45,0x45,
    0x55,0x55,0x45,0x45,0x45,0x45,0x15,0x55,0x14,0x51,0x55,0x51,0x45,0x14,0x55,0x54,
    0x05,0x57,0x5d,0x57,0x45,0x40,0x17,0x54,0x14,0x51,0x45,0x14,0x51,0x51,0x55,0x51,
    0x55,0x66,0x66,0xd5,0x59,0x8d,0x45,0x55,0x59,0x1d,0x75,0xd7,0x54,0x5d,0x95,0x55,
    0x51,0x75,0x55,0xdd,0x94,0xd1,0x11,0x1d,0x33,0x11,0x11,0x30,0xcc,0x10,0xc4,0x34,
    0xd0,0x77,0x57,0x5d,0x75,0x05,0x44,0x3f,0xdf,0x7f,0xc1,0x05,0x50,0x55,0x95,0x77,
    0x50,0x55,0x55,0x05,0x67,0x59,0x56,0x5d,0x60,0x05,0xd7,0x01,0x67,0x45,0x57,0x67,
    0x67,0x75,0x55,0x97,0x45,0x91,0x96,0x56,0x75,0x57,0x44,0x58,0x15,0x41,0x74,0x04,
    0x05,0x75,0x5d,0xd4,0x55,0xd1,0xdd,0x77,0x40,0x00,0x1d,0x57,0x75,0x14,0x57,0x5d,
    0x5d,0x47,0x57,0x54,0x74,0x75,0x40,0x77,0xdd,0xdd,0x1d,0xdd,0xd3,0x51,0x9d,0x40,
    0x54,0x05,0x55,0x03,0xc4,0x05,0x55,0x50,0x00,0x55,0x55,0x55,0x55,0x55,0x51,0x45,
    0x55,0x51,0x45,0x15,0x55,0x55,0x54,0x05,0x75,0x45,0x40,0xdd,0xf4,0x7d,0xd1,0xd7,
    0x4c,0x00,0x59,0x45,0x55,0x41,0x55,0x54,0x55,0x55,0x55,0x55,0x55,0x45,0x55,0x55,
    0x55,0x55,0x55,0x55,0x55,0x55,0x54,0x51,0x55,0x55,0x55,0x55,0x55,0x55,0x45,0x14,
    0x01,0x75,0x55,0x55,0x97,0x02,0x5d,0x10,0x15,0x55,0x55,0x55,0x55,0x55,0x55,0x55,
    0x55,0x52,0xed,0xa5,0x5d,0x85,0x57,0x77,0x51,0x55,0x59,0x45,0x45,0x55,0x1d,0xd1,
    0x95,0x54,0x5d,0x55,0x50,0x04,0xcc,0xcc,0x44,0x4f,0x33,0x47,0x44,0x4d,0x1c,0x1d,
    0xf4,0x15,0xdd,0xd4,0x5d,0x41,0x44,0x37,0x3f,0xfd,0xc0,0x0d,0x41,0x5d,0x55,0x55,
    0x54,0x15,0x55,0x09,0x55,0x55,0xd5,0xd5,0x50,0x07,0x75,0xc0,0x51,0xd1,0xdd,0x55,
    0x55,0x55,0x97,0x55,0x55,0x55,0x57,0x44,0x44,0x00,0x00,0x00,0x03,0x40,0x55,0x00,
    0x55,0xd4,0x75,0x45,0xd1,0x15,0x54,0x40,0x00,0x1d,0x55,0xd1,0x47,0x75,0xd1,0x55,
    0x15,0x55,0x45,0x45,0x55,0x54,0x03,0x77,0x74,0x77,0x77,0x74,0x41,0x75,0xd5,0x41,
    0x55,0x55,0x55,0x00,0x73,0x15,0x76,0x50,0x00,0x15,0x55,0x55,0x55,0x54,0x55,0x55,
    0x14,0x55,0x55,0x51,0x45,0x55,0x54,0x05,0x56,0x56,0x50,0x1c,0x77,0xdd,0x37,0x3d,
    0xdd,0x00,0x57,0x5c,0x33,0x40,0x55,0x55,0x45,0x14,0x51,0x45,0x14,0x54,0x51,0x51,
    0x55,0x54,0x54,0x51,0x45,0x14,0x55,0x55,0x45,0x15,0x55,0x14,0x51,0x45,0x55,0x55,
    0x01,0x55,0x75,0xd1,0x14,0x01,0x75,0x5c,0x15,0x14,0x51,0x45,0x14,0x55,0x55,0x15,
    0x55,0x59,0x9a,0x49,0x59,0x01,0x75,0x55,0x95,0x75,0x14,0x56,0x57,0x75,0x55,0x55,
    0x77,0x75,0x65,0x19,0x14,0x4c,0x44,0x44,0xcf,0x11,0x1c,0xcc,0x31,0x34,0xc7,0x07,
    0x4c,0x00,0x54,0x75,0xd5,0x70,0x40,0xff,0xff,0xd3,0xc4,0x00,0x00,0x55,0xdd,0xd4,
    0x54,0x15,0x55,0x41,0x55,0x9d,0x59,0x55,0x50,0x05,0xdd,0x70,0x05,0x47,0x44,0x44,
    0x74,0x51,0x55,0x5d,0x59,0xd7,0x44,0x5d,0x55,0x00,0x33,0x03,0x00,0x00,0x79,0x80,
    0x5d,0x45,0xd1,0xdd,0x15,0x5d,0x00,0x00,0x45,0x57,0x47,0x47,0x55,0x1d,0x17,0x75,
    0x5d,0x17,0x55,0x57,0x5d,0xd4,0x00,0x1d,0xdd,0xdd,0xdd,0xdd,0xf0,0x59,0x59,0x41,
    0x59,0x55,0x9d,0x50,0x31,0x05,0x55,0x50,0x00,0x55,0x55,0x55,0x55,0x45,0x51,0x45,
    0x55,0x51,0x45,0x15,0x55,0x55,0x55,0x05,0x95,0x65,0xd4,0x07,0x4d,0x13,0x77,0x53,
    0x4d,0x70,0x65,0xc0,0x00,0x01,0x55,0x45,0x55,0x55,0x55,0x55,0x55,0x55,0x55,0x15,
    0x55,0x45,0x55,0x55,0x55,0x55,0x45,0x14,0x55,0x55,0x55,0x55,0x55,0x54,0x51,0x45,
    0x40,0x56,0x55,0x67,0x50,0x25,0xd1,0xd8,0x15,0x55,0x55,0x55,0x55,0x55,0x55,0x51,
    0x55,0x5b,0x44,0x95,0x59,0x41,0x56,0x45,0x75,0x56,0x55,0x55,0xd5,0x59,0xd7,0x67,
    0x55,0x57,0x5d,0x57,0x54,0x34,0xcc,0xcd,0x11,0x33,0x31,0x11,0xd3,0x41,0x31,0x07,
    0x00,0x10,0x1d,0x5d,0x14,0x50,0x44,0x1f,0x7d,0xff,0x45,0x04,0x10,0xd5,0x55,0x55,
    0x67,0x15,0x55,0x05,0x75,0x55,0x55,0x59,0x60,0x0d,0x77,0x57,0x03,0x54,0x55,0xdd,
    0xd1,0x97,0x44,0x45,0x1d,0x44,0x55,0xd4,0x47,0x07,0x55,0xd5,0x01,0x67,0x51,0x50,
    0x14,0x5d,0x5d,0x45,0x5f,0x00,0x00,0x45,0x5d,0xd1,0x74,0x55,0x1d,0x51,0x75,0x51,
    0xd5,0x5d,0x5d,0xd5,0x95,0x40,0xdc,0x01,0xdd,0xdd,0xdd,0xdd,0x41,0x65,0x15,0x05,
    0x55,0x65,0x55,0x54,0x03,0x05,0x95,0x50,0x00,0x15,0x55,0x55,0x55,0x55,0x15,0x55,
    0x14,0x55,0x55,0x54,0x55,0x55,0x15,0x09,0x74,0x5d,0x54,0x00,0xd7,0x77,0x4d,0x37,
    0x1d,0x00,0x55,0x00,0x00,0x05,0x55,0x54,0x51,0x45,0x14,0x51,0x45,0x14,0x51,0x55,
    0x55,0x55,0x45,0x14,0x51,0x45,0x55,0x55,0x51,0x55,0x51,0x45,0x14,0x55,0x55,0x55,
    0x40,0x15,0x5d,0x15,0x00,0x17,0x59,0x90,0x14,0x51,0x45,0x14,0x51,0x55,0x45,0x15,
    0x55,0x56,0xa9,0xb9,0x5d,0x81,0x65,0x57,0x57,0x75,0x75,0xdd,0x5d,0x95,0x75,0x45,
    0x45,0x15,0x55,0xd5,0x64,0x0c,0x44,0x44,0xcc,0x44,0x44,0xcc,0x31,0x34,0x4c,0x0c,
    0x15,0x55,0x37,0x47,0x57,0x54,0x04,0xff,0xff,0x3f,0x05,0x4d,0x54,0x00,0x59,0x59,
    0xd5,0x15,0x55,0x41,0x56,0x56,0x64,0x54,0x50,0x07,0x5d,0xdd,0xc0,0x1d,0x4d,0x14,
    0x57,0x44,0x5d,0x5d,0x44,0x55,0xd1,0x11,0x75,0x07,0x7f,0x7c,0x15,0x56,0x17,0x74,
    0x05,0xd1,0x17,0x5d,0x00,0x00,0x75,0x5d,0xd4,0x77,0x45,0xd1,0xd4,0x77,0x57,0x55,
    0x5d,0x75,0x15,0x45,0x45,0x40,0x75,0xc0,0xdd,0xdd,0xdd,0xd3,0x41,0x5d,0x57,0x05,
    0x96,0x55,0xd5,0x95,0x00,0x15,0x59,0x50,0x00,0x55,0x55,0x55,0x51,0x45,0x54,0x51,
    0x55,0x51,0x45,0x15,0x55,0x55,0x55,0x01,0x55,0x55,0x95,0x40,0x03,0xdd,0xdd,0xdd,
    0xd0,0x01,0x58,0x05,0x55,0x55,0x55,0x15,0x55,0x55,0x55,0x55,0x55,0x55,0x55,0x55,
    0x54,0x54,0x55,0x55,0x55,0x54,0x51,0x45,0x15,0x55,0x55,0x55,0x55,0x45,0x14,0x51,
    0x50,0x05,0xd4,0x5c,0x01,0x65,0x1d,0x14,0x15,0x55,0x55,0x55,0x55,0x55,0x55,0x54,
    0x55,0x54,0x67,0x95,0x54,0x41,0x5d,0xd5,0x45,0x54,0x56,0x55,0xd5,0x47,0x54,0x55,
    0x56,0x5d,0x1d,0x51,0x54,0xd1,0x33,0x31,0x11,0x3c,0xf1,0x11,0xc4,0xcc,0xd1,0xc0,
    0x55,0xd4,0x15,0xd5,0x75,0xdd,0x04,0xf4,0xf7,0xf7,0x05,0x41,0x55,0x40,0x00,0x05,
    0x55,0x05,0x55,0x05,0x65,0x75,0x55,0x65,0x50,0x05,0xd7,0x77,0x5c,0x01,0xd5,0x45,
    0x11,0x75,0xd1,0xd1,0xd5,0x11,0x17,0x57,0x55,0xcd,0xdd,0xd0,0x1c,0x01,0x76,0x55,
    0x01,0x75,0x74,0x00,0x01,0x15,0x5d,0xd1,0x45,0x55,0x5d,0x75,0x45,0xd5,0x15,0x17,
    0x54,0x55,0x5d,0x57,0x55,0x01,0xdd,0x5c,0x07,0x47,0x47,0x77,0x41,0x55,0x94,0x15,
    0x55,0x5d,0x55,0x55,0x51,0x55,0x95,0x50,0x00,0x15,0x55,0x55,0x55,0x55,0x45,0x55,
    0x45,0x15,0x55,0x55,0x55,0x51,0x45,0x40,0x56,0x65,0x59,0x54,0x00,0x00,0xc4,0xc4,
    0x00,0x05,0x5c,0x05,0x55,0x55,0x55,0x55,0x14,0x51,0x45,0x14,0x51,0x45,0x15,0x15,
    0x55,0x55,0x51,0x45,0x14,0x55,0x55,0x55,0x55,0x55,0x45,0x14,0x51,0x55,0x55,0x55,
    0x54,0x01,0x55,0x80,0x05,0xd1,0x65,0x74,0x04,0x45,0x55,0x14,0x55,0x54,0x51,0x45,
    0x55,0x56,0xb6,0x6d,0x59,0x91,0x55,0x51,0x56,0x45,0x75,0x75,0x51,0x55,0x45,0x5d,
    0xd5,0xd5,0x55,0x95,0xd4,0x0c,0x44,0x44,0xcc,0x44,0x44,0xf3,0x11,0x11,0x0c,0x41,
    0x5d,0x54,0xdd,0x75,0xd1,0xd5,0x00,0x7f,0xff,0xff,0x04,0x41,0x59,0x50,0x11,0x0d,
    0x75,0x15,0x55,0x41,0x55,0x55,0x15,0x55,0x50,0x0d,0x75,0xdd,0xd5,0xc0,0x07,0x5d,
    0x97,0x44,0x57,0x45,0x47,0x5d,0x75,0x15,0x10,0x01,0xdd,0xf0,0x00,0x07,0x5d,0x1d,
    0x41,0x5c,0xc0,0x00,0x55,0x77,0x44,0x57,0x74,0xc3,0x17,0x47,0x5d,0x45,0x75,0x75,
    0x45,0x5d,0xd5,0x15,0xd7,0x07,0x77,0xf5,0x01,0xdd,0xdd,0xdd,0x05,0x9d,0x54,0x15,
    0x97,0x55,0x59,0x65,0x55,0x59,0x5d,0x50,0x00,0x55,0x55,0x55,0x45,0x14,0x55,0x14,
    0x55,0x54,0x51,0x45,0x55,0x55,0x55,0x40,0x05,0x5d,0x14,0x65,0x40,0x00,0x00,0x00,
    0x00,0x55,0x90,0x15,0x55,0x55,0x51,0x45,0x55,0x55,0x55,0x55,0x55,0x55,0x51,0x55,
    0x54,0x51,0x55,0x55,0x55,0x45,0x14,0x51,0x55,0x54,0x55,0x55,0x55,0x45,0x14,0x51,
    0x45,0x00,0x20,0x00,0x59,0x76,0xd1,0xd4,0x00,0x00,0x05,0x55,0x55,0x55,0x55,0x55,
    0x55,0x55,0x68,0xa5,0x56,0x73,0x74,0x56,0x75,0x55,0x57,0x54,0x55,0xdd,0x56,0x55,
    0x67,0x59,0x9d,0x45,0x74,0x13,0x33,0xcd,0x11,0xcc,0xcd,0x11,0x33,0x33,0x44,0x05,
    0x75,0x40,0x74,0x15,0x17,0x55,0x70,0xff,0x73,0x7c,0x00,0x05,0xd5,0x41,0x55,0x55,
    0x55,0x05,0x55,0x05,0x5d,0x65,0x59,0xd6,0x50,0x07,0x5d,0x77,0x77,0x5c,0x00,0x17,
    0x74,0x55,0xd1,0x51,0x14,0x74,0x51,0x70,0x00,0x01,0xf7,0x74,0xd0,0x15,0xd9,0x76,
    0x70,0x00,0x04,0x54,0x1d,0xd1,0xd5,0xc0,0x00,0x00,0x01,0x5d,0x14,0x5d,0x5d,0x57,
    0x57,0x55,0x51,0x5d,0x54,0x07,0x7d,0xdf,0x71,0xdd,0xdd,0x1d,0x05,0x55,0xd0,0x15,
    0x55,0x56,0x55,0x57,0x55,0x95,0xd5,0x50,0x00,0x15,0x55,0x54,0x55,0x55,0x51,0x55,
    0x51,0x45,0x55,0x55,0x55,0x14,0x51,0x54,0x00,0x00,0x00,0x01,0x55,0x44,0x40,0x00,
    0x75,0x59,0x40,0x15,0x55,0x55,0x55,0x55,0x14,0x51,0x45,0x14,0x51,0x45,0x55,0x55,
    0x45,0x55,0x14,0x51,0x45,0x55,0x55,0x55,0x55,0x55,0x51,0x45,0x14,0x55,0x55,0x55,
    0x55,0x50,0x00,0x01,0x74,0x5d,0x57,0x64,0x04,0x00,0x00,0x05,0x55,0x51,0x45,0x14,
    0x55,0x55,0xd9,0x91,0x57,0x90,0x55,0x75,0x57,0x5d,0xd5,0x45,0x65,0x55,0xd5,0xdd,
    0x75,0x54,0x55,0x57,0x55,0x0d,0x11,0x13,0x3c,0x44,0x70,0xcc,0x44,0x44,0x30,0x15,
    0x55,0x01,0xc0,0x07,0x5d,0x51,0xd0,0x1c,0xff,0xc4,0x15,0x41,0x55,0x05,0x56,0x57,
    0x5d,0x15,0x55,0x41,0x55,0x56,0x55,0x55,0x50,0x05,0xd7,0x5d,0xdd,0xd5,0x70,0x00,
    0x45,0x75,0x17,0x45,0x75,0x55,0xd0,0x00,0x05,0x53,0x77,0xdd,0x40,0x5d,0x61,0xd1,
    0x40,0x05,0x55,0x75,0x05,0x15,0x4c,0x00,0x01,0x11,0x00,0x15,0xdd,0xd7,0x55,0xd5,
    0x75,0x44,0x55,0xd5,0x14,0x1d,0xdd,0x1d,0xdd,0xdd,0xdd,0xdc,0x35,0xd9,0x50,0x56,
    0x59,0x65,0x59,0xd5,0x59,0x5d,0x55,0x90,0x00,0x14,0x51,0x55,0x54,0x51,0x55,0x45,
    0x15,0x55,0x15,0x55,0x55,0x55,0x55,0x45,0x00,0x00,0x00,0x00,0x55,0x55,0x55,0x55,
    0x55,0x55,0xc0,0x15,0x55,0x55,0x14,0x51,0x55,0x55,0x55,0x55,0x55,0x54,0x55,0x55,
    0x55,0x45,0x55,0x55,0x54,0x51,0x45,0x15,0x55,0x51,0x55,0x55,0x55,0x51,0x45,0x54,
    0x44,0x40,0x00,0x75,0x97,0x64,0x75,0x17,0x05,0x54,0x00,0x00,0x11,0x55,0x55,0x55,
    0x55,0x55,0x87,0xb6,0x55,0x90,0x59,0x59,0xd5,0x75,0x64,0x56,0x5d,0xd9,0x67,0x56,
    0x54,0x75,0x74,0x75,0x65,0x03,0x33,0x31,0x11,0x33,0x11,0x11,0x3c,0xf1,0xd0,0x57,
    0x45,0x07,0x01,0x41,0x75,0x47,0x54,0x3f,0xdf,0xfc,0x55,0x50,0x5d,0x05,0x75,0x75,
    0x54,0x15,0x55,0x05,0x65,0x95,0x75,0x65,0x70,0x0d,0x75,0xd7,0x45,0x5d,0xd7,0x40,
    0x00,0x04,0x75,0x17,0x53,0x00,0x00,0x05,0x5d,0xd0,0x7d,0xdd,0x05,0x64,0x15,0x65,
    0xc1,0x57,0x77,0x5d,0x07,0x5c,0x00,0x15,0x55,0x55,0x54,0x01,0x75,0x55,0x1d,0x47,
    0x54,0x55,0x9d,0x51,0x50,0xdd,0xdd,0xdd,0xdd,0xdd,0xd1,0xdc,0x15,0x55,0x50,0x55,
    0x55,0x55,0xd5,0x55,0x95,0x55,0x59,0x50,0x00,0x15,0x55,0x55,0x15,0x55,0x14,0x55,
    0x54,0x51,0x54,0x55,0x51,0x45,0x14,0x55,0x54,0x40,0x76,0x70,0x16,0x55,0x95,0x55,
    0x59,0x94,0x04,0x15,0x55,0x55,0x55,0x55,0x45,0x14,0x51,0x45,0x14,0x55,0x55,0x55,
    0x45,0x55,0x45,0x14,0x55,0x55,0x55,0x55,0x55,0x15,0x14,0x51,0x45,0x15,0x54,0x40,
    0x00,0x00,0x15,0x57,0x45,0x15,0xd1,0x75,0x06,0x74,0x04,0x00,0x00,0x00,0x45,0x55,
    0x55,0x55,0x69,0x99,0x56,0x18,0x57,0x55,0x51,0x56,0x55,0x65,0xd5,0x51,0x55,0x45,
    0x45,0x57,0x55,0x56,0x5d,0x04,0x44,0x44,0xcc,0x44,0x4f,0x3c,0x44,0x44,0x00,0x55,
    0x50,0x10,0x15,0x52,0x55,0xd5,0x57,0x0d,0xff,0x70,0x15,0x50,0x55,0x41,0x55,0x55,
    0x14,0x15,0x55,0x41,0x51,0x75,0x56,0x57,0x50,0x07,0x5d,0xdd,0xd5,0x57,0x77,0x77,
    0x30,0x00,0x00,0x00,0x00,0x00,0x06,0x41,0xd5,0x50,0xdd,0xdc,0x07,0x00,0x9d,0x14,
    0x05,0xdd,0x11,0x11,0x41,0xc0,0x05,0x55,0x55,0x55,0x55,0x01,0x47,0x75,0x55,0x55,
    0x15,0x75,0xd5,0x15,0x50,0x77,0x77,0x77,0x77,0x77,0x77,0x70,0x00,0x00,0x01,0x59,
    0x75,0xd5,0x55,0x65,0x57,0x56,0x55,0x50,0x00,0x15,0x55,0x51,0x54,0x51,0x55,0x51,
    0x45,0x55,0x45,0x55,0x55,0x55,0x55,0x51,0x55,0x50,0x54,0x54,0x05,0x75,0x5d,0x99,
    0xd5,0xd4,0x07,0x15,0x55,0x51,0x45,0x14,0x55,0x55,0x55,0x55,0x55,0x45,0x55,0x54,
    0x54,0x51,0x55,0x55,0x45,0x14,0x51,0x55,0x55,0x55,0x55,0x55,0x55,0x55,0x00,0x00,
    0x00,0x45,0x07,0x46,0x5d,0x74,0x59,0xd9,0x0d,0x54,0x1d,0x74,0x00,0x00,0x00,0x00,
    0x55,0x65,0xde,0x4b,0x55,0x98,0x15,0x91,0xd5,0xd5,0x1d,0x5d,0x51,0x95,0xd1,0x57,
    0x55,0x95,0x67,0x65,0x15,0x43,0x33,0x31,0x11,0x33,0xd1,0x11,0x33,0x31,0xc1,0x77,
    0x50,0x40,0x55,0x41,0x51,0x45,0xd1,0x40,0xc7,0xc1,0x05,0x54,0x03,0x40,0x00,0xd5,
    0x64,0x15,0x55,0x05,0x53,0x56,0x55,0x75,0x50,0x05,0xd7,0x77,0x55,0x55,0xdd,0xdd,
    0x57,0x4c,0x00,0x00,0x02,0x46,0x66,0x41,0x44,0xdc,0x1d,0xf4,0x00,0x00,0x57,0x5c,
    0x15,0xd4,0x57,0x57,0x40,0x01,0x55,0x51,0x55,0x55,0x55,0x50,0x55,0x51,0xdd,0x1d,
    0x5d,0x5d,0x51,0x59,0x40,0x7d,0xd1,0xdd,0xdd,0xd1,0xdd,0x01,0xd0,0x00,0x05,0x55,
    0x55,0x59,0x65,0x57,0x55,0x65,0x5d,0x50,0x00,0x15,0x55,0x55,0x45,0x55,0x45,0x15,
    0x55,0x14,0x55,0x55,0x14,0x51,0x45,0x15,0x14,0x40,0x65,0xd8,0x01,0x59,0xd5,0x55,
    0x65,0x40,0x14,0x15,0x55,0x55,0x55,0x55,0x51,0x45,0x14,0x51,0x45,0x55,0x55,0x55,
    0x55,0x55,0x45,0x14,0x55,0x55,0x55,0x55,0x51,0x45,0x15,0x14,0x51,0x50,0x00,0x04,
    0x50,0x54,0x05,0x9d,0x17,0x65,0x9d,0x45,0x01,0xe6,0x07,0x47,0x74,0x00,0x00,0x00,
    0x55,0x55,0x69,0xa6,0x55,0xe4,0x17,0x55,0x5d,0x51,0x55,0xd5,0xd5,0x75,0x55,0xd5,
    0x67,0x51,0x75,0x51,0x55,0x41,0x11,0x13,0x33,0x44,0x33,0x33,0x44,0x44,0x05,0x55,
    0x40,0x05,0x55,0x05,0x77,0x55,0x17,0x40,0x00,0x01,0x41,0x40,0x00,0x14,0x00,0x01,
    0x54,0x59,0x99,0x0d,0x51,0x55,0x45,0x55,0x50,0x07,0x75,0xd5,0xd5,0x55,0xd7,0x77,
    0x77,0x55,0x59,0x99,0x99,0xaa,0x6a,0x41,0xdd,0x54,0x37,0x74,0x03,0x41,0x41,0x40,
    0x5d,0x11,0xdd,0xd1,0x00,0x15,0x55,0x55,0x75,0xd7,0x59,0x50,0x1d,0x15,0x55,0x55,
    0xd5,0xd5,0x15,0xd5,0xc3,0x77,0x77,0x74,0x77,0x77,0x70,0x07,0x74,0x05,0x55,0x96,
    0x59,0x55,0x57,0x55,0x65,0x57,0x55,0x50,0x00,0x15,0x55,0x14,0x55,0x14,0x55,0x54,
    0x51,0x55,0x55,0x55,0x55,0x55,0x55,0x55,0x55,0x50,0x74,0x45,0x40,0x55,0x59,0xdd,
    0x55,0x00,0x64,0x15,0x54,0x51,0x45,0x14,0x55,0x55,0x55,0x55,0x54,0x55,0x55,0x15,
    0x15,0x14,0x55,0x55,0x51,0x45,0x15,0x55,0x15,0x55,0x55,0x55,0x55,0x00,0x05,0x75,
    0xc1,0x75,0x07,0x57,0x64,0x47,0x44,0x5d,0x05,0x47,0x07,0x77,0x45,0x57,0x44,0x00,
    0x55,0x55,0xe2,0x79,0xd5,0x99,0x15,0x77,0x55,0x95,0xd7,0x51,0x57,0x54,0x75,0x67,
    0x55,0xd5,0xd5,0x15,0xdd,0x73,0x33,0x34,0x44,0xcd,0x11,0x11,0x33,0x31,0x05,0xd5,
    0x00,0x55,0xd4,0x35,0xd4,0x5d,0x75,0x50,0x10,0x30,0x50,0x03,0xf4,0x35,0x55,0x41,
    0x50,0x27,0x79,0x85,0x90,0x59,0x56,0x56,0x50,0x05,0xdd,0x55,0x55,0x55,0xdd,0xdd,
    0xdd,0xf7,0x79,0xaa,0xaa,0x9a,0xa6,0xb1,0x57,0x45,0x07,0x7d,0xdd,0x05,0x01,0x81,
    0x75,0x55,0x74,0x00,0x05,0x55,0x5d,0x75,0x55,0x55,0x55,0x54,0x15,0x5d,0x74,0x75,
    0x51,0x51,0x5d,0x55,0x0d,0xdd,0x1d,0xdd,0xdd,0xd3,0x00,0xdd,0xd0,0x01,0x59,0x55,
    0x55,0x97,0x55,0x65,0x56,0x75,0x59,0x50,0x00,0x15,0x51,0x55,0x51,0x55,0x51,0x45,
    0x55,0x45,0x55,0x54,0x51,0x45,0x15,0x14,0x51,0x50,0x91,0x9d,0x70,0x15,0x95,0x56,
    0x50,0x01,0x77,0x05,0x55,0x55,0x55,0x55,0x51,0x45,0x14,0x51,0x45,0x55,0x55,0x51,
    0x51,0x55,0x51,0x45,0x15,0x55,0x55,0x55,0x55,0x50,0x00,0x05,0x54,0x00,0x51,0xd3,
    0x70,0x58,0x05,0xd1,0x75,0x97,0x55,0xd9,0x6d,0x95,0x07,0x11,0xdf,0xf7,0x77,0x57,
    0x55,0x55,0x96,0xd8,0x55,0xe7,0x05,0x55,0x45,0x75,0x59,0x55,0x75,0x45,0x59,0xd5,
    0x1d,0x5d,0x51,0x5d,0x56,0x50,0x44,0x4c,0xcd,0x13,0x33,0x33,0x11,0xd3,0x15,0x5d,
    0x75,0x67,0x50,0x15,0x75,0x5d,0xd7,0x54,0x14,0x14,0x10,0x3d,0xff,0x05,0x55,0x70,
    0x50,0x19,0x99,0x01,0x51,0x55,0xd5,0x75,0x50,0x0d,0x77,0x55,0x55,0x55,0xd7,0x77,
    0x77,0x5d,0x9a,0x66,0x66,0xa6,0x7a,0x41,0xd1,0x75,0x0d,0xdd,0xdd,0x00,0x07,0x07,
    0x51,0x33,0x00,0x01,0x55,0x55,0xd5,0x55,0x59,0x65,0x97,0x55,0x05,0xd5,0xd5,0x54,
    0x55,0xd5,0x55,0x74,0x07,0x77,0x77,0x77,0x70,0x00,0x04,0x5d,0xdc,0x05,0x55,0x75,
    0xd5,0x55,0x65,0x56,0x75,0x55,0x95,0x50,0x00,0x15,0x55,0x45,0x15,0x45,0x15,0x55,
    0x14,0x55,0x55,0x55,0x55,0x55,0x51,0x55,0x55,0x50,0x15,0xd4,0x58,0x01,0x55,0x95,
    0x10,0x05,0xd4,0x15,0x51,0x45,0x14,0x51,0x55,0x55,0x55,0x55,0x55,0x55,0x55,0x15,
    0x55,0x51,0x55,0x55,0x54,0x51,0x55,0x55,0x14,0x40,0x00,0x00,0x50,0x05,0x1d,0x1d,
    0xc1,0x75,0x06,0x67,0x51,0xdd,0x86,0x47,0x54,0x74,0x0d,0xdd,0x1d,0x11,0xd1,0xf7,
    0x55,0x54,0xad,0xa6,0xa5,0x91,0x06,0x46,0x59,0x57,0x54,0x5d,0x59,0x56,0x55,0x51,
    0x55,0x55,0x95,0x95,0x75,0x50,0xcc,0xd1,0x10,0xc4,0x44,0x44,0x4c,0x34,0x17,0x55,
    0x56,0x55,0x41,0x70,0x05,0x45,0x55,0x75,0x07,0x54,0x03,0xdf,0xfd,0x05,0xd5,0xd0,
    0x70,0x19,0xd1,0xc5,0x50,0x55,0x59,0x55,0x50,0x07,0x5d,0x55,0x55,0x55,0x1d,0xdd,
    0xdd,0xdd,0xb6,0xba,0xba,0x7a,0xa6,0x91,0x57,0x47,0x43,0x77,0x77,0x00,0x34,0x14,
    0x00,0x00,0x01,0x55,0x55,0x5d,0x55,0x54,0x55,0x55,0x55,0x55,0x0d,0x5d,0x51,0x75,
    0xdd,0x57,0x30,0x00,0x1d,0xdd,0xdd,0xdc,0x00,0x01,0xdd,0xdd,0xd0,0x0d,0x59,0x55,
    0x59,0xd6,0x57,0x65,0x55,0x59,0x57,0x50,0x00,0x55,0x45,0x55,0x54,0x55,0x54,0x51,
    0x55,0x55,0x55,0x14,0x51,0x45,0x15,0x51,0x45,0x10,0x5d,0x19,0xd5,0x00,0x1d,0x44,
    0x00,0x59,0x85,0x05,0x55,0x55,0x55,0x55,0x14,0x51,0x45,0x15,0x51,0x10,0x45,0x55,
    0x15,0x15,0x14,0x51,0x45,0x55,0x55,0x45,0x50,0x00,0x00,0x00,0x00,0x17,0x74,0x74,
    0x43,0x54,0x05,0xd5,0x19,0x75,0x5d,0xd5,0x1d,0x59,0x07,0x47,0x74,0x77,0x47,0x47,
    0x55,0x59,0xda,0x1b,0x49,0xe9,0x81,0x55,0xd7,0x45,0x9d,0x56,0x47,0x47,0x4d,0x15,
    0xd8,0x74,0x5d,0x77,0x51,0x14,0x11,0x0c,0xc4,0x4c,0xcc,0xcc,0xd1,0x30,0x15,0x76,
    0x51,0x75,0x00,0x01,0x05,0xd5,0x51,0xd5,0xc0,0x18,0x0d,0xff,0xd3,0xcd,0x57,0x54,
    0x04,0x19,0x99,0x09,0x52,0x59,0x55,0xd6,0x50,0x05,0xd5,0x55,0x55,0x55,0xd7,0x77,
    0x77,0x76,0x09,0x99,0x9a,0xa4,0xaa,0x60,0x55,0x55,0x50,0x7d,0xf4,0x01,0x00,0x55,
    0x44,0x55,0x55,0x55,0x59,0xd5,0x54,0x55,0x5d,0x45,0x15,0x45,0x41,0x55,0x15,0xd5,
    0x55,0x00,0x00,0x01,0xdd,0xdd,0xdd,0xc0,0x07,0x55,0x77,0x77,0xdc,0x05,0x55,0x59,
    0x55,0x55,0x55,0x55,0x59,0xd5,0x45,0x50,0x00,0x15,0x54,0x51,0x45,0x51,0x45,0x55,
    0x45,0x55,0x55,0x55,0x55,0x55,0x54,0x55,0x55,0x50,0x19,0x91,0x87,0x40,0x00,0x00,
    0x07,0x64,0x57,0x05,0x45,0x14,0x51,0x45,0x55,0x55,0x55,0x50,0x00,0x00,0x05,0x45,
    0x51,0x55,0x55,0x55,0x55,0x15,0x55,0x55,0x40,0x05,0x55,0x50,0x01,0x5d,0x1d,0xd1,
    0xc1,0x44,0x19,0x11,0x9d,0x18,0x75,0x61,0x67,0x47,0x0d,0x1d,0x1d,0xd1,0xdd,0xdd,
    0x55,0xba,0x61,0xa6,0x9a,0x66,0x41,0x75,0x55,0x55,0x15,0xd4,0x54,0x74,0x74,0x7d,
    0x1d,0x19,0x11,0x11,0x1d,0xdd,0x0c,0xc4,0x4c,0xc4,0x44,0x44,0xcc,0x44,0x57,0x55,
    0x15,0x54,0x34,0x05,0x41,0x57,0x75,0x47,0x50,0x00,0x3f,0xff,0xff,0x05,0x5d,0x77,
    0x04,0x1b,0x69,0x81,0x50,0x55,0xd5,0x55,0x50,0x0d,0x77,0x55,0x55,0x55,0xdd,0xdd,
    0xdd,0xd4,0x12,0xab,0xa9,0x2a,0x67,0xa0,0x55,0x55,0x50,0xdd,0xdc,0x15,0x01,0x55,
    0x55,0x55,0x55,0x55,0xd5,0x55,0x65,0x65,0x95,0x55,0x54,0x55,0x81,0x75,0x5d,0x51,
    0x70,0x00,0x41,0xdd,0xdd,0xd1,0xdd,0x01,0xd5,0xdd,0xdd,0xfd,0xd0,0x01,0x5d,0x55,
    0x95,0x65,0xd6,0x5d,0x95,0x55,0x55,0x50,0x00,0x55,0x15,0x55,0x55,0x15,0x55,0x14,
    0x55,0x55,0x51,0x45,0x14,0x51,0x45,0x51,0x45,0x50,0x1d,0x17,0x51,0x56,0x00,0x00,
    0x65,0x1d,0xd1,0x05,0x55,0x55,0x55,0x55,0x15,0x55,0x10,0x00,0x00,0x00,0x00,0x55,
    0x55,0x51,0x45,0x14,0x51,0x55,0x55,0x54,0x00,0x57,0x5d,0xd5,0x05,0xd7,0x74,0x77,
    0x41,0x59,0x77,0x59,0xd5,0x75,0x61,0x17,0x75,0x15,0x07,0x77,0x74,0x77,0x44,0x74,
    0x5b,0x64,0x9a,0x79,0x27,0x92,0x60,0x57,0x47,0x65,0x5d,0x65,0x77,0x47,0x45,0xd1,
    0x91,0x74,0x77,0x76,0x74,0x65,0x01,0x0c,0x31,0x30,0xc3,0x31,0x10,0xc0,0x15,0x65,
    0x57,0x54,0x10,0xd5,0x41,0x5d,0x1d,0xdd,0x50,0x04,0x1f,0xf7,0xfd,0xc5,0x74,0x55,
    0x05,0x05,0x86,0x05,0x51,0x59,0x59,0x65,0x40,0x07,0x5d,0x55,0x55,0x55,0xd7,0x77,
    0x77,0x60,0x61,0xb6,0x9a,0x9a,0xaa,0x60,0x57,0x5d,0x54,0x37,0x74,0x15,0x45,0x65,
    0x95,0x55,0x55,0xd5,0x55,0x56,0x55,0x55,0x55,0x55,0x65,0x55,0x41,0x51,0xd5,0xd5,
    0x00,0x1d,0xd0,0x77,0x77,0x77,0x74,0x05,0x77,0x77,0x77,0x77,0xdc,0x05,0x55,0x9d,
    0x5d,0x55,0x55,0x55,0x55,0x67,0x59,0x50,0x00,0x15,0x54,0x51,0x45,0x54,0x51,0x55,
    0x55,0x55,0x55,0x55,0x55,0x55,0x55,0x15,0x55,0x50,0x15,0x75,0x16,0xd9,0x57,0x55,
    0x77,0x54,0x59,0x01,0x55,0x55,0x55,0x55,0x51,0x00,0x00,0x00,0x44,0x51,0x00,0x54,
    0x54,0x55,0x55,0x55,0x55,0x55,0x54,0x54,0x05,0x75,0xd5,0x75,0x5d,0x75,0xd1,0xd1,
    0xc1,0xdd,0x95,0xdd,0x47,0x51,0xd5,0x75,0x91,0x64,0x07,0x44,0x47,0x44,0x77,0x47,
    0x66,0x19,0xe7,0x92,0x79,0x27,0x9c,0x15,0x55,0x5d,0xd5,0x5d,0x11,0x96,0x77,0x59,
    0xd7,0x47,0x74,0x64,0x46,0x4d,0x40,0xd1,0x10,0xc4,0xd1,0x0c,0x31,0x34,0x17,0x51,
    0x75,0x50,0xc0,0x55,0x85,0xd5,0x54,0x55,0x54,0x14,0xff,0x7c,0xdf,0x00,0x55,0xdd,
    0x40,0x0d,0x99,0x4d,0x50,0x55,0x54,0x54,0x50,0x05,0xd7,0x55,0x55,0x55,0xdd,0x5d,
    0xdd,0x41,0x60,0x6a,0xa1,0xa9,0xb6,0x90,0x55,0x55,0x54,0x07,0xd0,0x55,0x55,0x55,
    0x56,0x5d,0x75,0x59,0x59,0x65,0x55,0x94,0x54,0x66,0x55,0x65,0x41,0x55,0x5d,0x54,
    0x01,0x77,0x70,0xdd,0xdd,0x1d,0xd0,0x1d,0xdd,0xdd,0xdf,0x7d,0xf0,0x05,0x65,0x55,
    0x55,0x9d,0x65,0xd5,0xd7,0x55,0x55,0x50,0x00,0x54,0x55,0x55,0x55,0x15,0x55,0x45,
    0x55,0x55,0x14,0x51,0x45,0x14,0x51,0x55,0x54,0x00,0x5c,0x61,0x9d,0x47,0x75,0xb7,
    0x45,0x25,0xd1,0x40,0x11,0x14,0x44,0x40,0x00,0x00,0x01,0x14,0x44,0x44,0x50,0x15,
    0x45,0x51,0x45,0x14,0x51,0x55,0x55,0x40,0x05,0xd1,0x47,0x5d,0xd7,0x47,0x5d,0x1d,
    0x01,0x45,0xd1,0x54,0x67,0x66,0x47,0x67,0x57,0x5c,0x34,0x77,0x77,0x77,0x74,0x77,
    0xb9,0xae,0x6d,0xa6,0x9a,0x69,0x94,0x16,0x75,0x15,0x59,0x14,0x74,0x00,0x51,0x00,
    0x11,0xd5,0x19,0x1d,0xdd,0xd4,0x70,0x0c,0x31,0x0c,0x00,0x00,0x03,0x00,0x15,0x55,
    0xd7,0x50,0x05,0x5d,0x05,0x77,0xdd,0xd5,0x35,0x04,0xff,0xcf,0xff,0xc0,0x1d,0xdd,
    0x40,0x01,0x9d,0x05,0x52,0x57,0x65,0x55,0x50,0x07,0x77,0x75,0x55,0x55,0x17,0x77,
    0x59,0x06,0x52,0xa6,0x6a,0x9b,0x9a,0x90,0x55,0x55,0xd5,0x01,0x70,0x55,0x96,0x75,
    0xd5,0x55,0x55,0x95,0x55,0x15,0x15,0x45,0x55,0x55,0x57,0x55,0x41,0xdd,0x55,0x40,
    0x17,0xdd,0xd4,0x1d,0xd1,0xdd,0xc0,0x5d,0xd7,0x77,0x77,0xdf,0x5c,0x01,0x55,0x95,
    0x95,0x55,0x55,0x59,0x55,0x56,0x59,0x50,0x00,0x15,0x45,0x14,0x51,0x54,0x51,0x55,
    0x15,0x51,0x55,0x55,0x55,0x55,0x55,0x54,0x40,0x01,0x16,0x57,0x44,0x59,0x18,0x51,
    0x99,0x74,0x67,0x60,0x00,0x00,0x00,0x00,0x00,0x04,0x44,0x41,0x11,0x04,0x44,0x05,
    0x55,0x15,0x55,0x55,0x55,0x55,0x45,0x40,0x57,0x57,0x5d,0x17,0x75,0xd5,0x17,0x77,
    0x41,0x5d,0x55,0x65,0x75,0x1d,0x76,0x45,0x1d,0x90,0x1d,0xdd,0x1d,0xdd,0xdd,0xd1,
    0x9e,0x76,0x1a,0x1e,0x76,0xde,0xe9,0x05,0x56,0x5d,0x45,0x71,0xd0,0x00,0x00,0x00,
    0x00,0x0d,0x91,0xd1,0xd1,0x1d,0xd4,0xd3,0x10,0xd1,0x00,0x45,0x10,0x03,0x05,0xdd,
    0x55,0x5c,0x55,0x95,0x07,0x75,0x45,0x51,0x5d,0x40,0xdc,0xf7,0xfd,0x05,0x35,0xd4,
    0x50,0x50,0x66,0x01,0x50,0x55,0x55,0x65,0x50,0x05,0xdd,0xd1,0x55,0x55,0xdc,0x00,
    0x34,0x19,0xa0,0x6a,0x26,0xb9,0xa8,0xa8,0x56,0x51,0x55,0x40,0x41,0x55,0x55,0x55,
    0x57,0x56,0x59,0x54,0x5d,0x55,0x57,0x55,0x65,0x5d,0x45,0x56,0x41,0x55,0xd1,0x40,
    0x7d,0xdc,0x7c,0x37,0x77,0x77,0x41,0xd7,0x77,0x77,0xdd,0xf7,0xf4,0x05,0x5d,0x55,
    0x5d,0x56,0x5d,0x55,0x65,0x95,0x55,0x90,0x00,0x14,0x55,0x55,0x55,0x45,0x55,0x55,
    0x55,0x55,0x51,0x51,0x55,0x55,0x54,0x40,0x00,0x15,0x91,0x11,0x59,0xd1,0x75,0xd9,
    0x11,0xd1,0x91,0x5c,0x00,0x00,0x00,0x00,0x44,0x51,0x11,0x11,0x10,0x44,0x10,0x05,
    0x51,0x54,0x51,0x45,0x15,0x55,0x54,0x01,0x75,0x1d,0xd7,0x75,0x1d,0x77,0x75,0xd1,
    0xc1,0xd4,0x5d,0x57,0x55,0x54,0x54,0x5d,0x91,0x40,0xd1,0xc7,0x75,0x17,0x47,0x77,
    0x99,0x26,0xa6,0x69,0xaf,0xa5,0x9d,0x81,0x75,0x56,0x5d,0x17,0x40,0x54,0x01,0x55,
    0x40,0x00,0x07,0x57,0x45,0xd1,0x1c,0x01,0x0c,0x00,0x05,0x55,0x50,0x10,0x01,0x55,
    0x76,0x55,0x59,0x74,0x00,0x01,0xd5,0x77,0x55,0x40,0xfd,0xff,0xdf,0x07,0x07,0x45,
    0xd0,0x90,0x65,0x85,0x91,0x59,0x5d,0x56,0x50,0x0d,0x57,0x77,0x55,0x55,0xd0,0x44,
    0x00,0x66,0x60,0x69,0xaa,0x6a,0xa6,0x60,0x15,0x55,0x59,0x50,0x01,0x59,0x75,0x54,
    0x55,0x55,0x55,0x45,0x55,0x55,0x65,0x55,0x57,0x55,0x55,0x55,0x41,0x75,0x55,0x01,
    0xdd,0xdd,0xd5,0x0d,0xdd,0xdd,0x00,0xc7,0x5d,0xdd,0xf7,0x7d,0xd0,0x05,0x55,0x75,
    0xd5,0x95,0x55,0x97,0x55,0x45,0xd7,0x50,0x00,0x15,0x51,0x45,0x55,0x55,0x55,0x55,
    0x55,0x55,0x55,0x55,0x44,0x44,0x00,0x00,0x01,0x59,0x75,0x9d,0x1d,0x67,0x51,0x45,
    0x76,0x45,0xd7,0x45,0x54,0x44,0x45,0x04,0x44,0x41,0x11,0x11,0x04,0x44,0x45,0x01,
    0x55,0x45,0x55,0x55,0x55,0x54,0x54,0x04,0x51,0x75,0x1d,0x77,0x54,0x5d,0x77,0x5d,
    0x01,0x65,0x95,0xd5,0x5d,0x65,0x55,0x75,0x16,0x00,0x77,0x5d,0x5d,0x75,0xd7,0x51,
    0xba,0x6d,0xb7,0x9b,0xcc,0xf2,0x7a,0x60,0x57,0x75,0x11,0xd1,0x06,0x6c,0x15,0x55,
    0x55,0x50,0x00,0x05,0x5d,0x17,0x45,0x03,0x11,0x00,0x55,0x55,0x40,0x75,0x0d,0x67,
    0x55,0xd5,0xd4,0x54,0x07,0x41,0x57,0x45,0x54,0x50,0xdf,0xff,0xf3,0x05,0x05,0x5d,
    0x54,0x14,0x19,0x01,0x50,0x55,0xd5,0x95,0x50,0x07,0x75,0xdd,0xdd,0x57,0x71,0x55,
    0x59,0x66,0x90,0xa6,0x9a,0xa6,0x2a,0x98,0x55,0xd5,0x95,0x54,0x05,0x55,0x55,0xd5,
    0x59,0x45,0x14,0x55,0x55,0x97,0x55,0x59,0x75,0x55,0x56,0x45,0x41,0x54,0x75,0x07,
    0x77,0x77,0x7d,0xc1,0xdd,0xdc,0x00,0x00,0x37,0x7d,0xdf,0xdf,0x7c,0x01,0x65,0x55,
    0x55,0x5d,0x65,0x55,0x59,0x55,0x55,0x50,0x00,0x14,0x55,0x55,0x10,0x00,0x00,0x00,
    0x00,0x00,0x00,0x00,0x00,0x00,0x00,0x01,0x55,0x57,0x56,0x56,0x74,0x45,0x19,0xd8,
    0x5d,0x19,0x19,0x19,0xd9,0x59,0x59,0x01,0x11,0x11,0x04,0x10,0x44,0x44,0x41,0x01,
    0x45,0x55,0x14,0x51,0x55,0x55,0x50,0x05,0xd7,0x5d,0x77,0x51,0xdd,0xd4,0x5d,0x17,
    0x70,0x15,0x5d,0x5d,0x55,0xd5,0xdd,0x51,0x77,0x01,0xd1,0xd7,0x47,0x74,0x75,0x17,
    0x64,0x9a,0x69,0xb4,0xff,0xff,0x99,0xd8,0x05,0x51,0xd9,0x17,0x26,0x40,0x55,0x55,
    0x55,0x55,0x50,0x00,0x36,0x75,0x9d,0x50,0xc0,0x15,0x55,0x55,0x0d,0x5d,0x05,0x55,
    0x65,0x45,0x55,0x50,0x55,0x53,0x5d,0x55,0x45,0xd4,0x3f,0xdf,0x7d,0x1d,0x0d,0xd5,
    0x54,0x24,0x19,0x05,0x51,0x5d,0x55,0x5d,0x50,0x05,0xdd,0x57,0x74,0x74,0x50,0x55,
    0x56,0x69,0x90,0x6a,0xb9,0x2a,0x66,0xa4,0x15,0x55,0x55,0x55,0xd5,0x75,0x59,0x55,
    0x95,0x55,0x55,0x55,0x99,0x55,0x54,0x55,0x55,0x64,0x65,0x55,0x41,0xd5,0x54,0x37,
    0xdd,0x1d,0xdd,0xc1,0xdd,0x1c,0x15,0x40,0x00,0xdf,0x77,0x77,0xd0,0x05,0x56,0x59,
    0x65,0x95,0x57,0x59,0x54,0x59,0x65,0x50,0x00,0x15,0x55,0x10,0x00,0x00,0x00,0x00,
    0x00,0x00,0x00,0x00,0x00,0x00,0x04,0x55,0x66,0x75,0x65,0xd5,0x55,0x9d,0x91,0x45,
    0xd1,0x5d,0x74,0x5d,0x1d,0x1d,0x14,0x04,0x44,0x11,0x11,0x11,0x11,0x11,0x11,0x00,
    0x55,0x15,0x55,0x55,0x55,0x51,0x50,0x17,0x75,0xd7,0x51,0xd7,0x5d,0x45,0xd7,0x75,
    0x50,0x03,0x55,0x55,0x9d,0x5d,0x55,0x97,0x5c,0x07,0x47,0x74,0x5d,0xdd,0x77,0x75,
    0xb9,0xbc,0xde,0x4f,0xfd,0xfc,0xd8,0x65,0x01,0xd8,0x47,0x60,0x5d,0x81,0x55,0x65,
    0x55,0x55,0x55,0x50,0x00,0x11,0x14,0x70,0x00,0x55,0x55,0x57,0x05,0xd4,0x05,0xdd,
    0x47,0x57,0x45,0x42,0x55,0x41,0x55,0x57,0x77,0x74,0x3d,0xff,0xfc,0x00,0x00,0x55,
    0x5d,0x06,0x06,0xc9,0x50,0x55,0x65,0xd5,0x50,0x0d,0x77,0x75,0xdd,0xdd,0xd4,0x19,
    0x99,0x9a,0xac,0x19,0x9a,0x9a,0xa8,0x68,0x15,0x65,0x45,0xd5,0x56,0x55,0xd5,0x59,
    0x55,0x65,0x65,0x59,0x55,0x45,0x45,0x57,0x56,0x55,0x55,0x55,0x41,0x5d,0xd0,0x1d,
    0xdd,0xdd,0x1d,0xd0,0x77,0x70,0x55,0x55,0x40,0x37,0xfd,0xfd,0xdc,0x05,0x75,0x55,
    0x55,0x55,0x95,0x55,0x15,0x55,0x56,0x50,0x00,0x15,0x40,0x00,0x00,0x00,0x00,0x00,
    0x00,0x00,0x00,0x00,0x00,0x51,0x55,0x59,0x95,0x59,0x5d,0x5d,0x99,0x55,0xd7,0x67,
    0x66,0xd4,0x65,0xd1,0x64,0x64,0x74,0x04,0x41,0x10,0x44,0x44,0x44,0x41,0x10,0x40,
    0x55,0x51,0x45,0x15,0x55,0x55,0x40,0x55,0x77,0x45,0x17,0x75,0xd4,0x5d,0x75,0xdd,
    0xd4,0x00,0x05,0x65,0x55,0x55,0x65,0x76,0x70,0x1d,0x15,0xdd,0xd7,0x47,0x75,0xdd,
    0x9b,0xcf,0xcd,0xff,0xff,0x3f,0xe6,0x9e,0x40,0x15,0x5d,0x01,0xa6,0x05,0x56,0x55,
    0x55,0x55,0x55,0x55,0x10,0x00,0x00,0x00,0x15,0x55,0x55,0x54,0x1d,0xf4,0x15,0x55,
    0x55,0x55,0x57,0x05,0x75,0x81,0x55,0x1d,0xd7,0x55,0x0f,0xfc,0xdc,0x05,0x50,0x15,
    0xd7,0x05,0x05,0x05,0x52,0x56,0x55,0x55,0x60,0x07,0x5d,0xdd,0x77,0x77,0x74,0x16,
    0x67,0xa7,0x64,0x00,0x26,0xa7,0x66,0xa4,0x16,0x54,0x55,0x05,0x55,0x55,0x55,0x15,
    0x51,0x56,0x55,0x95,0x5d,0x55,0x55,0x65,0x51,0x55,0x51,0x75,0x81,0x65,0x40,0x77,
    0x77,0x77,0x77,0x77,0x77,0x40,0x55,0x55,0x54,0x0d,0xdf,0x77,0xf0,0x01,0x55,0x97,
    0x59,0x75,0x56,0x51,0x56,0x5d,0x95,0x50,0x00,0x14,0x00,0x00,0x44,0x55,0x55,0x55,
    0x55,0x55,0x55,0x55,0x41,0x55,0x65,0x97,0x5d,0xd4,0x55,0x95,0xd7,0x65,0x55,0x95,
    0x11,0x46,0x44,0x66,0x45,0xd1,0x50,0x11,0x11,0x11,0x11,0x11,0x11,0x11,0x05,0x10,
    0x51,0x55,0x55,0x55,0x55,0x14,0x40,0x77,0x51,0x77,0x75,0xd1,0x45,0xd7,0x74,0x5d,
    0x1d,0x40,0x00,0x54,0x5d,0x45,0x5d,0x45,0x00,0x47,0x77,0x51,0x75,0xd7,0x51,0x77,
    0x93,0xdf,0xfc,0xff,0x4f,0xdc,0xdb,0x66,0x64,0x00,0x00,0x06,0x44,0x15,0x55,0x55,
    0x65,0x55,0x55,0x55,0x55,0x10,0x00,0x15,0x55,0x55,0x56,0x54,0x17,0x5c,0x5d,0x91,
    0xd7,0x76,0x50,0x17,0x55,0x05,0x51,0xd4,0x75,0x15,0xc1,0xf7,0xf0,0x55,0x55,0x35,
    0x45,0x06,0x09,0x81,0x50,0x55,0x59,0x65,0x50,0x05,0xd7,0x77,0x5d,0xdd,0xdd,0x06,
    0xb9,0x9a,0xa9,0x80,0x02,0x6a,0xaa,0x69,0x25,0x55,0x55,0x41,0x59,0x75,0x65,0x55,
    0x15,0x55,0x5d,0x57,0x55,0x56,0x56,0x55,0x15,0x45,0xd5,0x55,0x05,0x75,0x40,0x7d,
    0xd1,0xdd,0xdd,0xdd,0xd1,0xc1,0x55,0x55,0x55,0x40,0x77,0xdd,0xdc,0x05,0x55,0x55,
    0x55,0x55,0x15,0x55,0x65,0x55,0x5d,0x50,0x00,0x10,0x00,0x45,0x15,0x44,0x44,0x44,
    0x44,0x44,0x44,0x44,0x40,0x55,0x59,0x75,0x55,0x65,0x9d,0x75,0x55,0x5d,0x9d,0x5d,
    0x55,0x9d,0xdd,0x47,0x5d,0x17,0x40,0x44,0x11,0x11,0x10,0x44,0x44,0x44,0x44,0x40,
    0x15,0x14,0x51,0x55,0x55,0x55,0x41,0x5d,0x17,0x5d,0x77,0x5d,0xdd,0x75,0xd7,0x75,
    0x77,0x55,0xc0,0x15,0x55,0x56,0x55,0xd7,0x01,0xd5,0xdd,0x17,0x74,0x75,0x1d,0xd1,
    0xaf,0x3f,0x4f,0xf3,0xff,0xff,0xd9,0xe2,0xd9,0x80,0x01,0x99,0xd8,0x15,0x55,0x55,
    0x55,0x96,0x55,0x55,0x55,0x55,0x55,0x55,0x55,0x55,0xd5,0x50,0x77,0x74,0x55,0x55,
    0x55,0x55,0xd4,0x55,0x54,0x35,0x75,0x75,0x51,0x57,0x40,0x33,0x00,0x15,0x54,0x07,
    0x75,0x41,0x41,0x05,0x51,0x59,0xd5,0x16,0x50,0x0d,0x75,0xdd,0xd7,0x77,0x76,0x42,
    0x6a,0xa9,0x9a,0x66,0x40,0xa6,0x1a,0xe6,0x05,0x75,0x59,0x50,0x55,0x56,0x55,0x59,
    0x55,0x9d,0x55,0x55,0x55,0x95,0x75,0x51,0x55,0x55,0x55,0x95,0x05,0xd4,0x00,0xdd,
    0xdd,0xdd,0xd1,0xdd,0xdd,0x05,0x59,0xd6,0x55,0x50,0xdd,0xff,0x70,0x05,0x67,0x5d,
    0x64,0x59,0x57,0x59,0x55,0xd6,0x55,0x50,0x00,0x00,0x15,0x51,0x44,0x51,0x51,0x45,
    0x11,0x45,0x11,0x11,0x40,0x12,0x55,0xd6,0x76,0x5d,0x56,0x59,0x9d,0x95,0x56,0x75,
    0x99,0x55,0x54,0x65,0x16,0x5d,0x80,0x41,0x11,0x04,0x44,0x41,0x04,0x11,0x10,0x44,
    0x15,0x55,0x55,0x55,0x51,0x45,0x01,0xd4,0x75,0xd4,0x5d,0x17,0x5d,0xdd,0x45,0xd1,
    0xd5,0xdd,0x50,0x15,0xd7,0x65,0xd1,0x64,0x05,0x77,0x5d,0x77,0x5d,0xdd,0xd7,0x57,
    0x73,0xfc,0xff,0xdf,0xfd,0x3f,0x1a,0x66,0x6d,0x95,0x66,0x76,0x90,0x55,0x59,0x56,
    0x55,0x55,0x56,0x55,0x55,0x55,0x55,0x55,0x55,0x65,0x55,0x50,0x77,0x50,0x5d,0xdd,
    0x9d,0x91,0x55,0x64,0x50,0x1d,0xdd,0xdd,0xdd,0x75,0x40,0x00,0x00,0x05,0x00,0x05,
    0x5d,0xc1,0x81,0x4d,0x50,0x55,0x55,0x55,0x50,0x07,0x5d,0x77,0x75,0xdd,0x1a,0x42,
    0x99,0x9e,0xaa,0x99,0x81,0xae,0xa9,0xa9,0x05,0x55,0x95,0x54,0x05,0x55,0x51,0x55,
    0x55,0x55,0x45,0x75,0x45,0x51,0x55,0x55,0x56,0x59,0x59,0x54,0x05,0x54,0x34,0xdd,
    0xdd,0xd1,0xdd,0xd1,0xdf,0x05,0x55,0x55,0x55,0x54,0x3f,0x77,0xdc,0x01,0x55,0x55,
    0x55,0x55,0x65,0x55,0x9d,0x55,0x75,0x90,0x00,0x01,0x44,0x44,0x51,0x14,0x44,0x51,
    0x44,0x51,0x45,0x44,0x50,0x00,0x00,0x55,0x59,0x15,0x9d,0x57,0x55,0x77,0x65,0x55,
    0x75,0xd9,0x15,0x9d,0x00,0x15,0x01,0x11,0x10,0x44,0x11,0x11,0x11,0x10,0x44,0x44,
    0x15,0x15,0x15,0x55,0x55,0x55,0x01,0x45,0xdd,0x45,0xd7,0x75,0x17,0x51,0xdd,0x77,
    0x74,0x57,0x54,0x05,0x55,0x5d,0x55,0xd0,0x17,0x5d,0x17,0x75,0xd7,0x5d,0x75,0x1d,
    0xbf,0x7f,0xfd,0xff,0xd3,0xf7,0xe7,0x87,0x9a,0x7a,0x99,0xd8,0x60,0x55,0x55,0x55,
    0x55,0x55,0x55,0x59,0x65,0x55,0x55,0x55,0x59,0x55,0x55,0x43,0x5d,0xd0,0x55,0x55,
    0x55,0x15,0x76,0x55,0x43,0x77,0x57,0x5d,0xd5,0x51,0xd0,0x55,0x41,0x40,0x0f,0x01,
    0xdd,0x41,0x41,0x05,0x92,0x56,0x59,0x65,0x40,0x05,0xd7,0x5d,0xdd,0xd1,0xa6,0xc1,
    0xaa,0xa9,0x86,0x68,0x0d,0x99,0x9a,0x1a,0x05,0x55,0x57,0x55,0xc1,0x54,0x55,0x97,
    0x59,0x75,0x55,0x55,0x55,0xd5,0x59,0x15,0x95,0x55,0x15,0x54,0x17,0x50,0x1c,0x1d,
    0x1d,0xdd,0xdd,0xdd,0xd0,0x15,0x75,0x55,0xd6,0x55,0x07,0xdd,0xd0,0x05,0x56,0x59,
    0x65,0x65,0x55,0x97,0x55,0x65,0x55,0x50,0x00,0x14,0x45,0x15,0x14,0x45,0x15,0x11,
    0x15,0x11,0x11,0x15,0x14,0x00,0x00,0x59,0xd5,0x55,0x55,0x95,0x46,0x55,0x47,0x67,
    0x55,0x5d,0x65,0x54,0x00,0x00,0x04,0x44,0x45,0x11,0x44,0x44,0x44,0x44,0x44,0x44,
    0x05,0x51,0x55,0x55,0x14,0x55,0x05,0xdd,0x51,0xdd,0x75,0xd1,0x75,0x17,0x5d,0x15,
    0xdd,0xdd,0x15,0x01,0x55,0x55,0x5d,0x40,0x1d,0xd1,0x77,0x5d,0x1d,0x14,0x77,0x77,
    0xb3,0xfd,0xfc,0xf3,0xff,0xf3,0xda,0x69,0xb7,0x99,0xdd,0x66,0x71,0x55,0x95,0x55,
    0x56,0x55,0x95,0x55,0x55,0x65,0x55,0x59,0x55,0x55,0x55,0x41,0xdd,0xdc,0xd6,0x45,
    0xdd,0x57,0x55,0xd7,0x01,0xc4,0x75,0x14,0x55,0x1d,0x54,0x54,0x05,0x70,0xf7,0x41,
    0x74,0x42,0x41,0x81,0x50,0x55,0x57,0x57,0x50,0x07,0x77,0x77,0x77,0x77,0x6d,0x06,
    0x9b,0x6a,0x9a,0x90,0x1a,0xaa,0xa1,0xa9,0x05,0x65,0xd5,0x55,0x50,0x15,0x55,0x55,
    0x55,0x55,0x59,0x65,0x95,0x55,0x95,0x55,0x5d,0x75,0x55,0x10,0x15,0x40,0x74,0xdd,
    0xdd,0xf7,0x77,0x77,0x70,0x55,0x55,0x65,0x55,0x55,0x0d,0xff,0x7c,0x05,0x75,0x55,
    0x57,0x57,0x59,0x55,0x56,0x57,0x59,0x50,0x00,0x51,0x44,0x44,0x45,0x11,0x44,0x45,
    0x44,0x51,0x54,0x44,0x45,0x51,0x10,0x15,0x67,0x50,0x59,0x46,0x55,0xd9,0x55,0x55,
    0x9d,0x95,0x5d,0x50,0x04,0x00,0x05,0x15,0x51,0x54,0x51,0x11,0x11,0x11,0x11,0x10,
    0x05,0x55,0x55,0x55,0x55,0x44,0x01,0x5d,0xc0,0x57,0x51,0x77,0x5d,0x75,0xd7,0x77,
    0x57,0x75,0xdd,0xc0,0x00,0x5d,0x15,0x01,0x57,0x57,0x75,0x1d,0x77,0x77,0x5d,0xd5,
    0x7f,0xcf,0x3f,0xfd,0xff,0xff,0x6d,0x1b,0x69,0x86,0x69,0x61,0x81,0x55,0x55,0x95,
    0x95,0x55,0x55,0x55,0x55,0x55,0x65,0x95,0x55,0x56,0x59,0x41,0xdd,0xd4,0x15,0x57,
    0x55,0x75,0x65,0x50,0x30,0x77,0x5d,0xdd,0x5d,0xd5,0x54,0x10,0x41,0x43,0x7f,0xc1,
    0xd5,0x71,0x41,0xc5,0x51,0x5d,0x75,0x55,0x50,0x05,0xdd,0xdd,0xdd,0xda,0x99,0x0a,
    0xa9,0xa4,0xa9,0x00,0x69,0x91,0xaa,0x9a,0x41,0x55,0x55,0x65,0x54,0x01,0x59,0x75,
    0x5d,0x54,0x55,0x51,0x5d,0x59,0x51,0x59,0xd5,0x55,0x65,0x50,0x54,0x01,0xdc,0x1d,
    0xdd,0xdd,0xd1,0xd1,0xc1,0x57,0x56,0x55,0x57,0x55,0x0d,0xdd,0xd0,0x05,0x55,0xd4,
    0x55,0x55,0x55,0xd5,0x95,0x55,0x55,0x50,0x05,0x44,0x51,0x45,0x11,0x51,0x11,0x51,
    0x11,0x14,0x45,0x51,0x51,0x15,0x44,0x05,0x95,0x00,0x17,0x55,0xd9,0x54,0x66,0x74,
    0x55,0xd4,0x56,0x40,0x15,0x10,0x14,0x51,0x11,0x11,0x14,0x51,0x04,0x44,0x44,0x11,
    0x05,0x15,0x55,0x51,0x45,0x55,0x05,0xd5,0x01,0xdd,0x17,0x5d,0xd7,0x5d,0x45,0xdd,
    0x1d,0x47,0x75,0x40,0x00,0x15,0x54,0x01,0xdd,0x1d,0x77,0x77,0x51,0x75,0xd1,0x77,
    0xbc,0x7f,0xf7,0xff,0x3f,0x7c,0x66,0xa6,0x92,0x6b,0x9d,0x59,0x81,0x55,0x55,0x55,
    0x55,0x59,0x56,0x56,0x56,0x55,0x55,0x55,0x65,0x15,0x55,0x41,0x75,0xdc,0x17,0x75,
    0x41,0x56,0x57,0x00,0x50,0xdf,0xdd,0x75,0x55,0x55,0x74,0x11,0x43,0x43,0xf3,0xf0,
    0x5d,0xd0,0x52,0x41,0x50,0x55,0x55,0x65,0x50,0x0d,0x77,0x77,0x77,0x76,0xe4,0x26,
    0x6a,0x8a,0x64,0x06,0x9a,0xea,0x99,0xaa,0x81,0x5d,0x59,0x55,0x95,0x80,0x55,0x55,
    0x95,0x45,0x5d,0x55,0x55,0x95,0x15,0x55,0x55,0x94,0x55,0x41,0x70,0x37,0x74,0x1d,
    0xdd,0x1d,0x1d,0xdd,0x01,0x55,0x55,0x5d,0x75,0x5d,0x41,0xf7,0xdc,0x01,0x59,0x55,
    0x65,0x96,0x5d,0x59,0x5d,0x75,0x91,0x40,0x14,0x51,0x14,0x51,0x51,0x14,0x54,0x44,
    0x54,0x45,0x10,0x44,0x45,0x11,0x14,0x01,0x44,0x00,0x05,0x65,0x57,0x65,0x5d,0x55,
    0x65,0x65,0x95,0x00,0x51,0x45,0x45,0x11,0x14,0x45,0x45,0x14,0x51,0x04,0x11,0x11,
    0x01,0x55,0x55,0x55,0x54,0x54,0x07,0x45,0x05,0x75,0xdd,0xd4,0x74,0x74,0x5d,0x45,
    0xd4,0x5d,0x51,0xd4,0xd0,0x05,0x70,0x15,0xd7,0x77,0x51,0x5d,0x17,0x5d,0x17,0x45,
    0xbf,0xff,0x7c,0xd3,0xf4,0xfd,0xb9,0xdd,0x26,0xd6,0x45,0x6d,0xc5,0x59,0x59,0x55,
    0x51,0x55,0x55,0x55,0x55,0x56,0x55,0x55,0x55,0x55,0x55,0x43,0x77,0x75,0x05,0x55,
    0x09,0x55,0x40,0x01,0xf4,0x1d,0x17,0x5d,0x55,0x5d,0x15,0x00,0x54,0x0d,0xfd,0xf1,
    0x57,0x50,0x60,0x45,0x52,0x59,0x65,0x54,0x50,0x07,0x5d,0xdd,0xdd,0xa9,0x98,0x1a,
    0xb6,0x66,0xa8,0x26,0xa9,0x99,0xba,0xb6,0x41,0x55,0x55,0x15,0x55,0x5c,0x05,0x55,
    0x55,0x55,0x95,0x65,0x65,0x51,0x55,0x95,0x59,0x55,0x54,0x01,0x00,0x77,0xdd,0xdd,
    0xd1,0xdd,0xdd,0xdc,0x15,0x75,0x65,0xd5,0x55,0x55,0x4f,0x7d,0xf4,0x05,0x55,0x65,
    0x55,0x55,0x55,0x55,0xd5,0x55,0x55,0x40,0x51,0x15,0x11,0x14,0x14,0x45,0x11,0x15,
    0x11,0x51,0x15,0x15,0x11,0x45,0x11,0x00,0x00,0x04,0x01,0x5d,0x95,0x5d,0x95,0xd9,
    0x9d,0x51,0x5c,0x01,0x44,0x51,0x11,0x45,0x45,0x51,0x11,0x45,0x11,0x11,0x11,0x11,
    0x01,0x55,0x55,0x14,0x55,0x54,0x05,0x77,0x0d,0xd1,0x75,0x1d,0x75,0xd7,0x77,0x5d,
    0x75,0xd7,0x77,0x75,0x54,0x00,0x00,0x77,0x75,0xd7,0x77,0x77,0x77,0x77,0x77,0x5d,
    0x4f,0xf4,0xff,0xff,0xff,0xce,0x61,0xaa,0x6d,0xad,0x95,0x66,0x05,0x55,0x55,0x59,
    0x55,0x55,0x15,0x55,0x55,0x55,0x55,0x59,0x55,0x55,0x45,0x41,0x77,0x77,0x40,0x40,
    0x00,0x00,0x00,0x53,0x4d,0x34,0xf5,0xd1,0x5d,0x1d,0x75,0x00,0xd0,0x3f,0xff,0xd0,
    0x5d,0x12,0x50,0x4d,0x50,0x55,0x54,0x55,0x50,0x05,0xd7,0x77,0x77,0x62,0xa4,0x29,
    0x9a,0xaa,0x64,0x1a,0x6e,0xaa,0x9a,0x6a,0x81,0x56,0x45,0x57,0x55,0x75,0x00,0x15,
    0x45,0x95,0x55,0x57,0x54,0x55,0x55,0x75,0xd5,0x15,0x54,0x00,0x07,0x77,0x77,0x77,
    0x77,0x77,0x77,0x40,0x55,0x55,0x55,0x55,0x56,0x55,0x41,0xdf,0x70,0x05,0x75,0x56,
    0x5d,0x75,0xd6,0x5d,0x55,0x99,0x65,0x01,0x45,0x41,0x45,0x45,0x45,0x11,0x45,0x44,
    0x44,0x45,0x44,0x44,0x54,0x51,0x45,0x40,0x00,0x45,0x00,0x55,0x76,0x55,0x75,0x57,
    0x55,0x15,0x70,0x05,0x14,0x45,0x44,0x51,0x11,0x11,0x44,0x44,0x54,0x44,0x44,0x44,
    0x01,0x55,0x51,0x55,0x45,0x14,0x17,0x5d,0x05,0x77,0x5d,0x77,0x51,0x75,0xd4,0x77,
    0x5d,0x74,0x5d,0x5d,0xdd,0xc0,0x01,0x5d,0x47,0x45,0x17,0x51,0x75,0xd1,0x75,0xdd,
    0x9f,0x4f,0xff,0xff,0x7f,0xf7,0x66,0xd1,0xda,0x46,0xe5,0x49,0x05,0x55,0x55,0x55,
    0x55,0x51,0x55,0x94,0x59,0x45,0x59,0x55,0x45,0x65,0x55,0x50,0x77,0x5d,0xd0,0x00,
    0x70,0x00,0x15,0x90,0x77,0x0d,0x77,0x57,0x75,0xd4,0x55,0x44,0x00,0x37,0xdf,0xf0,
    0x57,0x50,0x40,0x85,0x91,0x57,0x55,0x65,0x50,0x0d,0xdd,0xdd,0x76,0xa6,0x68,0x9a,
    0x68,0x19,0xa4,0x2a,0x99,0x92,0xa2,0xa1,0x90,0x55,0x55,0x55,0x5d,0x54,0x50,0x01,
    0x55,0x59,0x5d,0x45,0x55,0x55,0x67,0x55,0x55,0x55,0x40,0x00,0x77,0x77,0x47,0x77,
    0x77,0x77,0x77,0x01,0x57,0x56,0x51,0x54,0x55,0x59,0x4f,0x77,0xdc,0x0d,0x56,0x55,
    0xd5,0x55,0x55,0x55,0x59,0x55,0x15,0x04,0x51,0x14,0x51,0x11,0x11,0x51,0x11,0x11,
    0x51,0x44,0x45,0x45,0x11,0x14,0x51,0x10,0x11,0x51,0x40,0x05,0x55,0x19,0x59,0x91,
    0x51,0x65,0x00,0x51,0x45,0x11,0x15,0x14,0x54,0x44,0x54,0x51,0x11,0x44,0x44,0x11,
    0x01,0x55,0x55,0x51,0x55,0x54,0x05,0xd5,0x01,0xd5,0xd4,0x5d,0x17,0x51,0x75,0xd4,
    0x74,0x75,0xd4,0x75,0x15,0x53,0x55,0xd4,0x5d,0x77,0x75,0x17,0x5d,0x17,0x5d,0x17,
    0xac,0xff,0xf4,0xdc,0xf3,0xf6,0xb9,0xa6,0xa4,0x99,0x95,0x99,0x05,0x56,0x59,0x54,
    0x56,0x55,0x55,0x55,0x55,0x55,0x55,0x54,0x55,0x55,0x55,0x50,0x75,0xdd,0x77,0x1d,
    0xd0,0x65,0x91,0x14,0x1d,0xc3,0x4d,0xdd,0x47,0x75,0x5d,0xc1,0x54,0xff,0xff,0x70,
    0x75,0xd0,0x50,0x41,0x50,0x55,0x66,0x56,0x50,0x05,0x77,0x77,0x7a,0x6b,0xa0,0x6d,
    0x00,0x06,0xa8,0x19,0xaa,0x29,0x99,0x9a,0x90,0x55,0x56,0x59,0x55,0x55,0xd5,0xc0,
    0x15,0x55,0xd5,0x55,0x45,0x65,0xd5,0x56,0x45,0x54,0x00,0xdd,0xdd,0xd1,0xdd,0xdd,
    0x1c,0xcc,0x00,0x05,0x55,0x55,0x55,0x65,0x65,0x15,0x07,0xfd,0xd0,0x05,0x55,0x75,
    0x56,0x59,0x65,0x96,0x55,0x45,0x54,0x05,0x14,0x45,0x14,0x51,0x44,0x45,0x14,0x54,
    0x44,0x51,0x51,0x11,0x45,0x11,0x14,0x55,0x44,0x44,0x50,0x01,0x95,0x5d,0xd4,0x55,
    0x96,0x54,0x00,0x54,0x44,0x54,0x44,0x45,0x11,0x55,0x11,0x15,0x44,0x44,0x41,0x11,
    0x01,0x55,0x45,0x15,0x51,0x50,0x1d,0x47,0x05,0x47,0x45,0xd5,0xdd,0xd7,0x51,0x75,
    0xd7,0x5d,0x45,0xd1,0x77,0x75,0x77,0x45,0xd7,0x5d,0x77,0x77,0x77,0x77,0x47,0x75,
    0x67,0xfd,0xcf,0xff,0xf7,0x19,0x1b,0x79,0xd9,0xbb,0x55,0x77,0x15,0x65,0x55,0x45,
    0x55,0x55,0x55,0x55,0x55,0x55,0x54,0x55,0x55,0x55,0x95,0x50,0xdd,0xdd,0xd1,0xf4,
    0xc2,0x51,0x19,0x84,0x34,0x50,0xdd,0x77,0x5d,0x51,0x75,0x41,0x54,0x3f,0xcf,0xfc,
    0xdd,0x72,0x60,0x45,0x53,0x59,0x55,0x75,0x50,0x0d,0xdd,0xdd,0xda,0x26,0x64,0x00,
    0x01,0x01,0x98,0x26,0xda,0x6a,0xaa,0xe9,0xa0,0x59,0xd5,0x55,0x15,0x95,0x75,0x50,
    0x00,0x15,0x55,0x95,0x55,0x55,0x55,0x65,0x55,0x40,0x05,0xdd,0xdf,0x77,0x77,0x00,
    0x00,0x00,0x01,0x55,0x75,0x45,0x15,0x55,0x55,0x55,0x4d,0xdf,0xdc,0x05,0x99,0x55,
    0x65,0x55,0x55,0x45,0x51,0x55,0x5c,0x11,0x45,0x51,0x45,0x14,0x54,0x51,0x45,0x11,
    0x15,0x14,0x44,0x54,0x51,0x45,0x11,0x11,0x15,0x15,0x14,0x00,0x07,0x55,0x55,0x65,
    0x55,0x40,0x05,0x11,0x45,0x11,0x51,0x51,0x44,0x41,0x15,0x44,0x51,0x44,0x11,0x11,
    0x10,0x55,0x55,0x54,0x55,0x14,0x17,0x75,0x01,0xdd,0x5d,0x74,0x57,0x75,0x17,0x5d,
    0x45,0xd4,0x5d,0x77,0x74,0x5d,0x17,0x5d,0xdd,0x17,0x75,0xdd,0x14,0x5d,0xd7,0x5d,
    0xb6,0x3c,0xff,0xf3,0x7f,0x67,0x99,0x98,0x6e,0x66,0x15,0xa4,0x15,0x55,0x55,0x55,
    0x55,0x55,0x96,0x51,0x59,0x56,0x55,0x55,0x56,0x5d,0x55,0x54,0x17,0x77,0x37,0x7d,
    0xd0,0x46,0x44,0x59,0x0d,0xf4,0xdc,0x5d,0xd7,0x75,0x44,0x50,0x50,0xdf,0x7d,0xf0,
    0x54,0x50,0x50,0x81,0x50,0x55,0xd7,0x55,0x50,0x05,0x77,0x77,0xa6,0x6a,0xa9,0x24,
    0x9a,0x60,0x64,0x1a,0xa9,0xa6,0xda,0x6a,0x98,0x55,0x55,0xd5,0x55,0x55,0x51,0xd5,
    0x40,0x00,0x55,0x55,0x59,0x75,0x65,0x55,0x50,0x00,0x77,0x77,0x77,0x77,0x40,0x00,
    0x01,0x11,0x55,0x55,0x55,0x55,0x56,0x51,0x51,0x55,0x0f,0x77,0x70,0x01,0x55,0x16,
    0x55,0x45,0x91,0x55,0x95,0x65,0x90,0x14,0x44,0x14,0x44,0x45,0x11,0x14,0x51,0x14,
    0x44,0x44,0x51,0x11,0x14,0x51,0x45,0x44,0x44,0x44,0x45,0x40,0x00,0x05,0x96,0x57,
    0x40,0x00,0x15,0x14,0x51,0x44,0x45,0x11,0x15,0x15,0x44,0x44,0x44,0x51,0x11,0x11,
    0x01,0x54,0x54,0x55,0x51,0x50,0x1d,0x5d,0xc1,0x57,0x77,0x45,0xdd,0x1d,0x77,0x47,
    0x5d,0x47,0x77,0x5d,0x5d,0xd7,0x75,0xdd,0x75,0xdd,0x1d,0x45,0xdd,0xd7,0x75,0xd1,
    0x99,0x7f,0xf7,0xdf,0xcf,0x79,0xb8,0xb6,0x99,0xe6,0x55,0x44,0x15,0x55,0x59,0x55,
    0x59,0x65,0x55,0x55,0x55,0x45,0x55,0x65,0x65,0x55,0x55,0x55,0x0d,0xdd,0xdf,0x13,
    0x41,0x98,0x66,0x11,0x4d,0xdd,0x37,0xd4,0x74,0x57,0x55,0x50,0x54,0xff,0xff,0x1c,
    0x1d,0x70,0x60,0x45,0x51,0x59,0x55,0x55,0x70,0x0d,0xdd,0xdd,0xaa,0xb6,0x6a,0x69,
    0xa6,0x90,0x18,0xe9,0x9b,0xae,0x62,0xa4,0xa4,0x15,0x59,0x55,0x65,0xd6,0x57,0x47,
    0x55,0x00,0x00,0x11,0x95,0x55,0x55,0x10,0x00,0x07,0x7d,0xdd,0xd1,0xdc,0x00,0x45,
    0x45,0x55,0x55,0x5d,0x59,0x65,0x65,0x55,0x55,0x65,0x37,0xfd,0xdc,0x05,0x5d,0x55,
    0x5d,0x55,0x55,0x59,0x56,0x55,0x50,0x51,0x51,0x44,0x51,0x51,0x14,0x45,0x11,0x45,
    0x51,0x51,0x15,0x45,0x11,0x14,0x51,0x15,0x14,0x51,0x44,0x51,0x00,0x00,0x00,0x00,
    0x00,0x01,0x51,0x44,0x44,0x55,0x11,0x45,0x44,0x44,0x44,0x51,0x55,0x11,0x11,0x11,
    0x10,0x55,0x45,0x45,0x15,0x54,0x14,0x75,0x01,0xdd,0x14,0x5d,0x75,0x77,0x5d,0x75,
    0xdd,0xd7,0x5d,0xd7,0x45,0x75,0xd1,0x77,0x51,0x75,0x74,0x5d,0x77,0x74,0x51,0xd7,
    0xbb,0x9f,0xfc,0xff,0xfd,0x95,0x55,0x69,0xe2,0x49,0xd5,0xa4,0x15,0x95,0x95,0x55,
    0x95,0x55,0x55,0x55,0x55,0x55,0x59,0x55,0x55,0x55,0x56,0x55,0x01,0x74,0x77,0x77,
    0x01,0x45,0x11,0x66,0x43,0x4f,0x77,0x35,0x5d,0x55,0x75,0x54,0x54,0x37,0xff,0xf0,
    0x57,0x51,0x91,0x0d,0x50,0x55,0x65,0x64,0x50,0x05,0x77,0x76,0x91,0xaa,0x1a,0x9a,
    0x9a,0x98,0x24,0x1a,0xb9,0x9a,0xa6,0x4a,0x68,0x15,0x95,0x51,0x55,0x55,0x55,0x15,
    0xdd,0x57,0x00,0x00,0x00,0x00,0x00,0x00,0x01,0xdd,0xdd,0xf4,0x77,0x70,0x1d,0x5d,
    0xc1,0x55,0x57,0x55,0x95,0x55,0x57,0x56,0x56,0x54,0x1d,0xdf,0xd0,0x05,0x55,0x65,
    0xd5,0x65,0xd6,0x55,0x75,0x5d,0x40,0x44,0x44,0x51,0x14,0x44,0x45,0x51,0x14,0x51,
    0x14,0x45,0x44,0x51,0x45,0x44,0x45,0x44,0x45,0x14,0x51,0x15,0x10,0x00,0x00,0x00,
    0x00,0x55,0x11,0x15,0x15,0x11,0x54,0x51,0x11,0x51,0x45,0x14,0x41,0x44,0x44,0x44,
    0x40,0x55,0x55,0x55,0x54,0x50,0x17,0x51,0x41,0x75,0x75,0xd7,0x51,0xd4,0x74,0x5d,
    0x17,0x75,0xd4,0x74,0x5d,0xd1,0x77,0x51,0xdd,0xdd,0xdd,0xdd,0xd5,0x1d,0xdd,0x75,
    0x66,0x64,0xff,0xf1,0xc5,0x55,0x55,0x5e,0x66,0x9b,0x55,0xd8,0x15,0x55,0x55,0x59,
    0x55,0x55,0x15,0x15,0x94,0x55,0x55,0x55,0x55,0x55,0x45,0x55,0x40,0x1d,0xf1,0xdc,
    0x16,0x18,0x64,0x84,0x50,0xdd,0x1d,0x77,0xd5,0x55,0x55,0xdc,0x14,0x3f,0x1f,0x70,
    0x75,0xc0,0x41,0xc5,0x52,0x57,0x56,0x55,0x50,0x0d,0xdd,0xda,0xaa,0x99,0xa9,0xe9,
    0xad,0xa6,0x0c,0x99,0x9a,0xa9,0x2a,0xa6,0xa4,0x15,0x51,0x55,0x75,0x64,0x55,0x74,
    0x57,0x75,0x57,0x40,0x00,0x00,0x00,0x0c,0x5d,0xdd,0xdd,0xdd,0xdd,0xc0,0x54,0x74,
    0x50,0x57,0x55,0x55,0x51,0x75,0xd5,0x55,0x75,0x54,0xff,0x77,0x7c,0x05,0xd6,0x55,
    0x56,0x55,0x55,0x75,0x55,0x55,0x40,0x54,0x55,0x15,0x45,0x15,0x51,0x11,0x45,0x11,
    0x11,0x11,0x11,0x11,0x11,0x15,0x11,0x11,0x51,0x45,0x14,0x44,0x55,0x51,0x01,0x04,
    0x45,0x11,0x14,0x44,0x44,0x44,0x44,0x45,0x14,0x44,0x51,0x45,0x14,0x54,0x44,0x41,
    0x10,0x54,0x51,0x45,0x15,0x50,0x75,0xd7,0x43,0x51,0xdd,0x75,0x17,0x45,0xd7,0x75,
    0x75,0x1d,0x45,0xd5,0xdd,0x77,0x5d,0x17,0x5d,0x47,0x45,0xd7,0x47,0x5d,0x77,0x47,
    0xb6,0x29,0xf7,0x1f,0xf5,0x55,0x55,0x55,0x27,0x76,0x55,0x98,0x15,0x55,0x51,0x55,
    0x55,0x45,0x55,0x55,0x55,0x55,0x95,0x16,0x51,0x51,0x55,0x55,0x54,0x03,0x77,0x30,
    0x19,0x91,0x85,0x59,0x18,0x1d,0xf0,0xd1,0x77,0x54,0x77,0x54,0x15,0x0f,0xff,0xf0,
    0x5d,0x41,0x52,0x41,0x50,0x55,0x55,0x45,0x50,0x05,0x77,0x69,0xd9,0xea,0x9e,0x9b,
    0x9a,0xa9,0x80,0xab,0xa8,0x62,0x9a,0x6a,0x79,0x05,0xd5,0x65,0x56,0x55,0x5d,0x57,
    0x45,0x1d,0xd5,0x55,0x40,0x77,0x77,0x57,0x77,0x77,0x77,0x47,0x74,0x05,0x75,0xd5,
    0xd0,0x55,0x59,0x45,0x55,0x55,0x55,0x17,0x55,0x54,0xdd,0xff,0xdc,0x01,0x55,0x5d,
    0x65,0x5d,0x65,0x56,0x56,0x59,0x41,0x45,0x11,0x11,0x11,0x44,0x11,0x14,0x51,0x14,
    0x51,0x54,0x54,0x54,0x54,0x44,0x54,0x54,0x44,0x51,0x11,0x51,0x11,0x14,0x54,0x51,
    0x51,0x44,0x45,0x45,0x51,0x51,0x14,0x51,0x45,0x15,0x14,0x44,0x45,0x11,0x11,0x11,
    0x00,0x55,0x55,0x55,0x54,0x50,0x1d,0x75,0xc0,0x75,0x74,0x5d,0x75,0xdd,0x75,0xd1,
    0xdd,0x77,0x77,0x77,0x54,0x5d,0x17,0x75,0xd4,0x5d,0x5d,0x74,0x75,0xd7,0x51,0xdd,
    0x9b,0x66,0x4f,0xff,0x15,0x55,0x55,0x55,0x66,0x98,0x55,0x18,0x55,0x96,0x55,0x55,
    0x54,0x55,0x55,0x59,0x55,0x59,0x55,0x55,0x55,0x55,0x55,0x59,0x55,0x00,0x00,0x01,
    0x61,0x19,0x18,0x84,0x65,0x07,0x74,0x1f,0x5d,0xdd,0x5d,0x17,0x15,0x40,0xdf,0x41,
    0x55,0xc1,0x81,0x05,0x52,0x59,0x75,0x55,0x50,0x0d,0xdd,0xae,0xaa,0x92,0xa9,0xa9,
    0xa9,0x9e,0x60,0x66,0x66,0xa6,0xab,0xa7,0xaa,0x05,0x55,0x57,0x55,0x55,0x55,0x55,
    0xdd,0x54,0x74,0x75,0x0d,0xdd,0xdd,0xfd,0xdd,0xdd,0xd1,0xdd,0xdc,0x17,0x47,0x49,
    0x14,0x15,0x55,0x56,0x55,0x59,0x45,0x55,0x55,0x4d,0xf7,0xdd,0xd0,0x05,0x65,0xd5,
    0x55,0x55,0x57,0x55,0x75,0x75,0x01,0x11,0x11,0x44,0x54,0x45,0x45,0x45,0x11,0x45,
    0x14,0x45,0x11,0x11,0x11,0x51,0x11,0x11,0x51,0x11,0x45,0x15,0x45,0x45,0x11,0x14,
    0x44,0x51,0x51,0x11,0x14,0x45,0x45,0x14,0x51,0x44,0x44,0x51,0x51,0x14,0x44,0x44,
    0x50,0x14,0x54,0x51,0x45,0x40,0x57,0x47,0x40,0x5d,0xd5,0xd4,0x5d,0x77,0x47,0x5d,
    0x74,0x5d,0x75,0xd1,0xdd,0xd7,0x75,0xdd,0x1d,0xd7,0x77,0x45,0xdd,0xd1,0xd7,0x57,
    0xb6,0x9e,0x6f,0xff,0x55,0x55,0x55,0x55,0x5e,0x46,0x55,0xa4,0x15,0x55,0x55,0x54,
    0x55,0x55,0x65,0x95,0x59,0x55,0x55,0x55,0x55,0x55,0x55,0x55,0x59,0x50,0x00,0x05,
    0x14,0x61,0x45,0x66,0x11,0x0d,0x1d,0x07,0xd7,0x5d,0xd5,0xd5,0x05,0x40,0x00,0x01,
    0x55,0x41,0x41,0x89,0x50,0x55,0x56,0x59,0x60,0x07,0x76,0x99,0x92,0xa9,0x9a,0x8a,
    0x92,0xa6,0x99,0xaa,0x2a,0x6a,0x66,0x6a,0x65,0x05,0x56,0x55,0x59,0x45,0xd5,0x55,
    0x47,0x45,0x5d,0xd4,0x1d,0xdd,0x1d,0xdd,0xdf,0x74,0x77,0x77,0x40,0x74,0x5d,0x91,
    0x74,0x25,0x91,0x55,0x75,0xd5,0x55,0x65,0x65,0x43,0x7d,0xf7,0xdc,0x05,0x55,0x56,
    0x54,0x59,0x65,0x67,0x55,0x55,0x01,0x45,0x44,0x55,0x11,0x44,0x51,0x11,0x14,0x51,
    0x45,0x11,0x15,0x15,0x44,0x45,0x45,0x44,0x45,0x44,0x51,0x10,0x51,0x11,0x45,0x44,
    0x51,0x14,0x44,0x54,0x45,0x11,0x11,0x45,0x11,0x14,0x51,0x14,0x45,0x45,0x11,0x11,
    0x00,0x55,0x45,0x55,0x55,0x50,0x75,0xd5,0x70,0x5d,0x47,0x45,0xd4,0x5d,0x5d,0x17,
    0x5d,0xd4,0x5d,0x75,0xd7,0x45,0xd1,0x77,0x75,0xdd,0x1d,0xdd,0x77,0x77,0x75,0xdd,
    0x69,0x27,0x98,0xd3,0x55,0x55,0x55,0x55,0x54,0xa6,0x55,0x9c,0x55,0x55,0x55,0x95,
    0x55,0x55,0x55,0x55,0x55,0x55,0x45,0x59,0x56,0x56,0x56,0x55,0x44,0x95,0x55,0x19,
    0x86,0x44,0x64,0x91,0x66,0x43,0x71,0xc1,0xc5,0xd4,0x74,0x55,0x05,0x45,0x40,0x05,
    0x75,0x06,0x41,0x05,0x50,0x57,0x65,0x55,0x50,0x05,0xda,0xea,0x29,0x9a,0xba,0x66,
    0xa9,0xaa,0x6a,0x66,0x6a,0xa7,0xaa,0x26,0x8a,0x41,0x65,0x75,0x55,0x55,0x56,0x45,
    0x57,0x5d,0xd1,0x50,0xdd,0x1d,0xdd,0x1d,0xc7,0x47,0x77,0x7d,0xc1,0x45,0xd8,0x57,
    0x65,0x05,0x55,0x67,0x55,0x54,0x56,0x55,0x15,0x0d,0xdf,0x7d,0xf0,0x05,0x65,0x95,
    0x45,0x55,0x55,0x55,0x56,0x55,0x04,0x51,0x15,0x11,0x14,0x51,0x14,0x54,0x45,0x14,
    0x44,0x51,0x44,0x44,0x55,0x11,0x11,0x15,0x11,0x15,0x14,0x55,0x11,0x44,0x51,0x15,
    0x15,0x45,0x15,0x11,0x51,0x54,0x54,0x51,0x14,0x45,0x15,0x45,0x11,0x11,0x11,0x04,
    0x50,0x15,0x55,0x14,0x51,0x40,0x5d,0x47,0x50,0xd4,0x5d,0x77,0x75,0xd4,0x75,0xdd,
    0x17,0x75,0xd1,0xdd,0x45,0xdd,0x77,0x51,0x5d,0x45,0xd4,0x5d,0xd4,0x5d,0x47,0x47,
    0xb6,0x9a,0x75,0xfd,0x55,0x55,0x55,0x55,0x56,0x6d,0x55,0xd8,0x15,0x94,0x59,0x55,
    0x55,0x96,0x55,0x55,0x15,0x65,0x55,0x95,0x45,0x55,0x55,0x54,0x91,0x11,0x90,0x11,
    0x18,0x59,0x11,0x18,0x44,0x50,0xdf,0x43,0x7d,0x45,0x75,0x5d,0x45,0x05,0x55,0x15,
    0xdd,0x05,0x09,0xc1,0x52,0x55,0x54,0x5d,0x50,0x0d,0xa6,0x66,0x9a,0xad,0xa6,0xaa,
    0x6a,0xd8,0xa6,0xea,0xa4,0x6a,0x91,0xa8,0x66,0x41,0x55,0x55,0x91,0x56,0x55,0x55,
    0x55,0x17,0x57,0x40,0x77,0x77,0x77,0x74,0x77,0x77,0x77,0xd4,0x01,0xdd,0x45,0xd1,
    0xd1,0x01,0x55,0x55,0x56,0x55,0x55,0x51,0x54,0x07,0xf7,0xdf,0x74,0x0d,0x5d,0x56,
    0x55,0x97,0x5d,0x95,0x95,0x74,0x05,0x14,0x44,0x45,0x44,0x45,0x45,0x11,0x51,0x44,
    0x51,0x14,0x51,0x51,0x11,0x54,0x54,0x51,0x54,0x51,0x45,0x11,0x14,0x55,0x14,0x44,
    0x44,0x44,0x44,0x54,0x44,0x45,0x11,0x11,0x45,0x51,0x44,0x44,0x54,0x51,0x44,0x44,
    0x10,0x51,0x45,0x55,0x55,0x40,0x5d,0x1d,0xd0,0x17,0x77,0x5d,0x77,0x45,0xdd,0x75,
    0xdd,0x47,0x5d,0x47,0x77,0x5d,0x17,0x77,0x74,0x5d,0x75,0xdd,0x45,0xd4,0x75,0xd5,
    0x98,0x79,0xea,0x4d,0x55,0x55,0x55,0x55,0x55,0xd9,0x55,0xa4,0x55,0x55,0x55,0x55,
    0x65,0x55,0x55,0x51,0x55,0x55,0x55,0x55,0x55,0x55,0x55,0x46,0x19,0x98,0x60,0x59,
    0x91,0x11,0x99,0x95,0x19,0x14,0x34,0x70,0x1c,0x5d,0xdd,0x5d,0xc0,0x15,0x54,0x1d,
    0x75,0x06,0x05,0x05,0x50,0x59,0x55,0x55,0x50,0x06,0x7a,0x8a,0x6a,0x6a,0x92,0x61,
    0xb6,0xa6,0x6e,0x64,0x9a,0xa9,0x2a,0x9a,0xa7,0x70,0x57,0x55,0x55,0x65,0x51,0x57,
    0x5d,0x74,0x45,0x71,0xd1,0xdd,0x1d,0xdd,0xdd,0xdd,0xdd,0xd0,0x01,0x54,0x64,0x65,
    0x16,0x40,0x04,0x45,0x55,0x55,0x65,0xd5,0x54,0x37,0x7d,0xf7,0xdc,0x05,0x55,0x45,
    0x55,0x55,0x55,0x5d,0x59,0x55,0x04,0x45,0x51,0x51,0x14,0x51,0x11,0x44,0x44,0x45,
    0x15,0x45,0x14,0x45,0x11,0x05,0x11,0x14,0x45,0x14,0x51,0x45,0x45,0x11,0x11,0x51,
    0x51,0x45,0x51,0x11,0x14,0x51,0x45,0x44,0x51,0x11,0x11,0x45,0x11,0x14,0x44,0x44,
    0x40,0x15,0x55,0x45,0x15,0x41,0x75,0xd7,0x50,0x1d,0x5d,0x17,0x45,0xdd,0x74,0x51,
    0x74,0x5d,0xd7,0x5d,0x75,0x17,0x77,0x5d,0xd7,0x77,0x77,0x74,0x77,0x77,0x5d,0x77,
    0xb6,0x9e,0x67,0xb5,0x55,0x55,0x55,0x55,0x56,0x91,0x56,0x1c,0x15,0x55,0x55,0x51,
    0x55,0x55,0x59,0x55,0x55,0x45,0x59,0x55,0x55,0x65,0x65,0x91,0x44,0x45,0x81,0x84,
    0x45,0x98,0x44,0x49,0x91,0x66,0x07,0xd4,0x37,0xdd,0x75,0xd1,0x40,0x55,0x00,0x57,
    0x54,0x19,0x06,0x49,0x50,0x55,0xd6,0x59,0x60,0x06,0xa7,0x66,0xb6,0xe4,0xaa,0xaa,
    0xaa,0x6a,0xa6,0xaa,0x6a,0x7a,0x99,0xa6,0x6d,0x70,0x55,0x51,0x56,0x55,0x15,0x65,
    0x55,0x57,0x5d,0x10,0x1d,0xdd,0xdd,0xdd,0xdd,0xdd,0xf7,0x40,0x50,0xd9,0x75,0x47,
    0x6d,0x70,0x00,0x00,0x01,0x11,0x55,0x55,0x40,0xdf,0xdf,0x7d,0xf0,0x05,0x65,0x55,
    0x66,0x75,0x96,0x55,0x54,0x54,0x05,0x44,0x14,0x44,0x45,0x14,0x54,0x51,0x51,0x51,
    0x44,0x44,0x45,0x11,0x51,0x51,0x45,0x44,0x44,0x44,0x44,0x51,0x11,0x11,0x45,0x14,
    0x44,0x51,0x15,0x45,0x45,0x11,0x11,0x15,0x14,0x51,0x54,0x51,0x45,0x45,0x11,0x11,
    0x10,0x15,0x14,0x55,0x51,0x00,0x51,0x75,0x1c,0x17,0x75,0x74,0x5d,0x77,0x5d,0xd7,
    0x5d,0xd7,0x45,0xd4,0x51,0xdd,0x75,0x14,0x77,0x5d,0x1d,0x45,0xdd,0xdd,0xdd,0x1d,
    0x69,0xe6,0x19,0x95,0x55,0x55,0x55,0x55,0x55,0x26,0x55,0x64,0x15,0x95,0x95,0x15,
    0x55,0x65,0x55,0x55,0x59,0x55,0x55,0x51,0x56,0x55,0x51,0x18,0x66,0x64,0x05,0x19,
    0x18,0x45,0x99,0x11,0x18,0x45,0x01,0xf7,0x01,0xdd,0xd5,0x55,0x50,0x00,0x05,0xdd,
    0xd0,0x14,0x19,0x05,0x53,0x55,0x55,0x55,0x50,0x09,0xba,0xaa,0xaa,0x6a,0x66,0x99,
    0x98,0xa4,0x6a,0x46,0xad,0xa6,0xaa,0xeb,0x97,0x50,0x55,0x55,0x95,0x51,0x55,0x55,
    0x55,0x55,0x17,0x50,0x0d,0xdd,0xdc,0x47,0x77,0x47,0x74,0x01,0xdc,0x05,0x57,0x5d,
    0x44,0x50,0xd3,0x00,0x00,0x00,0x00,0x00,0x03,0x7d,0xf7,0xdf,0x74,0x01,0x54,0x59,
    0x55,0x55,0x55,0x45,0x95,0x54,0x04,0x51,0x45,0x15,0x51,0x45,0x11,0x14,0x44,0x44,
    0x51,0x51,0x51,0x44,0x44,0x44,0x51,0x15,0x15,0x15,0x15,0x11,0x45,0x44,0x51,0x45,
    0x15,0x14,0x44,0x51,0x11,0x45,0x54,0x44,0x45,0x14,0x44,0x44,0x51,0x11,0x44,0x44,
    0x44,0x15,0x55,0x51,0x55,0x41,0x77,0x51,0x54,0x05,0xd1,0xd5,0xd4,0x5d,0x17,0x77,
    0x45,0xdd,0x77,0x45,0xdd,0x77,0x47,0x75,0xd1,0xd7,0x5d,0xdd,0x75,0x17,0x47,0x5d,
    0x9e,0x61,0xae,0x45,0x55,0x55,0x55,0x55,0x56,0x6d,0x56,0xd8,0x15,0x55,0x55,0x55,
    0x56,0x55,0x45,0x65,0x55,0x55,0x95,0x15,0x55,0x55,0x14,0x45,0x11,0x10,0x11,0x91,
    0x91,0x91,0x11,0x99,0x91,0x91,0x50,0x71,0x43,0x71,0x75,0x55,0x50,0xc1,0xdd,0x75,
    0xd0,0x64,0x19,0xc1,0x50,0x59,0x67,0x5d,0x50,0x06,0x66,0x99,0xda,0x26,0xaa,0xeb,
    0xa9,0xaa,0xa4,0xaa,0x9a,0xa1,0x9d,0x99,0xdd,0xdc,0x16,0x59,0x5d,0x55,0x56,0x5d,
    0x45,0xd5,0x74,0x75,0x00,0x00,0x00,0x00,0x07,0x77,0x40,0x37,0x75,0x01,0x75,0x54,
    0x59,0xd4,0x37,0x77,0xd3,0x00,0x00,0x00,0xf7,0xdf,0x7d,0xf7,0xdc,0x05,0x55,0x55,
    0xd7,0x59,0x76,0x55,0x5d,0x54,0x05,0x14,0x51,0x44,0x14,0x51,0x14,0x45,0x15,0x15,
    0x14,0x44,0x44,0x55,0x15,0x15,0x14,0x44,0x44,0x44,0x44,0x54,0x51,0x15,0x14,0x44,
    0x44,0x45,0x14,0x45,0x14,0x51,0x05,0x51,0x51,0x11,0x14,0x55,0x14,0x54,0x44,0x11,
    0x10,0x15,0x14,0x55,0x15,0x01,0xd7,0x77,0x74,0x35,0x75,0xdd,0x75,0xd7,0x75,0x17,
    0x5d,0x74,0x5d,0x77,0x5d,0xd4,0x5d,0x77,0x57,0x45,0xd1,0x77,0x51,0x75,0xd5,0xd7,
    0xb6,0x1a,0x66,0xa5,0x55,0x55,0x55,0x55,0x56,0xd9,0x55,0x90,0x55,0x59,0x55,0x55,
    0x65,0x54,0x55,0x55,0x95,0x59,0x55,0x55,0x65,0x54,0x61,0x92,0x64,0x40,0x59,0x18,
    0x45,0x19,0x98,0x44,0x45,0x18,0x64,0x1f,0xd0,0x1f,0x74,0x77,0x75,0x55,0x5d,0xdd,
    0x01,0x90,0x19,0x05,0x50,0x55,0x55,0x55,0x50,0x0a,0xaa,0x4a,0xa9,0xaa,0x61,0x99,
    0x9a,0x66,0x6a,0x69,0xe9,0x1a,0xaa,0xa1,0x77,0x74,0x15,0x55,0x55,0x55,0x65,0x55,
    0x55,0x55,0x55,0xd7,0x5c,0x00,0x00,0x00,0x00,0x77,0x00,0x5d,0xdf,0x70,0x56,0x65,
    0xd1,0x40,0x0d,0xf7,0x77,0x77,0xdd,0xdd,0xdd,0xf7,0xdf,0x7d,0xf0,0x05,0x9d,0x95,
    0x55,0x55,0x55,0x59,0x55,0x94,0x14,0x45,0x14,0x51,0x44,0x45,0x45,0x51,0x44,0x44,
    0x44,0x55,0x15,0x11,0x44,0x44,0x45,0x51,0x51,0x51,0x51,0x11,0x14,0x51,0x45,0x15,
    0x15,0x11,0x45,0x11,0x45,0x14,0x51,0x14,0x45,0x45,0x45,0x11,0x11,0x11,0x44,0x44,
    0x44,0x15,0x55,0x51,0x55,0x01,0x75,0x17,0x57,0x07,0x5d,0x47,0x47,0x45,0xd1,0x75,
    0xd7,0x45,0xd4,0x5d,0xd7,0x45,0xd7,0x45,0xdd,0x77,0x77,0x74,0x77,0x74,0x77,0x45,
    0x9a,0x6b,0x9d,0x25,0x55,0x55,0x55,0x55,0x55,0x91,0x55,0x18,0x15,0x95,0x45,0x59,
    0x55,0x55,0x55,0x55,0x55,0x95,0x55,0x55,0x55,0x46,0x46,0x19,0x19,0x01,0x84,0x45,
    0x91,0x84,0x45,0x99,0x11,0x85,0x19,0x01,0xdd,0x07,0x1d,0x55,0xd7,0x77,0x75,0x77,
    0x46,0x50,0x66,0x49,0x50,0x57,0x59,0x65,0x40,0x06,0x76,0xa9,0x92,0x9a,0x26,0xaa,
    0x2a,0x2b,0xa6,0xaa,0x9a,0xaa,0x66,0x67,0x75,0xd7,0x15,0x75,0x54,0x5d,0x55,0xd5,
    0x96,0x51,0x55,0x45,0xd5,0x55,0x55,0x55,0x70,0x00,0x07,0x77,0x77,0x70,0x25,0x75,
    0x9d,0x80,0x01,0xdf,0xfd,0xf7,0x7f,0x7d,0xff,0x7d,0xf7,0xdf,0x74,0x05,0x55,0x5d,
    0x65,0x97,0x59,0x57,0x59,0x54,0x05,0x44,0x45,0x14,0x51,0x44,0x44,0x14,0x51,0x51,
    0x51,0x11,0x44,0x44,0x45,0x51,0x51,0x14,0x44,0x45,0x15,0x45,0x45,0x14,0x51,0x44,
    0x44,0x54,0x51,0x54,0x51,0x45,0x14,0x45,0x11,0x11,0x11,0x44,0x54,0x51,0x11,0x11,
    0x10,0x14,0x51,0x55,0x45,0x01,0x5d,0x75,0xdd,0x01,0xd1,0xd7,0x5d,0x77,0x5d,0xdd,
    0x1d,0x5d,0x75,0xd7,0x45,0xdd,0xdd,0x77,0x47,0x75,0x17,0x5d,0xd4,0x17,0x5d,0xdd,
    0xb4,0x99,0xea,0x6d,0x55,0x55,0x55,0x65,0x58,0x65,0x56,0x64,0x15,0x55,0x55,0x95,
    0x55,0x55,0x55,0x95,0x51,0x55,0x45,0x56,0x55,0x11,0x19,0x44,0x64,0x05,0x19,0x91,
    0x18,0x59,0x12,0x11,0x99,0x19,0x85,0x80,0x77,0x00,0x74,0xf7,0x5d,0x5d,0x77,0x1c,
    0x04,0x42,0x66,0x05,0x53,0x55,0x55,0x54,0x50,0x09,0xaa,0x6a,0x29,0xa9,0xaa,0x61,
    0xa6,0x66,0x6e,0x9d,0xa2,0x66,0xe8,0x9d,0xdd,0x77,0x05,0x55,0x15,0x55,0x75,0x55,
    0x55,0x55,0x75,0x5d,0x1d,0xdd,0xdd,0xdd,0x54,0x00,0x75,0xdd,0xdf,0xdd,0x01,0x55,
    0x75,0x00,0x43,0xf7,0x77,0x7f,0xdd,0xdf,0x77,0xdf,0x7d,0xf7,0xdc,0x01,0x56,0x55,
    0x55,0x55,0x55,0xd5,0x55,0x54,0x11,0x15,0x11,0x11,0x14,0x51,0x51,0x44,0x44,0x44,
    0x45,0x44,0x45,0x14,0x51,0x14,0x44,0x45,0x15,0x11,0x44,0x51,0x11,0x45,0x11,0x14,
    0x55,0x11,0x14,0x45,0x14,0x51,0x45,0x11,0x51,0x54,0x54,0x45,0x11,0x14,0x51,0x10,
    0x44,0x05,0x55,0x14,0x55,0x05,0xd4,0x5d,0x17,0x05,0x57,0x75,0x17,0x5d,0x17,0x51,
    0x74,0x77,0x47,0x74,0x5d,0x77,0x74,0x5d,0x75,0xd1,0x75,0x17,0x74,0x1d,0xd4,0x5d,
    0x69,0xb9,0x91,0x99,0x55,0x55,0x55,0x55,0x56,0xe5,0x55,0xe4,0x15,0x55,0x55,0x55,
    0x54,0x55,0x65,0x54,0x55,0x55,0x55,0x65,0x51,0x99,0x84,0x66,0x40,0x19,0x90,0x19,
    0x85,0x11,0x99,0x64,0x44,0x51,0x11,0x50,0x07,0x74,0x37,0x4d,0x17,0x77,0x71,0xd0,
    0x59,0x41,0x9d,0xc1,0x50,0x59,0x9d,0x45,0x50,0x06,0xa4,0xa6,0x9a,0x9e,0x9a,0xa6,
    0xaa,0xaa,0xa6,0xaa,0x9a,0xae,0x66,0x77,0x77,0x75,0x05,0x59,0x55,0x96,0x55,0x51,
    0x45,0x65,0x55,0x55,0x51,0x45,0x14,0x54,0x75,0x40,0x5d,0xdf,0x77,0x77,0xc0,0x59,
    0x54,0x05,0x50,0x7d,0xdf,0xdd,0xf7,0xf7,0xdd,0xf7,0xdf,0x7d,0xf4,0x05,0x75,0x59,
    0x9d,0x75,0x9d,0x56,0x5d,0x5c,0x14,0x44,0x54,0x54,0x45,0x14,0x45,0x15,0x15,0x15,
    0x11,0x14,0x51,0x45,0x14,0x45,0x15,0x11,0x44,0x54,0x44,0x45,0x14,0x51,0x14,0x45,
    0x11,0x15,0x44,0x44,0x45,0x11,0x11,0x54,0x44,0x45,0x11,0x45,0x15,0x45,0x11,0x11,
    0x10,0x15,0x15,0x55,0x54,0x0d,0x45,0xd7,0x75,0x01,0xdd,0x47,0x75,0x17,0x75,0xd7,
    0x5d,0xd7,0x5d,0x45,0xdd,0x15,0x17,0x74,0x5d,0x17,0x77,0x74,0x50,0x57,0x45,0xd7,
    0x9e,0x67,0xa6,0xed,0x55,0x55,0x55,0x55,0x5d,0x9d,0x56,0x74,0x15,0x51,0x55,0x55,
    0x65,0x59,0x55,0x55,0x55,0x54,0x55,0x55,0x46,0x11,0x19,0x11,0x01,0x61,0x14,0x14,
    0x51,0xa4,0x44,0x46,0x66,0x19,0x98,0x65,0x03,0x74,0x03,0x5d,0xfd,0xd1,0xdd,0x01,
    0x11,0x09,0xd9,0x05,0x50,0x55,0x55,0x55,0x50,0x0a,0x7a,0xad,0xa9,0xe9,0xa9,0xea,
    0x67,0x61,0xa1,0x99,0x29,0x9a,0xad,0xdd,0xdd,0x5d,0xc1,0x55,0x59,0x55,0x54,0x55,
    0x55,0x57,0x54,0x55,0x57,0x5d,0x75,0xdd,0x5d,0x4d,0xdd,0xdd,0xf7,0xfd,0xd0,0x35,
    0x60,0x15,0x50,0x1f,0xf7,0x7d,0xdd,0xdd,0xff,0x7d,0xf7,0xdf,0x70,0x05,0x55,0x95,
    0x55,0x55,0x55,0x65,0x55,0x94,0x05,0x51,0x11,0x11,0x51,0x45,0x11,0x44,0x44,0x51,
    0x54,0x45,0x14,0x51,0x45,0x11,0x44,0x54,0x51,0x45,0x15,0x11,0x45,0x11,0x45,0x51,
    0x45,0x44,0x45,0x51,0x51,0x14,0x54,0x44,0x55,0x11,0x44,0x51,0x44,0x44,0x51,0x11,
    0x11,0x05,0x51,0x45,0x15,0x05,0xdd,0x75,0xdd,0xc1,0x47,0x5d,0x77,0x75,0xdd,0x1d,
    0xd7,0x75,0x17,0x5d,0x77,0x77,0x75,0xd7,0x75,0x77,0x5d,0xdd,0xd0,0x75,0xdd,0xd1,
    0xb6,0x29,0x1a,0x66,0x55,0x55,0x59,0x55,0x4a,0x45,0x57,0x68,0x15,0x95,0x65,0x59,
    0x55,0x55,0x55,0x15,0x55,0x65,0x55,0x54,0x91,0x46,0x46,0x60,0x06,0x45,0x90,0x06,
    0x18,0x46,0x66,0x61,0x11,0x44,0x45,0x11,0x40,0x07,0x70,0x0d,0xd3,0x1f,0x4c,0x05,
    0x94,0x05,0x91,0x85,0x90,0x55,0xd6,0x56,0x50,0x06,0xa9,0x9a,0x9a,0x9a,0x9e,0x9a,
    0xba,0x9a,0x6a,0xa2,0x9a,0xe9,0x19,0xd7,0x77,0x77,0x41,0x65,0x55,0x75,0x15,0x56,
    0x56,0x75,0x55,0x57,0x55,0xd1,0x00,0x00,0x01,0x04,0x77,0x77,0x7d,0xdf,0x74,0x01,
    0x40,0x55,0x54,0x07,0x7d,0xdf,0xff,0xff,0x1d,0xdf,0x7d,0xf7,0xdc,0x0d,0x65,0x5d,
    0x56,0x59,0x65,0x54,0x59,0x50,0x14,0x15,0x45,0x45,0x14,0x51,0x44,0x51,0x51,0x14,
    0x45,0x51,0x45,0x11,0x11,0x54,0x51,0x11,0x14,0x51,0x44,0x54,0x51,0x44,0x51,0x14,
    0x51,0x11,0x51,0x14,0x45,0x45,0x11,0x15,0x11,0x44,0x51,0x10,0x51,0x15,0x11,0x11,
    0x10,0x05,0x55,0x55,0x54,0x05,0x77,0x51,0x47,0x40,0x57,0x74,0x51,0x74,0x51,0x75,
    0x1d,0x1d,0x75,0xd7,0x51,0x75,0xdd,0x45,0xd1,0xdd,0xd1,0x45,0x43,0x5d,0x77,0x77,
    0x9a,0x67,0xad,0xd1,0x55,0x55,0x55,0x55,0xa7,0x65,0x56,0x94,0x15,0x55,0x55,0x95,
    0x55,0x55,0x45,0x55,0x96,0x55,0x55,0x86,0x18,0x61,0x94,0x40,0x58,0x51,0x01,0x85,
    0x45,0x91,0x11,0x16,0x44,0x66,0x61,0x99,0x90,0x03,0x5d,0x00,0xdd,0xf7,0x30,0x58,
    0x64,0x19,0xe6,0x05,0x50,0x59,0x55,0x65,0x50,0x0a,0x6a,0xa9,0x28,0x69,0x29,0xa4,
    0x66,0xaa,0x99,0x99,0xa9,0x9a,0x67,0x75,0xdd,0xdd,0x70,0x57,0x5d,0x55,0x55,0x95,
    0x55,0x55,0x65,0x65,0x55,0x55,0x00,0x00,0x00,0x00,0x00,0x0c,0xdd,0xf7,0xfd,0xc0,
    0x05,0x55,0x55,0x01,0xdf,0xf7,0x77,0x74,0x07,0xf7,0xdf,0x7d,0xdc,0x05,0x57,0x55,
    0x75,0x57,0x54,0x55,0x55,0x54,0x11,0x44,0x51,0x11,0x44,0x44,0x55,0x14,0x45,0x44,
    0x44,0x14,0x44,0x54,0x54,0x44,0x45,0x45,0x45,0x11,0x15,0x11,0x14,0x55,0x14,0x45,
    0x14,0x54,0x45,0x11,0x44,0x51,0x45,0x44,0x44,0x51,0x15,0x10,0x45,0x44,0x51,0x11,
    0x14,0x05,0x14,0x51,0x54,0x07,0x5d,0x17,0x5d,0x10,0x75,0x15,0xd7,0x5d,0xd7,0x5d,
    0x75,0x74,0x77,0x47,0x77,0x51,0x74,0x77,0x5d,0x75,0x17,0x5d,0xc1,0xd4,0x5d,0x5d,
    0xb4,0x9e,0x66,0xaa,0xcd,0x55,0x55,0x54,0x76,0x85,0x65,0x1c,0x15,0x55,0x55,0x55,
    0x15,0x94,0x55,0x55,0x55,0x55,0x58,0x61,0x45,0x16,0x40,0x06,0x45,0x19,0x05,0x42,
    0x61,0x19,0x99,0x84,0x66,0x11,0x14,0x44,0x51,0x40,0x0d,0xdd,0x1d,0xd0,0x05,0x16,
    0x40,0x66,0x65,0x8d,0x50,0x55,0x59,0x55,0x50,0x06,0xa4,0x62,0x98,0x06,0x9a,0xaa,
    0xa9,0x19,0xeb,0xaa,0x9e,0xa1,0xb7,0x77,0x75,0x57,0x50,0x55,0x55,0x55,0x59,0x55,
    0xd7,0x55,0x55,0x55,0x75,0x55,0x55,0x55,0x55,0x10,0x00,0x00,0x03,0x77,0x77,0x70,
    0x05,0x55,0x55,0x03,0x77,0x7d,0xf7,0xdc,0x41,0xdd,0xf7,0xdf,0x74,0x05,0x65,0x56,
    0x55,0x95,0x55,0x65,0x97,0x50,0x14,0x51,0x14,0x54,0x45,0x15,0x11,0x11,0x51,0x14,
    0x51,0x45,0x15,0x11,0x11,0x14,0x51,0x14,0x44,0x54,0x44,0x54,0x45,0x11,0x45,0x11,
    0x45,0x11,0x44,0x54,0x51,0x14,0x51,0x11,0x51,0x15,0x44,0x50,0x51,0x14,0x44,0x44,
    0x41,0x05,0x55,0x55,0x14,0x15,0xd7,0x75,0xd4,0x70,0x5d,0x77,0x75,0x17,0x75,0xd1,
    0xd1,0xd7,0x5d,0x75,0xd7,0x77,0x5d,0x75,0xd7,0x51,0x77,0x75,0x41,0x77,0x74,0x77,
    0x69,0xb6,0xb6,0x5c,0xfc,0x55,0x55,0x7a,0x69,0x95,0x56,0x64,0x15,0x65,0x65,0x45,
    0x55,0x55,0x55,0x65,0x55,0x55,0x45,0x14,0x61,0x90,0x00,0x51,0x12,0x44,0x05,0x70,
    0x59,0x84,0x44,0x59,0x11,0x64,0x46,0x66,0x10,0x54,0x00,0x11,0xf4,0x00,0x45,0x84,
    0x41,0x9d,0x89,0x05,0x50,0x56,0x55,0xd7,0x50,0x09,0xba,0xa6,0x90,0x41,0xa9,0x99,
    0x9a,0xaa,0x9a,0x67,0xa9,0x9a,0x77,0x5d,0xdd,0xdd,0xdc,0x15,0x55,0x91,0x55,0x75,
    0x55,0x51,0x45,0xd4,0x55,0x75,0x55,0x55,0x55,0x55,0x55,0x51,0x00,0x00,0xdf,0xd7,
    0x01,0x55,0x54,0x00,0xfd,0xdf,0x7d,0xd0,0x60,0xdf,0x7d,0xf7,0xd0,0x01,0x55,0x95,
    0x59,0x51,0x65,0x55,0x75,0x54,0x05,0x11,0x45,0x11,0x51,0x44,0x45,0x14,0x44,0x45,
    0x14,0x51,0x44,0x45,0x45,0x45,0x14,0x45,0x15,0x11,0x51,0x11,0x51,0x11,0x11,0x54,
    0x44,0x54,0x51,0x45,0x15,0x45,0x14,0x54,0x45,0x44,0x45,0x10,0x51,0x45,0x14,0x44,
    0x14,0x05,0x45,0x15,0x54,0x07,0x45,0xdd,0x77,0x70,0x17,0x5d,0x47,0x75,0x1d,0x17,
    0x5d,0x75,0xd4,0x5d,0x45,0x17,0x47,0x5d,0x1d,0x1d,0xdd,0xd1,0x07,0x5d,0xd7,0x51,
    0x9e,0x68,0xce,0x4f,0xff,0x15,0x9e,0x19,0xd1,0xd5,0x57,0x90,0x55,0x55,0x54,0x55,
    0x55,0x55,0x56,0x55,0x65,0x51,0x12,0x46,0x54,0x00,0x15,0x55,0x65,0x90,0x57,0x54,
    0x11,0x19,0x91,0x24,0x64,0x46,0x61,0x11,0x60,0x65,0x50,0x00,0x00,0x05,0x51,0x65,
    0x06,0x66,0x59,0xc5,0x50,0x55,0x75,0x55,0x50,0x0a,0x66,0x69,0xa1,0x60,0x6a,0x2a,
    0x89,0x99,0x89,0x8a,0x6a,0x27,0x75,0xd7,0x77,0x77,0x74,0x05,0x91,0x55,0x97,0x55,
    0x65,0x55,0x55,0x55,0x56,0x55,0x55,0x55,0x55,0x55,0x55,0x55,0x55,0x00,0x01,0xfd,
    0xc0,0x10,0x54,0x30,0x1f,0x77,0xdf,0x73,0x64,0x37,0xdf,0x7d,0xd8,0x05,0x5d,0x51,
    0x55,0x15,0x57,0x67,0x55,0x50,0x11,0x44,0x51,0x44,0x44,0x51,0x51,0x45,0x15,0x51,
    0x45,0x14,0x45,0x14,0x51,0x11,0x45,0x51,0x44,0x44,0x45,0x45,0x14,0x54,0x54,0x44,
    0x55,0x11,0x14,0x51,0x11,0x11,0x45,0x11,0x51,0x11,0x44,0x50,0x44,0x51,0x44,0x44,
    0x41,0x05,0x55,0x51,0x50,0x15,0xdd,0x47,0x51,0x10,0x1d,0xd4,0x5d,0x77,0x5d,0x75,
    0xd7,0x47,0x45,0xd4,0x5d,0x75,0xd7,0x77,0x75,0xd7,0x5d,0x17,0x05,0xd4,0x75,0xd7,
    0xb6,0x8f,0xfc,0xff,0x73,0xe7,0x66,0x6d,0xa6,0x96,0x56,0x64,0x15,0x95,0x15,0x55,
    0x59,0x45,0x55,0x55,0x55,0x19,0x99,0x99,0x00,0x05,0x55,0x55,0x55,0x40,0x59,0x74,
    0x06,0x51,0x19,0x91,0x86,0x61,0x16,0x44,0x50,0x61,0x95,0x44,0x44,0x58,0x64,0x90,
    0x26,0x74,0x9d,0x81,0x50,0x59,0x55,0x59,0x50,0x06,0xaa,0xaa,0x41,0x50,0x19,0x99,
    0x9a,0xae,0x9a,0xa6,0xa6,0x69,0xdd,0x75,0xd5,0x55,0x55,0x05,0x55,0x55,0x55,0x54,
    0x54,0x56,0x56,0x55,0x65,0x56,0x5d,0x65,0xd7,0x55,0x55,0x55,0x55,0x55,0x00,0x1d,
    0xdc,0x00,0x00,0x1c,0x07,0xfd,0xf7,0xd1,0x98,0x37,0x77,0xdf,0x60,0x05,0x95,0x55,
    0x9d,0x55,0x95,0x55,0x56,0x50,0x14,0x55,0x11,0x15,0x15,0x14,0x44,0x51,0x44,0x14,
    0x51,0x44,0x51,0x45,0x14,0x54,0x51,0x14,0x51,0x55,0x14,0x51,0x45,0x11,0x11,0x15,
    0x11,0x15,0x45,0x11,0x44,0x54,0x44,0x54,0x45,0x14,0x51,0x40,0x55,0x11,0x14,0x44,
    0x44,0x01,0x45,0x15,0x14,0x1d,0x51,0xd7,0x77,0x74,0x15,0x1d,0xd7,0x51,0xd4,0x5d,
    0x45,0xd7,0x5d,0xdd,0xdd,0xdd,0x75,0x15,0xd1,0x75,0xd1,0x74,0x07,0x45,0xd1,0xdd,
    0x98,0x7f,0x7f,0xff,0x3f,0xf6,0x87,0x9a,0x49,0xd5,0x54,0x6c,0x55,0x55,0x55,0x55,
    0x95,0x55,0x95,0x56,0x51,0x44,0x64,0x40,0x01,0x55,0x55,0x55,0x55,0x05,0x77,0x55,
    0x40,0x16,0x44,0x44,0x51,0x16,0x44,0x66,0x10,0x54,0x48,0x59,0x59,0x45,0x11,0x50,
    0x58,0x69,0x99,0x05,0x50,0x55,0xd6,0x55,0x50,0x0a,0x69,0x1a,0x41,0xa4,0x26,0xa6,
    0xa6,0x66,0xa9,0xaa,0x4a,0xdd,0xdd,0xdd,0x77,0x77,0x77,0x41,0x55,0x65,0x75,0x55,
    0x55,0x55,0x55,0x59,0x55,0x15,0x55,0x55,0x55,0x59,0x96,0x5d,0x55,0x55,0x54,0x03,
    0x77,0x0c,0x00,0xf1,0x01,0xdf,0x7d,0xc2,0xa5,0x0d,0xfd,0xf5,0xd4,0x0d,0x56,0x59,
    0x55,0x59,0x59,0x59,0x65,0x50,0x14,0x41,0x14,0x44,0x44,0x44,0x51,0x14,0x45,0x44,
    0x44,0x45,0x14,0x51,0x11,0x11,0x11,0x44,0x44,0x44,0x45,0x14,0x44,0x55,0x45,0x44,
    0x45,0x44,0x44,0x54,0x55,0x11,0x51,0x11,0x11,0x45,0x14,0x41,0x44,0x51,0x44,0x44,
    0x45,0x05,0x55,0x55,0x50,0x17,0x75,0x75,0x1d,0x1c,0x07,0x57,0x75,0x17,0x75,0xd4,
    0x77,0x75,0xdd,0x75,0xd7,0x51,0xd1,0x74,0x5d,0xdd,0x17,0x5c,0x15,0xdd,0x77,0x47,
    0xb6,0xfc,0xf3,0xd3,0xf7,0x19,0xd9,0xb4,0x9b,0x55,0x59,0xd0,0x55,0x55,0x55,0x55,
    0x55,0x55,0x55,0x95,0x16,0x64,0x40,0x00,0x55,0x55,0x65,0x95,0x50,0x05,0x95,0x77,
    0x50,0x01,0x66,0x66,0x46,0x44,0x66,0x11,0x60,0x61,0x95,0x86,0x11,0x91,0x99,0x01,
    0x99,0x9d,0xb6,0x45,0x90,0x55,0x55,0x45,0x50,0x06,0xba,0xa6,0x8d,0x66,0x09,0x60,
    0x00,0x29,0x92,0x64,0xa6,0x77,0x77,0x77,0x75,0xdd,0xdd,0xc1,0x59,0x57,0x55,0x15,
    0x65,0x65,0x94,0x55,0x15,0x55,0x16,0x5d,0x55,0x95,0x55,0x55,0x5d,0x55,0x55,0x40,
    0xdc,0x07,0xf3,0x4f,0xc3,0x77,0xdf,0x41,0x9a,0x43,0x77,0x76,0x60,0x05,0x55,0x15,
    0x55,0x95,0x55,0xd5,0x55,0x50,0x14,0x54,0x45,0x51,0x51,0x45,0x15,0x11,0x44,0x45,
    0x15,0x11,0x45,0x14,0x55,0x45,0x44,0x45,0x15,0x11,0x51,0x44,0x55,0x10,0x51,0x14,
    0x51,0x11,0x51,0x45,0x11,0x44,0x45,0x45,0x54,0x51,0x45,0x40,0x45,0x14,0x51,0x11,
    0x10,0x01,0x51,0x45,0x50,0x17,0x51,0xd1,0x5d,0xd4,0x05,0xdd,0x47,0x75,0xd1,0xdd,
    0x75,0x1d,0x17,0x47,0x45,0x17,0x5d,0xdd,0xd7,0x77,0x77,0x5c,0x1d,0x77,0x5d,0x5d,
    0x69,0xcf,0xf7,0xff,0x7f,0xf6,0x9b,0x69,0xb6,0x95,0x57,0x90,0x56,0x59,0x59,0x55,
    0x55,0x55,0x55,0x54,0x44,0x00,0x00,0x45,0x55,0x65,0x55,0x55,0x40,0x57,0x77,0x55,
    0x55,0x40,0x11,0x11,0x18,0x66,0x11,0x64,0x50,0x59,0x12,0x51,0x64,0x64,0x64,0x06,
    0x77,0x66,0x65,0x09,0x50,0x59,0x65,0x55,0x60,0x0a,0x66,0x6e,0x45,0x99,0x81,0x00,
    0x00,0x01,0xaa,0xba,0x69,0xd7,0x5d,0xdd,0xdd,0x55,0x57,0x50,0x55,0x75,0x55,0x54,
    0x15,0x55,0x45,0x5d,0x55,0x5d,0x55,0x55,0x65,0x57,0x5d,0x55,0x95,0x65,0x55,0x54,
    0x05,0x0c,0x47,0x31,0x30,0xdd,0xf7,0x41,0xb9,0xb0,0x7d,0xc4,0x98,0x05,0x91,0x55,
    0xd9,0x57,0x5d,0x54,0x5d,0x50,0x45,0x11,0x51,0x14,0x44,0x51,0x44,0x51,0x14,0x51,
    0x44,0x54,0x51,0x11,0x10,0x51,0x15,0x11,0x44,0x54,0x44,0x51,0x11,0x15,0x14,0x45,
    0x14,0x54,0x45,0x11,0x44,0x51,0x51,0x14,0x44,0x44,0x44,0x41,0x51,0x11,0x14,0x44,
    0x45,0x01,0x55,0x54,0x50,0x5d,0x17,0x5d,0xdc,0x47,0x05,0xd4,0x5d,0x77,0x5d,0x77,
    0x5d,0x75,0x74,0x5d,0x77,0x75,0xd7,0x5d,0x75,0x15,0xdd,0xd0,0x5d,0xd7,0x47,0x77,
    0x9e,0xf7,0xff,0x3f,0xfc,0xd9,0xe6,0x92,0x69,0x55,0x99,0x90,0x55,0x55,0x55,0x00,
    0x00,0x44,0x40,0x00,0x00,0x01,0x15,0x55,0x56,0x55,0x55,0x55,0x01,0x5d,0x55,0xdd,
    0xdd,0x58,0x06,0x66,0x45,0x11,0x64,0x46,0x10,0x61,0x99,0x19,0x19,0x19,0x40,0x96,
    0x69,0x91,0xd9,0x05,0x50,0x55,0x5d,0x65,0x50,0x06,0xaa,0xe6,0x89,0x69,0x90,0x06,
    0x59,0x42,0x99,0x99,0xad,0xdd,0xd7,0x77,0x77,0x77,0x75,0xd0,0x15,0x55,0x59,0x50,
    0x56,0x51,0x55,0x55,0x59,0x55,0x55,0xd5,0x54,0x55,0x55,0x75,0x55,0x57,0x5d,0x55,
    0x03,0xc3,0x3c,0xd3,0xc1,0xff,0x7d,0xce,0x66,0x90,0xc0,0x00,0x10,0x01,0x55,0x59,
    0x55,0x75,0x55,0x65,0x55,0x50,0x11,0x44,0x44,0x44,0x55,0x14,0x45,0x14,0x45,0x14,
    0x51,0x11,0x14,0x55,0x45,0x14,0x51,0x54,0x51,0x45,0x15,0x15,0x45,0x44,0x45,0x51,
    0x45,0x11,0x51,0x44,0x51,0x14,0x45,0x44,0x45,0x15,0x14,0x40,0x45,0x15,0x45,0x11,
    0x11,0x01,0x45,0x15,0x40,0x15,0xdd,0xd7,0x57,0x77,0x01,0x75,0xd7,0x51,0x17,0x51,
    0xd1,0xd1,0xd5,0xd7,0x5d,0x77,0x45,0xd4,0x77,0x74,0x51,0x70,0x77,0x47,0x5d,0xd1,
    0xb6,0x4f,0xcf,0x7f,0x3f,0x6e,0x61,0xe6,0xde,0x15,0x5d,0x10,0x55,0x54,0x55,0x00,
    0x00,0x00,0x00,0x00,0x11,0x55,0x55,0x55,0x55,0x55,0x45,0x54,0x05,0x95,0xdd,0x55,
    0x57,0x55,0x01,0x11,0x12,0x64,0x86,0x61,0x60,0x54,0x44,0x61,0x84,0x64,0x01,0x69,
    0x19,0x19,0x55,0x85,0x50,0x57,0x55,0x57,0x50,0x09,0x92,0x69,0x05,0x9a,0xa2,0x69,
    0xa6,0x41,0xab,0xaa,0xd7,0x77,0x75,0xdd,0xdd,0xdd,0xdd,0xd4,0x15,0xd5,0x95,0x50,
    0x55,0x55,0x55,0x95,0x55,0xd5,0x95,0x56,0x45,0x55,0x55,0x55,0x16,0x75,0x55,0x55,
    0x70,0x41,0xcd,0x3c,0x43,0x77,0xdf,0x41,0xa9,0x98,0x01,0x2c,0x04,0x05,0x56,0x55,
    0x5d,0x55,0x96,0x55,0x96,0x50,0x54,0x55,0x15,0x15,0x11,0x11,0x51,0x45,0x51,0x45,
    0x15,0x45,0x45,0x10,0x51,0x45,0x14,0x45,0x14,0x51,0x44,0x44,0x51,0x14,0x51,0x14,
    0x51,0x44,0x44,0x55,0x15,0x45,0x11,0x15,0x11,0x44,0x45,0x41,0x44,0x44,0x44,0x44,
    0x41,0x01,0x55,0x54,0x50,0x5d,0x75,0x1d,0x1c,0x45,0x01,0xdd,0x74,0x75,0xdd,0x17,
    0x5d,0x77,0x77,0x74,0x74,0x5d,0x77,0x47,0x51,0x75,0xd7,0x40,0x5d,0x75,0xd4,0x57,
    0x99,0x3f,0x7f,0xf1,0xf7,0xd9,0x26,0x6d,0x99,0x55,0x5a,0x60,0x56,0x55,0x55,0x55,
    0x55,0x51,0x55,0x55,0x55,0x55,0x55,0x55,0x65,0x55,0x55,0x50,0x95,0xdd,0x54,0x74,
    0x75,0xdd,0x41,0x66,0x64,0x46,0x51,0x14,0x90,0x49,0x91,0x14,0x59,0x40,0x16,0x76,
    0x6d,0x95,0x55,0x05,0xd0,0x55,0x65,0x95,0x50,0x0a,0xa6,0x9a,0x05,0x99,0xd9,0xa6,
    0x9a,0x0a,0x66,0x66,0x6d,0xdd,0xdd,0x57,0x75,0x55,0x75,0x77,0x05,0x55,0x51,0x41,
    0x55,0xd5,0x95,0x56,0x51,0x55,0x5d,0x65,0x55,0x67,0x51,0x65,0x55,0x55,0x56,0x55,
    0x50,0x70,0xd3,0xc7,0x01,0xf7,0x77,0xc1,0x9b,0xa6,0x56,0x55,0x24,0x05,0x95,0x75,
    0xd5,0x59,0x55,0x5d,0x55,0x50,0x11,0x11,0x44,0x44,0x45,0x14,0x44,0x51,0x14,0x51,
    0x10,0x51,0x11,0x45,0x14,0x51,0x44,0x51,0x45,0x11,0x15,0x14,0x45,0x11,0x45,0x11,
    0x14,0x55,0x15,0x11,0x11,0x11,0x51,0x44,0x54,0x51,0x51,0x10,0x51,0x51,0x45,0x11,
    0x11,0x01,0x54,0x55,0x40,0x5d,0x1d,0x75,0xd7,0x7d,0xc1,0x51,0xd5,0xdd,0x75,0xdd,
    0x17,0x5d,0x45,0xd7,0x5d,0xd4,0x5d,0x75,0xd7,0x5d,0xdd,0x41,0x74,0x5d,0x1d,0xdd,
    0xba,0xbf,0x3f,0x3f,0xfc,0x6a,0x6e,0x9a,0x4a,0x65,0x51,0x90,0x55,0x55,0x59,0x55,
    0x55,0x55,0x55,0x55,0x55,0x55,0x55,0x56,0x55,0x56,0x55,0x40,0x5d,0x57,0x75,0x5d,
    0x5d,0x55,0x50,0x44,0x46,0x61,0x19,0x86,0x50,0x58,0x46,0x46,0x51,0x01,0x99,0x91,
    0x99,0x99,0x55,0x4d,0x50,0x59,0x55,0x55,0x50,0x06,0x6a,0x40,0x06,0x6e,0x6a,0x6a,
    0x79,0x06,0xae,0x89,0xd7,0x77,0x77,0x75,0x5d,0xdd,0xdd,0xdd,0x01,0x59,0x55,0x05,
    0x59,0x55,0x5d,0x75,0x55,0x59,0x15,0x55,0x55,0x55,0x55,0x55,0x55,0x55,0x95,0x5d,
    0x54,0x33,0x3c,0x4f,0x0d,0xdf,0xfd,0x42,0xa9,0x99,0xaa,0xa4,0x10,0x0d,0x5d,0x55,
    0x56,0x55,0x75,0x15,0x65,0x50,0x15,0x11,0x14,0x51,0x51,0x45,0x14,0x44,0x44,0x45,
    0x45,0x14,0x54,0x51,0x45,0x14,0x45,0x11,0x11,0x45,0x44,0x45,0x11,0x45,0x11,0x45,
    0x44,0x44,0x44,0x45,0x44,0x54,0x44,0x51,0x45,0x14,0x45,0x41,0x14,0x44,0x51,0x10,
    0x44,0x41,0x45,0x45,0x40,0x57,0x57,0x51,0x71,0xd1,0xc0,0x75,0xd1,0x74,0x51,0x75,
    0xdd,0x14,0x5d,0x45,0xd7,0x75,0xd4,0x5d,0xdd,0xd1,0x47,0x41,0xd7,0x77,0x75,0xd7,
    0x99,0x63,0xf7,0xdf,0xf1,0xa7,0x99,0xe4,0x9b,0x55,0x59,0x81,0x55,0x59,0x55,0x55,
    0x55,0x55,0x55,0x55,0x55,0x55,0x95,0x95,0x55,0x65,0x55,0x41,0x57,0x75,0x5d,0xd5,
    0xd5,0xdd,0xd0,0x59,0x91,0x16,0x44,0x51,0x10,0x65,0x14,0x59,0x00,0x25,0x92,0x66,
    0xdd,0x55,0x55,0x05,0x50,0x55,0x9d,0x76,0x50,0x0a,0x98,0x00,0x55,0x99,0xa6,0xa7,
    0xa4,0x26,0x66,0x66,0x75,0xdd,0xdd,0xdd,0xd7,0x77,0x77,0x77,0x40,0x55,0x15,0x05,
    0x05,0x59,0x55,0x55,0x15,0x95,0x55,0x45,0xd6,0x55,0x65,0x65,0xd9,0x15,0x45,0x55,
    0x54,0x01,0x34,0xf1,0x0d,0xf7,0x5f,0xc1,0x9a,0xae,0x9d,0x98,0x18,0x05,0x55,0x65,
    0x95,0x65,0x55,0x56,0x57,0x50,0x51,0x45,0x11,0x44,0x44,0x51,0x45,0x15,0x15,0x11,
    0x14,0x45,0x11,0x14,0x51,0x11,0x51,0x45,0x44,0x51,0x15,0x51,0x54,0x51,0x54,0x51,
    0x15,0x11,0x51,0x51,0x15,0x11,0x15,0x14,0x51,0x11,0x44,0x41,0x45,0x15,0x14,0x44,
    0x44,0x40,0x55,0x55,0x01,0x75,0xd1,0xd7,0x5d,0x1c,0x40,0x5d,0x77,0x5d,0xdd,0xd1,
    0x75,0xdd,0xd7,0x77,0x45,0x1d,0xdd,0xdd,0x45,0x17,0x5d,0x01,0x75,0xd1,0x5d,0x45,
    0x78,0x9f,0xff,0xff,0x7e,0x79,0xe4,0x6d,0xb6,0x59,0x7b,0x61,0x56,0x55,0x55,0x59,
    0x59,0x65,0x65,0x55,0x56,0x59,0x55,0x55,0x55,0x55,0x55,0x05,0xd5,0x5d,0xd5,0x77,
    0x5d,0x55,0x54,0x54,0x46,0x44,0x66,0x19,0x90,0x61,0x66,0x40,0x01,0x5a,0x66,0xd9,
    0x99,0x55,0x55,0x45,0x50,0x55,0x55,0x55,0x50,0x06,0x60,0x15,0x66,0x6a,0xaa,0x7a,
    0x68,0x1a,0xea,0x9d,0xdd,0x57,0x77,0x57,0x75,0x5d,0x5d,0xdd,0xd0,0x55,0x54,0x15,
    0x24,0x15,0xd5,0x95,0x55,0x55,0x59,0x55,0x55,0x75,0x56,0x55,0x55,0x54,0x55,0xd6,
    0x54,0x0c,0xcf,0x1c,0x37,0x77,0x00,0x06,0x79,0xd9,0xa9,0xa0,0x90,0x09,0x65,0x55,
    0x56,0x57,0x59,0x65,0x55,0x50,0x14,0x51,0x44,0x55,0x15,0x11,0x11,0x44,0x44,0x54,
    0x45,0x51,0x45,0x45,0x11,0x44,0x44,0x51,0x15,0x14,0x44,0x14,0x45,0x14,0x45,0x14,
    0x44,0x54,0x45,0x14,0x44,0x51,0x44,0x45,0x11,0x54,0x51,0x00,0x51,0x44,0x45,0x11,
    0x11,0x01,0x51,0x45,0x01,0x74,0x5d,0x75,0xd1,0xd1,0xd0,0x17,0x51,0xd4,0x5d,0x77,
    0x5d,0x57,0x74,0x5d,0x77,0x5d,0x45,0xd4,0x5d,0x77,0x75,0x07,0x51,0x77,0x74,0x77,
    0x59,0x99,0xcf,0x3c,0xc6,0xda,0x4a,0x9a,0x64,0x95,0x99,0x41,0x55,0x54,0x56,0x55,
    0x55,0x55,0x55,0x65,0x95,0x55,0x55,0x55,0x59,0x55,0x55,0x05,0x77,0x75,0x77,0x55,
    0xd7,0x77,0x5c,0x15,0x91,0x19,0x11,0x44,0x60,0x44,0x00,0x00,0x59,0xa4,0x76,0x6d,
    0x15,0x55,0x55,0x05,0x90,0x59,0xd6,0x55,0x40,0x09,0x81,0x66,0x59,0xa6,0x67,0xa6,
    0x90,0x69,0x99,0x27,0x77,0x75,0xd0,0x35,0xdd,0xd7,0x77,0x77,0x5c,0x05,0x54,0x16,
    0x14,0x15,0x55,0x51,0x59,0x45,0x95,0x56,0x54,0x55,0x15,0x45,0x55,0x55,0x55,0x55,
    0x55,0x07,0xd1,0xcc,0x37,0xd0,0x01,0x12,0xa6,0xaa,0x66,0x40,0x68,0x05,0x57,0x5d,
    0x65,0x75,0x55,0x55,0xd5,0x40,0x44,0x44,0x55,0x11,0x44,0x51,0x51,0x15,0x45,0x11,
    0x51,0x11,0x11,0x11,0x14,0x55,0x15,0x14,0x44,0x45,0x51,0x45,0x11,0x45,0x11,0x45,
    0x51,0x11,0x51,0x45,0x51,0x14,0x51,0x51,0x14,0x44,0x45,0x41,0x14,0x45,0x11,0x11,
    0x11,0x40,0x55,0x55,0x01,0x5d,0xd7,0x5d,0x5d,0xdd,0xd0,0x17,0x45,0xd1,0xd7,0x55,
    0xd1,0x35,0x55,0xd4,0x5d,0xd4,0x5d,0x75,0xdd,0xdd,0xdd,0x05,0xdd,0xd7,0x5d,0xdd,
    0x57,0xb6,0xfd,0xf7,0xf6,0x6d,0x99,0xe4,0x9a,0x77,0x46,0x81,0x55,0x45,0x55,0x55,
    0x55,0x55,0x56,0x55,0x55,0x55,0x56,0x56,0x55,0x51,0x55,0x06,0x5d,0x57,0x55,0xdd,
    0x75,0x51,0x54,0x55,0x46,0x44,0x64,0x99,0x10,0x00,0x01,0x15,0x9a,0x76,0x99,0x19,
    0x95,0x55,0x55,0x49,0x50,0x55,0x55,0x45,0x50,0x06,0x06,0x59,0x66,0xeb,0xaa,0x69,
    0x80,0x6a,0xa2,0x67,0x5d,0xdd,0x51,0x01,0x77,0x75,0x5d,0xdd,0xc0,0x05,0x58,0x54,
    0x14,0x55,0x64,0x55,0x55,0x55,0x51,0x65,0x45,0x55,0x55,0x55,0x17,0x59,0x59,0x59,
    0x44,0x0c,0x3c,0xd0,0x1d,0xc0,0x56,0x66,0x6a,0x64,0xaa,0x41,0x9c,0x01,0x75,0x55,
    0x57,0x55,0x91,0x9d,0x59,0x50,0x51,0x51,0x11,0x11,0x14,0x44,0x45,0x44,0x51,0x44,
    0x45,0x14,0x54,0x54,0x45,0x11,0x44,0x45,0x51,0x51,0x14,0x51,0x44,0x51,0x44,0x51,
    0x15,0x44,0x44,0x51,0x15,0x45,0x14,0x45,0x45,0x11,0x51,0x01,0x44,0x51,0x54,0x44,
    0x44,0x10,0x54,0x54,0x05,0xd5,0xd4,0x40,0x01,0x1c,0x74,0x35,0xdd,0x75,0x74,0x00,
    0x00,0x00,0x0d,0x75,0xd4,0x75,0xd7,0x47,0x5d,0x75,0x14,0x07,0x77,0x45,0x17,0x57,
    0x55,0x99,0x53,0xff,0x1b,0x98,0x9e,0x6d,0xb7,0x69,0xad,0x41,0x59,0x55,0x55,0x45,
    0x96,0x56,0x55,0x55,0x55,0x55,0x65,0x55,0x55,0x15,0x55,0x05,0xd5,0xdd,0x47,0x54,
    0x54,0x75,0xd0,0x55,0x51,0x99,0x11,0x11,0x91,0x55,0x55,0x59,0x9d,0x99,0xe7,0x66,
    0x55,0x55,0x55,0x05,0x50,0x55,0x65,0x56,0x50,0x09,0x09,0x66,0x6a,0x66,0x66,0xa6,
    0x41,0xa7,0x66,0x77,0x75,0x77,0x71,0x40,0x5d,0x5c,0xc7,0x75,0x01,0x40,0x54,0x54,
    0x14,0x16,0x55,0x56,0x5d,0x59,0x55,0x54,0x55,0x59,0x67,0x55,0x55,0x55,0x55,0x95,
    0x55,0x31,0xc4,0xf0,0xdf,0x05,0xaa,0xaa,0xd8,0xa9,0x99,0x01,0xa4,0x05,0x55,0x96,
    0x75,0x55,0x55,0x55,0x55,0x40,0x44,0x45,0x45,0x45,0x45,0x15,0x11,0x11,0x14,0x55,
    0x11,0x45,0x11,0x11,0x51,0x44,0x51,0x51,0x14,0x45,0x11,0x14,0x55,0x11,0x15,0x11,
    0x10,0x55,0x15,0x11,0x10,0x51,0x45,0x11,0x11,0x45,0x11,0x40,0x51,0x14,0x45,0x11,
    0x11,0x00,0x55,0x54,0x05,0x47,0x44,0x00,0x00,0x05,0xc4,0x07,0x5d,0x5c,0x40,0x00,
    0x00,0x00,0x00,0x07,0x75,0xdd,0xdd,0x75,0xd4,0x51,0x77,0x05,0xd4,0x5d,0xdd,0xd1,
    0x55,0xbb,0xa7,0x33,0x66,0x76,0x69,0x1a,0x69,0x86,0x19,0x05,0x55,0x55,0x59,0x55,
    0x55,0x55,0x55,0x55,0x65,0x96,0x55,0x55,0x45,0x55,0x59,0x4d,0x5d,0x54,0x55,0xd5,
    0xdd,0x57,0x50,0x55,0x54,0x44,0x66,0x64,0x60,0x55,0x55,0x59,0xe6,0x1e,0x66,0x9d,
    0x55,0x55,0x55,0x45,0x50,0x59,0x57,0x55,0x50,0x06,0x80,0x59,0xb6,0xaa,0x8a,0x6a,
    0x06,0x9a,0x9b,0x75,0xdd,0xdd,0x41,0x98,0x17,0x40,0x05,0xdc,0x15,0x40,0x55,0x54,
    0x14,0xd5,0x55,0x65,0x55,0x55,0xd5,0x55,0x55,0x95,0x55,0x59,0x59,0x65,0xd5,0x51,
    0x56,0x0f,0x3f,0x10,0x77,0x41,0x9d,0x9d,0xa6,0x66,0xa4,0x06,0x90,0x05,0x59,0x55,
    0x55,0x65,0x15,0x56,0x51,0x50,0x54,0x51,0x11,0x11,0x11,0x44,0x54,0x54,0x45,0x11,
    0x54,0x51,0x45,0x44,0x44,0x51,0x14,0x44,0x45,0x11,0x45,0x45,0x11,0x14,0x51,0x15,
    0x45,0x11,0x44,0x54,0x55,0x14,0x51,0x54,0x54,0x51,0x15,0x01,0x15,0x44,0x44,0x44,
    0x44,0x50,0x14,0x50,0x17,0x5d,0x40,0x0c,0x40,0x00,0x5d,0x05,0x17,0x00,0x00,0x0c,
    0x7d,0x31,0x00,0x00,0x1d,0x45,0x14,0x5d,0xdd,0xdd,0xd4,0x1d,0x45,0xdd,0x74,0x77,
    0x55,0x59,0x99,0xfd,0xbb,0x9b,0x9e,0xa7,0x92,0x69,0x9e,0x41,0x55,0x56,0x55,0x55,
    0x55,0x45,0x45,0x45,0x55,0x55,0x55,0x14,0x55,0x55,0x55,0x41,0x75,0x1d,0x77,0x5d,
    0x57,0x75,0x40,0x55,0x55,0xa6,0x11,0x11,0x10,0x55,0x55,0x9d,0x99,0x99,0x86,0x76,
    0x55,0x55,0x55,0x05,0xd0,0x55,0xd5,0x65,0x50,0x09,0x90,0x1a,0x6a,0x64,0x66,0x86,
    0x09,0xa9,0xe7,0x5d,0x77,0x57,0x41,0x64,0x04,0x01,0x4d,0x54,0x15,0x54,0x05,0x55,
    0x54,0x55,0xd6,0x55,0x75,0x1d,0x47,0x15,0x59,0x57,0x55,0x55,0xd5,0x51,0x54,0x55,
    0x54,0x34,0xd1,0xc3,0x7d,0xc0,0x69,0xaa,0x6a,0xae,0x6c,0x29,0xa4,0x01,0x55,0x45,
    0x96,0x55,0x59,0xd5,0x55,0x40,0x45,0x14,0x54,0x54,0x54,0x51,0x11,0x11,0x51,0x11,
    0x11,0x14,0x51,0x15,0x15,0x15,0x45,0x15,0x51,0x54,0x51,0x11,0x14,0x45,0x14,0x44,
    0x51,0x44,0x51,0x11,0x11,0x44,0x44,0x45,0x11,0x14,0x44,0x41,0x44,0x45,0x45,0x11,
    0x11,0x10,0x55,0x50,0x15,0xd7,0x00,0x77,0xb7,0x40,0x07,0x07,0x50,0x00,0x07,0x77,
    0xb7,0x9e,0xdd,0x30,0x01,0xdd,0x75,0xd7,0x45,0xd7,0x74,0x17,0x5d,0xd7,0x5d,0x5d,
    0x55,0x54,0xba,0x6d,0x99,0x86,0x49,0x9d,0xa7,0x5d,0xe6,0x05,0x59,0x65,0x55,0x56,
    0x54,0x55,0x55,0x55,0x55,0x55,0x45,0x55,0x55,0x56,0x55,0x00,0x57,0x57,0x5d,0x57,
    0x75,0x55,0x00,0x55,0x95,0x11,0x66,0x66,0x61,0x55,0x55,0x66,0x76,0xdb,0x67,0x65,
    0x55,0x55,0x55,0x4d,0x50,0x55,0x59,0x57,0x50,0x06,0xa4,0x01,0xa6,0xea,0xaa,0x69,
    0x8d,0x9e,0x67,0x77,0x55,0xdd,0xc1,0xa5,0xc0,0x16,0x07,0x70,0x55,0x55,0x01,0x55,
    0x54,0x59,0x55,0x1d,0x11,0x74,0x5d,0x77,0x55,0x75,0x51,0x45,0x55,0x15,0x55,0x55,
    0x95,0x0f,0x33,0x01,0xdf,0x7c,0x1a,0x76,0xa7,0x66,0x90,0x5a,0x60,0x05,0x97,0x55,
    0x55,0x45,0x95,0x59,0xd6,0x40,0x51,0x11,0x11,0x11,0x11,0x15,0x45,0x44,0x45,0x45,
    0x14,0x45,0x14,0x51,0x44,0x44,0x44,0x44,0x14,0x45,0x14,0x55,0x45,0x51,0x45,0x51,
    0x14,0x54,0x45,0x45,0x44,0x45,0x15,0x11,0x45,0x45,0x51,0x01,0x11,0x51,0x11,0x44,
    0x44,0x40,0x15,0x40,0x5d,0x14,0x07,0xbb,0x7b,0xb4,0x01,0x75,0x00,0x07,0x7b,0xbb,
    0x72,0xf8,0x7b,0x9c,0x00,0x17,0x77,0x74,0x5d,0x74,0x50,0x1d,0xdd,0x74,0x77,0x77,
    0x55,0x56,0x59,0xda,0xde,0x6b,0x9b,0x4a,0x49,0x95,0x91,0x05,0x55,0x55,0x54,0x55,
    0x55,0x55,0x56,0x56,0x51,0x51,0x55,0x55,0x55,0x65,0x54,0x10,0x15,0x75,0x55,0x05,
    0x55,0xd0,0x20,0x55,0x55,0x64,0x84,0x44,0x50,0x55,0x56,0x76,0x61,0x99,0x9a,0x49,
    0x56,0x55,0x55,0x05,0x50,0x59,0x95,0x75,0x50,0x0a,0x69,0xc0,0x6a,0x69,0xa6,0xaa,
    0x42,0x69,0xb7,0x5d,0xdd,0x75,0x45,0x9a,0x41,0x69,0x85,0x51,0x56,0x55,0x40,0x55,
    0x55,0xd4,0x47,0x51,0x57,0x55,0xd4,0x51,0xd5,0x55,0x55,0x55,0x51,0x55,0x65,0x65,
    0x54,0x31,0xc7,0x0d,0xf7,0xdd,0x01,0xa9,0x2a,0xa9,0xa0,0xa6,0x98,0x09,0x55,0x59,
    0x75,0x55,0x55,0x95,0x55,0x40,0x45,0x45,0x45,0x45,0x45,0x44,0x51,0x15,0x11,0x11,
    0x45,0x51,0x11,0x14,0x51,0x51,0x51,0x51,0x45,0x11,0x45,0x10,0x51,0x14,0x51,0x14,
    0x45,0x11,0x51,0x14,0x51,0x51,0x44,0x51,0x11,0x11,0x15,0x41,0x44,0x44,0x54,0x44,
    0x41,0x10,0x15,0x00,0x5d,0x5c,0x0b,0x7b,0xbb,0x7b,0x00,0x74,0x00,0x77,0xde,0xde,
    0xeb,0x00,0x0d,0xf9,0xd0,0x01,0x5d,0x45,0xd7,0x45,0xdc,0x14,0x5d,0x17,0x51,0xd5,
    0x55,0x55,0xed,0xa6,0x69,0xd9,0xa6,0x99,0xdb,0x55,0x26,0x05,0x55,0x55,0x15,0x55,
    0x45,0x56,0x55,0x55,0x55,0x55,0x55,0x55,0x65,0x55,0x54,0x14,0x03,0x44,0xc0,0x00,
    0x00,0x00,0x51,0x55,0x55,0x51,0x59,0x19,0x20,0x55,0x65,0x9b,0x66,0x74,0x76,0x65,
    0x95,0x55,0x55,0x45,0x50,0x55,0x57,0x55,0x50,0x06,0xa6,0x60,0x1a,0xa6,0xae,0x66,
    0x92,0x6b,0x5d,0xd7,0x77,0x5d,0xc1,0xa9,0x92,0x99,0x0d,0xc1,0x55,0x75,0x50,0x05,
    0xb4,0x45,0x75,0x17,0x75,0x11,0x45,0xd5,0x47,0x55,0x96,0x56,0x55,0x56,0x57,0x57,
    0x54,0x33,0x3c,0x07,0x7d,0xf7,0xc0,0x1a,0x66,0x62,0x64,0x1b,0x60,0x05,0x75,0x95,
    0x56,0x59,0x75,0x55,0x65,0x41,0x51,0x11,0x11,0x11,0x11,0x11,0x14,0x44,0x54,0x54,
    0x51,0x11,0x55,0x44,0x45,0x14,0x45,0x14,0x51,0x44,0x51,0x45,0x11,0x45,0x11,0x45,
    0x51,0x14,0x45,0x44,0x45,0x14,0x51,0x14,0x54,0x54,0x44,0x00,0x54,0x51,0x45,0x11,
    0x11,0x10,0x14,0x01,0x74,0x50,0x1e,0xed,0xed,0xed,0xb0,0x10,0x07,0x7e,0xed,0xf8,
    0x74,0x00,0x03,0xb7,0xbb,0x00,0x17,0x5d,0x77,0x5d,0xd0,0x1d,0xd7,0x75,0xd7,0x47,
    0x55,0x55,0x9a,0x49,0xe4,0xa4,0x79,0xee,0x66,0x56,0x69,0x05,0x59,0x45,0x55,0x65,
    0x55,0x65,0x55,0x55,0x55,0x95,0x56,0x59,0x55,0x55,0x54,0x15,0x40,0x00,0x00,0x00,
    0x00,0x05,0x41,0x56,0x55,0x54,0x84,0x61,0x91,0x55,0x5d,0xd6,0x76,0x9a,0x69,0xd9,
    0x55,0x55,0x55,0x41,0x50,0x57,0x55,0x55,0x60,0x09,0xaa,0x94,0x29,0xa2,0x66,0xae,
    0x60,0x65,0xd7,0x75,0x5d,0xd5,0xc5,0x9e,0xa6,0xaa,0x05,0x71,0x75,0x55,0x55,0x00,
    0x55,0x5d,0xd1,0x75,0x1d,0x77,0x5d,0x74,0x5d,0x55,0x55,0x55,0x55,0x95,0x55,0x55,
    0x50,0x1c,0x44,0x1f,0xdf,0x7d,0xdc,0x06,0xaa,0x19,0xa4,0x06,0x98,0x05,0x55,0x57,
    0x55,0x57,0x56,0x75,0x55,0x40,0x44,0x54,0x54,0x54,0x54,0x54,0x45,0x51,0x45,0x11,
    0x14,0x54,0x41,0x15,0x11,0x44,0x51,0x45,0x14,0x55,0x14,0x51,0x44,0x44,0x54,0x44,
    0x45,0x45,0x11,0x15,0x14,0x45,0x15,0x45,0x11,0x11,0x45,0x41,0x45,0x14,0x44,0x44,
    0x44,0x44,0x04,0x05,0x55,0xd0,0xde,0xde,0xde,0xfb,0x74,0x00,0xdf,0xb8,0x78,0xb7,
    0xe0,0x1d,0xc0,0x7b,0xdd,0xd0,0x05,0xd7,0x75,0x17,0x50,0x57,0x75,0xdd,0xdd,0x75,
    0x55,0x55,0x49,0xdb,0x6d,0xba,0x92,0x64,0xa1,0x96,0xd9,0x05,0x55,0x55,0x56,0x55,
    0x56,0x55,0x59,0x65,0x15,0x55,0x95,0x55,0x56,0x55,0x55,0x06,0x55,0x44,0x40,0x41,
    0x55,0x55,0x01,0x55,0x59,0x55,0x99,0x14,0x40,0x56,0x66,0x61,0xa7,0x67,0x91,0x9d,
    0x55,0x55,0x55,0x05,0x50,0x55,0x65,0x96,0x50,0x0a,0x66,0xa9,0x1a,0x9a,0xaa,0x66,
    0x90,0x9d,0xdd,0xdd,0xd7,0x77,0x41,0xa6,0x69,0x99,0x07,0x41,0x55,0x59,0x77,0x40,
    0x0d,0xd5,0x57,0x5d,0x57,0x5d,0x17,0x45,0xd4,0x45,0x15,0xd7,0x59,0x57,0x55,0x45,
    0x50,0xcf,0xf0,0xf7,0x77,0xdf,0x77,0x09,0x9d,0xaa,0x69,0x09,0x90,0x01,0x65,0x95,
    0x67,0x55,0x55,0x56,0x45,0x41,0x51,0x11,0x45,0x11,0x45,0x11,0x51,0x14,0x51,0x45,
    0x45,0x11,0x14,0x44,0x54,0x51,0x14,0x51,0x45,0x11,0x11,0x14,0x55,0x15,0x11,0x51,
    0x11,0x11,0x54,0x44,0x45,0x11,0x44,0x44,0x55,0x44,0x51,0x01,0x11,0x45,0x15,0x44,
    0x44,0x44,0x00,0x17,0x47,0x40,0x7b,0x7b,0xb2,0xdf,0xbb,0x01,0xee,0xde,0xef,0xbb,
    0xb0,0x7b,0xa0,0x2e,0x2e,0xec,0x01,0x77,0x51,0x75,0xd0,0xdd,0x47,0x45,0x17,0x5d,
    0x55,0x65,0x67,0xa6,0x9a,0x67,0x66,0xd9,0x9b,0x56,0x46,0x05,0x55,0x55,0x65,0x56,
    0x55,0x55,0x55,0x55,0x56,0x55,0x55,0x55,0x65,0x59,0x65,0x00,0x11,0x10,0x01,0x50,
    0x01,0xc0,0x15,0x55,0x55,0x55,0x11,0x86,0x52,0x59,0xd9,0xd9,0xd9,0x26,0x66,0xd9,
    0xd5,0x55,0x55,0x45,0x90,0x59,0x55,0x55,0x50,0x06,0xad,0x98,0x29,0xa9,0x9e,0xaa,
    0xa4,0x1d,0x75,0x77,0x75,0xd5,0x01,0xaa,0x9a,0xe6,0x35,0xc1,0x56,0x55,0x45,0x57,
    0x00,0x01,0x35,0x11,0xc5,0xd5,0x75,0x5d,0x45,0xdd,0x55,0x55,0x55,0x75,0x51,0x55,
    0x50,0x11,0x30,0x77,0xdd,0xf7,0xf5,0x06,0xaa,0x66,0xa9,0x09,0xa4,0x05,0x55,0x75,
    0x55,0x65,0x97,0x55,0x55,0x40,0x45,0x44,0x51,0x44,0x51,0x14,0x44,0x45,0x11,0x14,
    0x51,0x14,0x51,0x51,0x11,0x15,0x45,0x14,0x51,0x14,0x54,0x45,0x11,0x44,0x44,0x45,
    0x54,0x54,0x45,0x45,0x51,0x54,0x44,0x55,0x10,0x55,0x15,0x01,0x44,0x44,0x44,0x44,
    0x44,0x44,0x00,0x5d,0x75,0x43,0xb7,0xec,0xbb,0xb8,0x7d,0xcb,0xb7,0xb9,0xf7,0xbb,
    0x42,0xed,0xe0,0x37,0xbb,0x76,0xc0,0x15,0x17,0x77,0x50,0x5d,0xdd,0x5d,0x74,0x77,
    0x55,0x55,0x79,0x87,0x47,0x91,0xb9,0x89,0xe6,0x8b,0x69,0x05,0x65,0x96,0x55,0x55,
    0x59,0x54,0x54,0x55,0x65,0x51,0x59,0x45,0x55,0x55,0x55,0x50,0x00,0x00,0x55,0x96,
    0x00,0x00,0x55,0x65,0x95,0x59,0x64,0x51,0x20,0x67,0x64,0x66,0x61,0x9d,0xb6,0x65,
    0x55,0x55,0x55,0x41,0x50,0x55,0xd7,0x51,0x50,0x09,0x9a,0xa4,0x1a,0xda,0xa6,0x46,
    0x68,0x17,0x5d,0xd5,0xdd,0x74,0x19,0x9d,0xb9,0xa8,0x1d,0x41,0x55,0x75,0xd7,0x75,
    0x70,0x00,0x00,0x00,0x00,0x00,0x44,0x74,0x5d,0x51,0xd5,0x95,0x94,0x55,0x55,0x59,
    0x40,0xfc,0xc3,0x7d,0xff,0x7d,0xda,0x29,0x99,0xa6,0xda,0x42,0x60,0x05,0x75,0x56,
    0x59,0x55,0x55,0x65,0xd5,0x81,0x51,0x15,0x11,0x15,0x11,0x44,0x51,0x44,0x54,0x45,
    0x11,0x45,0x14,0x45,0x45,0x44,0x51,0x44,0x45,0x45,0x11,0x51,0x44,0x51,0x55,0x11,
    0x05,0x11,0x11,0x11,0x14,0x44,0x55,0x11,0x15,0x11,0x11,0x01,0x15,0x15,0x51,0x44,
    0x44,0x44,0x05,0x74,0x5d,0xc1,0xee,0xed,0xe7,0x7b,0xb8,0x9d,0xec,0x00,0xbb,0x77,
    0x81,0xee,0xdc,0x0b,0x77,0x2f,0x60,0x07,0x77,0x5d,0xd0,0x14,0x5d,0xdd,0xdd,0xd1,
    0x55,0x55,0x68,0x69,0xa9,0x26,0x92,0x67,0x91,0x96,0x9e,0x15,0x55,0x55,0x55,0x45,
    0x55,0x45,0x55,0x59,0x55,0x55,0x55,0x55,0x94,0x54,0x55,0x55,0x56,0x55,0x59,0x65,
    0x55,0x55,0x55,0x55,0x55,0x95,0x51,0x26,0x50,0x5d,0x9d,0x9e,0x66,0x69,0x19,0x18,
    0x55,0x55,0x55,0xc5,0x50,0x55,0x55,0x55,0x50,0x06,0xa9,0xb4,0x26,0xa6,0x1a,0xaa,
    0x94,0x1d,0xd7,0x77,0x77,0x50,0x5a,0xe6,0x9a,0x66,0x07,0x41,0x65,0x54,0x5d,0x17,
    0x54,0x4c,0xc3,0x30,0xc0,0x00,0x00,0x15,0xd7,0x75,0x45,0x51,0x55,0x55,0x96,0x55,
    0x40,0x4d,0x01,0xdf,0x77,0xdd,0xd9,0x06,0xe4,0x0d,0xa6,0x81,0x98,0x0d,0x56,0x55,
    0x55,0x17,0x65,0x55,0x59,0x40,0x45,0x44,0x54,0x44,0x54,0x51,0x14,0x51,0x11,0x51,
    0x44,0x51,0x45,0x11,0x14,0x45,0x11,0x15,0x11,0x11,0x45,0x14,0x54,0x45,0x11,0x54,
    0x51,0x45,0x45,0x14,0x44,0x45,0x11,0x11,0x44,0x45,0x15,0x01,0x44,0x44,0x14,0x44,
    0x44,0x11,0x01,0x55,0xd5,0x40,0x7b,0x4b,0xbe,0xed,0x07,0xbe,0xd0,0x00,0x07,0xbb,
    0x83,0xb7,0xec,0x00,0xee,0xee,0xdc,0x0d,0x75,0xd4,0x70,0x75,0xd4,0x77,0x57,0x57,
    0x55,0x55,0x75,0x9a,0x66,0x69,0xd9,0x99,0x99,0xb6,0x65,0x05,0x55,0x55,0x55,0x55,
    0x55,0x55,0x55,0x55,0x55,0x55,0x55,0x55,0x55,0x55,0x55,0x55,0x55,0x55,0x55,0x55,
    0x55,0x55,0x55,0x55,0x55,0x55,0x56,0x59,0x12,0x66,0x66,0x65,0x99,0x96,0x66,0x65,
    0x55,0x55,0x55,0x41,0x50,0x59,0x65,0x96,0x50,0x0a,0x6b,0x68,0x29,0x98,0x00,0x59,
    0xa9,0x37,0x75,0xd5,0x5d,0xc1,0xb6,0x6a,0xaa,0xa6,0x4d,0xd1,0x55,0xd1,0x75,0x75,
    0x10,0xd5,0xdd,0xdd,0xdd,0xdf,0x30,0x01,0x74,0x51,0xdd,0x15,0x55,0x65,0x55,0x5d,
    0x40,0xf3,0x07,0xf7,0xdd,0xdd,0xab,0x06,0x98,0x00,0x66,0x60,0x60,0x05,0x65,0x45,
    0xd5,0x55,0x54,0x5d,0x55,0x01,0x44,0x45,0x11,0x51,0x11,0x15,0x45,0x11,0x44,0x44,
    0x55,0x14,0x51,0x54,0x45,0x11,0x14,0x44,0x54,0x54,0x51,0x45,0x11,0x51,0x11,0x05,
    0x14,0x51,0x11,0x45,0x45,0x51,0x45,0x14,0x51,0x51,0x44,0x41,0x11,0x51,0x44,0x51,
    0x11,0x11,0x01,0xdd,0x77,0x43,0xb7,0xbb,0x40,0x06,0x0e,0xde,0x00,0x4c,0x02,0xe2,
    0xc1,0xee,0xe8,0x10,0x07,0xb7,0xb9,0xc0,0x77,0x45,0x50,0x5d,0xdd,0x75,0x1d,0x1d,
    0x59,0x15,0x18,0x74,0xc4,0xb4,0x84,0xc8,0x4c,0x48,0xc4,0x24,0x4c,0x41,0x04,0x11,
    0x01,0x11,0x21,0x10,0x41,0x04,0x81,0x04,0x11,0x11,0x10,0x44,0x4c,0x41,0x21,0x11,
    0x12,0x11,0x12,0x10,0x41,0x04,0x11,0x01,0x20,0x44,0x12,0x10,0xc4,0xcc,0x4d,0x12,
    0x11,0x04,0x11,0x05,0x50,0x55,0x55,0x55,0x50,0x06,0xa6,0xa6,0x1a,0x90,0xd0,0x01,
    0x95,0x35,0xdd,0x77,0x75,0x05,0x66,0x99,0x91,0xa9,0x81,0x41,0x5d,0x57,0x51,0xd1,
    0x54,0x1f,0x77,0x77,0x7d,0xf7,0x5d,0xc0,0xd5,0xd5,0x51,0x55,0x75,0x54,0x5d,0x55,
    0x00,0xdc,0x1d,0xdd,0xfd,0xda,0x99,0x29,0xa0,0x10,0x02,0x50,0x64,0x05,0x54,0x55,
    0x59,0x65,0x95,0x55,0x95,0x40,0x51,0x51,0x14,0x45,0x45,0x44,0x44,0x50,0x55,0x15,
    0x11,0x45,0x14,0x45,0x51,0x54,0x51,0x51,0x45,0x11,0x14,0x51,0x14,0x45,0x45,0x51,
    0x45,0x14,0x54,0x51,0x14,0x14,0x51,0x45,0x14,0x44,0x45,0x01,0x45,0x14,0x51,0x44,
    0x44,0x44,0x40,0x54,0x51,0x40,0x7b,0xb7,0x00,0x03,0x0b,0xbb,0x42,0xe6,0x03,0x7b,
    0x70,0xbb,0x7c,0x04,0x03,0x7b,0xbe,0x40,0xd1,0xdd,0xd0,0xd7,0x47,0x51,0xd7,0x77,
    0x00,0x00,0x00,0x00,0x00,0x00,0x00,0x00,0x00,0x00,0x00,0x00,0x00,0x00,0x00,0x00,
    0x00,0x00,0x00,0x00,0x00,0x00,0x00,0x00,0x00,0x00,0x00,0x00,0x00,0x00,0x00,0x00,
    0x00,0x00,0x00,0x00,0x00,0x00,0x00,0x00,0x00,0x00,0x00,0x00,0x00,0x00,0x00,0x00,
    0x00,0x00,0x00,0x01,0x50,0x57,0x67,0x65,0x50,0x09,0xaa,0x68,0x19,0x80,0x68,0x00,
    0x00,0x1d,0x77,0x5d,0x5d,0x06,0x6a,0x6e,0xaa,0x6e,0x60,0x70,0x74,0x45,0xd5,0x57,
    0x74,0xdd,0xff,0xff,0xdf,0x7d,0xfd,0xdc,0x05,0x47,0x77,0x77,0x56,0x55,0x55,0x45,
    0x04,0x30,0xdf,0x7f,0x77,0x69,0xe6,0x06,0x50,0x66,0x00,0x00,0x98,0x01,0x65,0x59,
    0x55,0x55,0x5d,0x65,0x59,0x01,0x44,0x45,0x45,0x11,0x11,0x11,0x14,0x50,0x11,0x44,
    0x44,0x51,0x11,0x11,0x11,0x11,0x14,0x45,0x11,0x45,0x45,0x14,0x45,0x11,0x14,0x44,
    0x51,0x45,0x11,0x14,0x45,0x45,0x11,0x11,0x45,0x15,0x11,0x40,0x51,0x11,0x14,0x44,
    0x11,0x11,0x00,0x75,0xd7,0x70,0xbb,0x78,0x0b,0x00,0x37,0x7b,0x0d,0xed,0xc0,0xb7,
    0xac,0x77,0x24,0x15,0x40,0x2e,0xdf,0x9c,0x07,0x47,0x70,0x74,0x5d,0xdd,0x77,0x47,
    0x00,0x00,0x00,0x00,0x00,0x00,0x00,0x40,0x00,0x01,0x00,0x00,0x00,0x00,0x00,0x00,
    0x00,0x00,0x00,0x00,0x00,0x00,0x00,0x00,0x00,0x00,0x00,0x00,0x00,0x00,0x00,0x00,
    0x00,0x00,0x00,0x00,0x00,0x00,0x00,0x00,0x00,0x00,0x00,0x00,0x00,0x00,0x00,0x00,
    0x00,0x00,0x00,0x15,0x50,0x55,0x55,0x57,0x50,0x0a,0x76,0xa6,0x04,0x06,0x99,0x64,
    0x00,0x1d,0xdd,0xd7,0x77,0x15,0xa7,0xa6,0x66,0x99,0x90,0xd0,0x55,0x5d,0x47,0x45,
    0x1c,0xdf,0x77,0x77,0x77,0xdf,0x77,0xf7,0x01,0x5d,0x15,0x14,0x55,0x45,0x56,0x54,
    0x1c,0xd0,0x77,0xdd,0xda,0xae,0x69,0x09,0x82,0x6a,0x64,0x02,0x60,0x05,0x55,0x55,
    0x9d,0x76,0x55,0x56,0x55,0x01,0x15,0x11,0x11,0x54,0x54,0x54,0x45,0x14,0x44,0x51,
    0x54,0x45,0x15,0x44,0x51,0x45,0x45,0x14,0x54,0x51,0x11,0x45,0x51,0x54,0x45,0x15,
    0x14,0x44,0x55,0x45,0x51,0x11,0x45,0x54,0x51,0x44,0x54,0x41,0x14,0x54,0x45,0x11,
    0x11,0x11,0x40,0x1d,0x75,0x50,0x77,0xbb,0x9d,0xb0,0x0b,0xb7,0x0b,0xbe,0x70,0xee,
    0xf7,0xbe,0xb0,0x19,0x70,0x07,0x8b,0xf4,0x07,0x74,0x50,0x15,0xd7,0x5d,0xd1,0xdd,
    0x55,0x55,0x55,0x55,0x55,0x55,0x55,0x55,0x55,0x55,0x55,0x55,0x55,0x55,0x55,0x55,
    0x55,0x55,0x55,0x55,0x55,0x55,0x55,0x55,0x55,0x55,0x55,0x55,0x55,0x55,0x55,0x55,
    0x55,0x55,0x55,0x55,0x55,0x55,0x55,0x55,0x55,0x55,0x55,0x55,0x55,0x55,0x55,0x55,
    0x55,0x55,0x55,0x56,0x53,0x59,0x59,0x45,0x50,0x06,0xaa,0x79,0x08,0x26,0xa6,0xa5,
    0x57,0x75,0x57,0x75,0x55,0x0c,0x66,0x6a,0x2a,0xea,0xa4,0x1c,0x1d,0xd4,0x5d,0x1d,
    0x50,0x77,0xdd,0xf7,0xfd,0xf7,0xdd,0xdd,0xc0,0xd5,0x77,0x75,0xd1,0x55,0x95,0x54,
    0x34,0x01,0xfd,0xdd,0xa6,0x66,0x9a,0x04,0x01,0xa6,0x99,0x99,0x98,0x05,0x75,0x95,
    0x55,0x55,0x75,0x95,0x15,0x01,0x44,0x51,0x44,0x45,0x11,0x11,0x51,0x10,0x15,0x14,
    0x45,0x11,0x44,0x55,0x14,0x51,0x11,0x45,0x11,0x14,0x54,0x51,0x14,0x45,0x51,0x44,
    0x45,0x15,0x10,0x51,0x11,0x54,0x51,0x05,0x11,0x14,0x45,0x01,0x45,0x11,0x51,0x44,
    0x44,0x44,0x00,0x57,0x5d,0xd0,0x2e,0xde,0xfb,0xd0,0x37,0xba,0x01,0xdf,0xa0,0x1f,
    0x7b,0xbb,0x70,0x17,0x54,0x02,0xed,0xb9,0xc1,0xdd,0xd0,0x1d,0xdd,0x1d,0x1d,0x11,
    0x55,0x55,0x55,0x55,0x55,0x55,0x55,0x55,0x55,0x55,0x55,0x55,0x55,0x55,0x55,0x55,
    0x55,0x55,0x55,0x55,0x55,0x55,0x55,0x55,0x55,0x55,0x55,0x55,0x55,0x55,0x55,0x55,
    0x55,0x55,0x55,0x55,0x55,0x55,0x55,0x55,0x55,0x55,0x55,0x55,0x55,0x55,0x55,0x55,
    0x55,0x55,0x55,0x55,0x55,0x55,0x95,0x55,0x50,0x09,0xa6,0xa9,0x80,0x69,0xda,0x6d,
    0xf5,0x5d,0xdd,0xdd,0xdd,0x00,0x02,0xa1,0x99,0x99,0x98,0x14,0x14,0x75,0xd5,0x54,
    0x50,0xdd,0xff,0x7d,0xdf,0x7d,0xff,0x7f,0x5c,0x07,0x51,0x51,0x77,0x55,0x57,0x50,
    0x7d,0x37,0x77,0x76,0xdb,0x9a,0xad,0x80,0x1a,0xa9,0xaa,0x9a,0x64,0x09,0x55,0x76,
    0x59,0x65,0x55,0x75,0x55,0x04,0x51,0x14,0x54,0x44,0x54,0x51,0x11,0x50,0x44,0x45,
    0x11,0x54,0x51,0x11,0x11,0x14,0x54,0x51,0x45,0x45,0x11,0x11,0x44,0x51,0x11,0x14,
    0x51,0x44,0x45,0x14,0x54,0x44,0x45,0x51,0x14,0x45,0x45,0x00,0x51,0x44,0x44,0x51,
    0x11,0x11,0x01,0x75,0xd1,0x54,0x07,0x8b,0x7b,0x60,0x0b,0x71,0xc2,0xe8,0xd0,0xeb,
    0xbb,0x7b,0x80,0x5d,0x19,0x00,0x7b,0xef,0x40,0x44,0x74,0x1c,0x47,0x74,0x77,0x77,
    0x65,0x99,0x65,0x96,0x59,0x65,0x96,0x66,0x59,0x99,0x99,0x65,0x96,0x59,0x65,0x96,
    0x65,0x99,0x65,0x96,0x59,0x65,0x96,0x59,0x96,0x66,0x66,0x59,0x65,0x96,0x59,0x65,
    0x96,0x59,0x65,0x96,0x59,0x65,0x95,0x96,0x55,0x55,0x55,0x55,0x55,0x55,0x55,0x55,
    0x55,0x55,0x55,0x65,0x65,0x65,0x5d,0x56,0x50,0x06,0xab,0x6a,0x46,0x6a,0xaa,0xdd,
    0x5d,0xd7,0x75,0x77,0x77,0x57,0x00,0x66,0xaa,0x69,0xa5,0x05,0x05,0x51,0x74,0x75,
    0xd3,0x7f,0x77,0xdf,0x77,0xdf,0x77,0xdd,0xf7,0x01,0xd7,0x57,0x55,0x1d,0x55,0x53,
    0xdf,0x7f,0xdd,0xa9,0xa9,0xad,0x9a,0x40,0x69,0x9e,0x99,0xa7,0x90,0x05,0x66,0x55,
    0x75,0x54,0x59,0x55,0x65,0x01,0x45,0x45,0x11,0x51,0x11,0x14,0x54,0x44,0x15,0x11,
    0x51,0x11,0x14,0x45,0x45,0x45,0x11,0x14,0x51,0x11,0x45,0x44,0x51,0x11,0x15,0x45,
    0x14,0x51,0x51,0x45,0x11,0x15,0x11,0x11,0x45,0x51,0x11,0x41,0x14,0x55,0x15,0x11,
    0x10,0x44,0x01,0x5d,0x57,0x74,0x0d,0xed,0xed,0x2c,0x07,0xbb,0x83,0x7d,0xe0,0x1d,
    0xee,0xe1,0x01,0x56,0x5d,0x40,0x1e,0xde,0xd0,0x1d,0xdc,0x07,0x74,0x47,0x74,0x40,
    0x55,0x55,0x59,0x55,0x55,0x55,0x55,0x55,0x55,0x55,0x55,0x55,0x59,0x55,0x95,0x59,
    0x55,0x55,0x56,0x55,0x55,0x95,0x59,0x55,0x55,0x55,0x55,0x56,0x55,0x55,0x55,0x55,
    0x55,0x55,0x55,0x55,0x55,0x55,0x5c,0x00,0x00,0x00,0x00,0x00,0x00,0x00,0x00,0x00,
    0x00,0x00,0x00,0x00,0x15,0x57,0x55,0x95,0x50,0x0a,0x66,0x9a,0xa6,0x9d,0x99,0x77,
    0x77,0x75,0x5d,0xd5,0x55,0xdd,0x50,0x6a,0x64,0x00,0x18,0x37,0x43,0x77,0x45,0xd1,
    0x43,0x77,0xdd,0xf7,0xfd,0xf7,0xdd,0xf7,0x7d,0xc0,0x15,0x1d,0x11,0x77,0x75,0x41,
    0xf7,0xdd,0xda,0x9e,0x9a,0x9a,0xa6,0x99,0xa6,0xa6,0xba,0x79,0xa8,0x01,0x55,0x57,
    0x55,0xd5,0x55,0x16,0x55,0x04,0x51,0x11,0x14,0x45,0x45,0x45,0x11,0x14,0x11,0x54,
    0x45,0x15,0x11,0x51,0x11,0x11,0x45,0x45,0x14,0x54,0x51,0x15,0x15,0x45,0x44,0x44,
    0x45,0x14,0x44,0x51,0x15,0x44,0x54,0x54,0x51,0x11,0x54,0x41,0x44,0x41,0x44,0x44,
    0x44,0x40,0x00,0x15,0xdd,0x15,0x02,0xde,0xd2,0xd0,0x02,0xde,0xd0,0x2b,0xb0,0x00,
    0xb7,0x00,0x00,0x24,0x75,0x90,0x0b,0xbb,0x8c,0x37,0x44,0x0d,0xdd,0xdd,0xc0,0x00,
    0x59,0xd6,0x55,0xd9,0xd9,0xd9,0xd9,0xd7,0x67,0x5d,0x76,0x76,0x55,0xd9,0x5d,0x95,
    0xd7,0x5d,0x95,0x76,0x75,0x5d,0x95,0xd9,0xd9,0xd7,0x5d,0x95,0x76,0x76,0x67,0x66,
    0x76,0x67,0x66,0x75,0x97,0x59,0x55,0x57,0x51,0x11,0x21,0x31,0x04,0x20,0xc0,0x00,
    0x00,0x00,0x00,0x00,0x16,0x55,0x59,0x5d,0x50,0x06,0xba,0xa6,0x6a,0xaa,0x9f,0x5d,
    0xdd,0xdd,0xd7,0x77,0x77,0x77,0x5c,0xa6,0xac,0x30,0x00,0x07,0x70,0x55,0x5d,0x75,
    0x0d,0xfd,0xff,0x7d,0xdf,0x7d,0xff,0x7f,0xdf,0x5c,0x01,0x75,0x77,0x54,0x55,0x0f,
    0x7d,0xf7,0x69,0xe6,0xad,0xa9,0x1a,0x6a,0x6b,0x69,0x99,0xaa,0x64,0x05,0x75,0xd5,
    0x55,0x59,0x65,0x55,0x75,0x01,0x14,0x51,0x45,0x11,0x11,0x11,0x45,0x44,0x14,0x44,
    0x51,0x44,0x54,0x44,0x54,0x54,0x51,0x11,0x45,0x11,0x14,0x51,0x44,0x51,0x14,0x55,
    0x51,0x11,0x55,0x14,0x44,0x45,0x11,0x11,0x14,0x54,0x45,0x00,0x51,0x54,0x51,0x44,
    0x11,0x10,0x54,0x00,0x55,0x77,0x40,0x2e,0xee,0x40,0x40,0x7b,0x7c,0x1e,0xd0,0x00,
    0x00,0x00,0x00,0x05,0x54,0x57,0x01,0xed,0xc4,0x04,0x75,0x00,0x74,0x40,0x00,0x0c,
    0x55,0x59,0x75,0x55,0x55,0x55,0x55,0x55,0x55,0x55,0x55,0x55,0x75,0x55,0xd5,0x5d,
    0x55,0x55,0x75,0x55,0x56,0x55,0x5d,0x55,0x55,0x55,0x55,0x5d,0x55,0x55,0x55,0x55,
    0x55,0x55,0x55,0x55,0x75,0x57,0x59,0x65,0x55,0x55,0x55,0x55,0x55,0x55,0x55,0x55,
    0x55,0x55,0x55,0x55,0x55,0x75,0x95,0xd5,0x50,0x09,0x99,0x8a,0x9d,0x99,0xb5,0xd7,
    0x77,0x77,0x75,0xdd,0xdd,0xdd,0xdc,0x69,0x90,0x57,0x4c,0x75,0xdc,0x07,0x57,0x5c,
    0x37,0x77,0x77,0xdf,0x77,0xdf,0x77,0xdd,0xf7,0xf7,0x40,0x54,0x55,0x1d,0x44,0x37,
    0xdf,0x5a,0xa7,0xa9,0x9a,0x4a,0xa9,0xa6,0xa6,0xab,0x9a,0x99,0xa0,0x05,0x55,0x56,
    0x59,0x55,0x5d,0x65,0x55,0x05,0x45,0x14,0x51,0x45,0x51,0x51,0x11,0x10,0x11,0x15,
    0x14,0x51,0x11,0x51,0x45,0x11,0x14,0x54,0x51,0x45,0x45,0x14,0x45,0x14,0x45,0x10,
    0x45,0x44,0x41,0x45,0x51,0x51,0x45,0x45,0x45,0x11,0x11,0x40,0x44,0x44,0x45,0x11,
    0x11,0x00,0x55,0x00,0x03,0x5d,0xd0,0x07,0x77,0x01,0x70,0x2d,0xe9,0xef,0x40,0x50,
    0x00,0x01,0x57,0x01,0x65,0x75,0x03,0x7b,0xb1,0x01,0xd1,0xc0,0x00,0x00,0x04,0x55,
    0x66,0x55,0x56,0x59,0x65,0x96,0x56,0x59,0x65,0x99,0x97,0x59,0x56,0x5d,0x55,0x95,
    0x65,0x99,0x57,0x65,0xd5,0xd6,0x55,0x65,0x97,0x66,0x65,0xd5,0x96,0x59,0xd5,0x97,
    0x59,0x75,0x65,0xd6,0x55,0x95,0x55,0x55,0x65,0x55,0x55,0x55,0x55,0x55,0x55,0x55,
    0x55,0x55,0x55,0x55,0x59,0x55,0x5d,0x55,0x50,0x06,0xaa,0x66,0xea,0xab,0x5d,0xdd,
    0x5d,0xdd,0xdd,0x77,0x75,0x77,0x54,0x1b,0x60,0x77,0x55,0xdd,0x77,0x00,0x34,0x40,
    0x7f,0xff,0xdd,0xf7,0xfd,0xf7,0xdd,0xf7,0x7d,0xdf,0x70,0x05,0xd1,0x74,0x5c,0x1d,
    0xf7,0x6d,0x9a,0x66,0xe6,0x99,0x9b,0x9a,0x79,0x99,0xa1,0xa2,0x64,0x0d,0x65,0x95,
    0x55,0x17,0x55,0x57,0x54,0x01,0x11,0x45,0x11,0x11,0x14,0x45,0x14,0x54,0x15,0x44,
    0x45,0x15,0x44,0x45,0x11,0x45,0x45,0x11,0x14,0x51,0x11,0x45,0x11,0x45,0x51,0x45,
    0x11,0x15,0x14,0x51,0x14,0x44,0x51,0x11,0x11,0x14,0x51,0x01,0x55,0x15,0x14,0x44,
    0x44,0x01,0x55,0x50,0x00,0x04,0x74,0x00,0x20,0x0d,0x50,0x07,0x8e,0xed,0x01,0x55,
    0x00,0x55,0x55,0x40,0x57,0x59,0x40,0x2d,0x2f,0x81,0xdd,0x70,0x00,0x04,0x55,0x75,
    0x55,0x75,0x95,0x55,0x55,0x55,0x55,0x55,0x55,0x55,0x55,0x55,0x55,0x55,0x59,0x55,
    0x55,0x55,0x55,0x55,0x55,0x55,0x56,0x55,0x55,0x55,0x55,0x55,0x55,0x55,0x55,0x55,
    0x55,0x55,0x55,0x55,0x55,0x55,0x96,0x56,0x55,0x65,0x95,0x95,0x96,0x55,0x95,0x95,
    0x95,0x96,0x59,0x65,0x95,0x66,0x55,0x59,0x60,0x0a,0x67,0xa9,0x99,0x97,0x77,0x77,
    0x75,0x57,0x77,0x5d,0xdd,0xdd,0xdc,0x19,0x81,0x75,0xdd,0x77,0x5d,0x70,0x00,0x01,
    0xdd,0xdd,0xff,0x7d,0xdf,0x7d,0xf7,0x7d,0xdf,0x77,0xdd,0x00,0x57,0x55,0x40,0xff,
    0x76,0x9a,0xb9,0xae,0x68,0xaa,0x79,0xae,0x9a,0xb6,0x9a,0x99,0x90,0x05,0x55,0x51,
    0x65,0x55,0x65,0x95,0x65,0x05,0x44,0x44,0x51,0x54,0x44,0x51,0x45,0x10,0x10,0x45,
    0x11,0x44,0x55,0x11,0x44,0x51,0x11,0x45,0x45,0x14,0x54,0x51,0x54,0x44,0x44,0x51,
    0x54,0x44,0x51,0x11,0x11,0x15,0x14,0x54,0x54,0x45,0x15,0x40,0x41,0x44,0x44,0x11,
    0x10,0x05,0x45,0x55,0x40,0x00,0x1d,0x00,0x00,0x16,0x14,0x03,0x9d,0xde,0x01,0x65,
    0x41,0x55,0x95,0x51,0x75,0x54,0x50,0x1e,0xc4,0xc0,0x74,0x57,0x40,0x55,0x77,0x5d,
    0x55,0x55,0x55,0x95,0x75,0x65,0x65,0xd6,0x5d,0x57,0x59,0x56,0x59,0x55,0x95,0x56,
    0x59,0x65,0x99,0x59,0x65,0x95,0xd5,0x57,0x59,0x55,0x59,0x65,0x95,0x95,0x65,0x95,
    0x65,0x65,0x95,0x65,0x65,0x95,0x55,0x75,0x56,0x55,0x55,0x55,0x55,0x55,0x55,0x55,
    0x55,0x55,0x55,0x55,0x55,0x55,0x75,0x95,0x50,0x06,0xaa,0x6a,0xaa,0x77,0x75,0xdd,
    0xdd,0xdd,0xdd,0xd7,0x77,0x77,0x75,0x26,0x07,0x5d,0xdd,0xdd,0xd7,0x55,0xd1,0xdf,
    0xf7,0x77,0x77,0xdf,0x77,0xdf,0x7d,0xdf,0xdd,0xfd,0xf7,0xf0,0x05,0xdd,0x01,0x77,
    0x79,0xb6,0x66,0x9a,0xa6,0x67,0xa6,0x99,0xa9,0xaa,0x26,0x9a,0xa4,0x05,0x9d,0x55,
    0x5d,0x66,0x55,0x75,0x54,0x04,0x54,0x51,0x14,0x45,0x15,0x11,0x11,0x44,0x15,0x11,
    0x54,0x44,0x41,0x54,0x55,0x14,0x54,0x51,0x11,0x45,0x11,0x14,0x44,0x51,0x45,0x14,
    0x45,0x51,0x15,0x45,0x45,0x44,0x45,0x11,0x11,0x51,0x44,0x40,0x54,0x45,0x44,0x44,
    0x40,0x15,0x55,0x55,0x51,0x00,0x03,0x41,0x0d,0xd5,0x65,0xc0,0x0c,0x80,0x05,0x55,
    0x05,0x59,0x76,0x56,0x55,0x95,0xd4,0x07,0x72,0x10,0xd1,0xf4,0x50,0x5d,0xd4,0x76,
    0x00,0x00,0x00,0x00,0x00,0x00,0x00,0x00,0x00,0x00,0x00,0x00,0x00,0x00,0x00,0x00,
    0x00,0x00,0x00,0x00,0x00,0x00,0x00,0x00,0x00,0x00,0x00,0x00,0x00,0x00,0x00,0x00,
    0x00,0x00,0x00,0x00,0x00,0x00,0x00,0x00,0x00,0x00,0x00,0x00,0x00,0x00,0x00,0x00,
    0x0c,0x0c,0x30,0x4d,0x1d,0x57,0x55,0x51,0x50,0x09,0x9a,0xa6,0x67,0x75,0xdd,0x55,
    0x57,0x55,0x55,0x75,0x55,0x55,0xdd,0x00,0x35,0xd5,0x55,0x55,0x75,0xdd,0x77,0x77,
    0x7d,0xcc,0x00,0x00,0x00,0x00,0x03,0x37,0x77,0x77,0x7d,0x74,0x00,0x10,0x07,0xdd,
    0x99,0x9a,0x69,0xa6,0x69,0xa6,0x69,0xa6,0x66,0x66,0x69,0xa6,0x68,0x09,0x55,0x99,
    0x55,0x55,0x5d,0x56,0x55,0x05,0x11,0x15,0x45,0x11,0x44,0x51,0x51,0x10,0x04,0x54,
    0x44,0x55,0x14,0x45,0x11,0x11,0x11,0x14,0x54,0x44,0x55,0x44,0x51,0x14,0x51,0x45,
    0x11,0x15,0x44,0x51,0x11,0x14,0x51,0x45,0x45,0x14,0x51,0x40,0x44,0x51,0x11,0x11,
    0x00,0x55,0x55,0x55,0x41,0x54,0x00,0x05,0x55,0x47,0x76,0x50,0x00,0x00,0x15,0xd4,
    0x05,0x95,0x55,0x75,0x5d,0x75,0x67,0x02,0xc8,0xf0,0x1d,0x1d,0xd0,0xd7,0x45,0x91,
    0x00,0x00,0x00,0x00,0x00,0x00,0x00,0x00,0x00,0x00,0x00,0x00,0x00,0x00,0x00,0x00,
    0x00,0x00,0x00,0x00,0x00,0x00,0x00,0x00,0x00,0x00,0x00,0x00,0x00,0x00,0x00,0x00,
    0x00,0x00,0x00,0x00,0x00,0x00,0x00,0x00,0x00,0x00,0x00,0x00,0x00,0x00,0x00,0x00,
    0x00,0x00,0x00,0x00,0x00,0x05,0x59,0x55,0x50,0x06,0xa6,0x69,0xa4,0x77,0x77,0x77,
    0x75,0xdd,0xdd,0xdd,0xdd,0xdd,0x77,0x40,0x5d,0xdd,0xdd,0xdd,0xdd,0xdd,0xdd,0xdd,
    0xc0,0x00,0x01,0x11,0x01,0x01,0x00,0x00,0x0c,0xdc,0xdf,0xdd,0xc0,0x00,0x1d,0xdd,
    0x87,0x86,0x12,0x12,0x12,0x4a,0x18,0x48,0x88,0x86,0x18,0x78,0x90,0x05,0x59,0x55,
    0xd6,0x5d,0x55,0x95,0x64,0x04,0x45,0x44,0x44,0x51,0x11,0x14,0x45,0x44,0x15,0x11,
    0x45,0x11,0x45,0x11,0x11,0x45,0x45,0x45,0x11,0x51,0x44,0x45,0x15,0x45,0x14,0x51,
    0x44,0x44,0x45,0x14,0x54,0x45,0x14,0x51,0x11,0x45,0x14,0x40,0x51,0x14,0x44,0x44,
    0x01,0x54,0x55,0x55,0x41,0x75,0x70,0x0d,0xd8,0x59,0x55,0x55,0x40,0x01,0x55,0x58,
    0x15,0x57,0x45,0x57,0x55,0x57,0x5d,0x01,0xb1,0x1c,0x1d,0xd1,0xd0,0x51,0x59,0xd5,
    0x00,0x00,0x00,0x00,0x00,0x00,0x00,0x00,0x00,0x00,0x00,0x00,0x00,0x00,0x00,0x00,
    0x00,0x00,0x00,0x00,0x00,0x00,0x00,0x00,0x00,0x00,0x00,0x00,0x00,0x00,0x00,0x00,
    0x00,0x00,0x00,0x00,0x00,0x00,0x00,0x00,0x00,0x00,0x00,0x00,0x00,0x00,0x00,0x00,
    0x00,0x00,0x00,0x00,0x00,0x01,0x55,0x16,0x50,0x08,0x00,0x00,0x00,0x00,0x00,0x00,
    0x00,0x00,0x00,0x00,0x00,0x00,0x00,0x00,0x00,0x00,0x00,0x00,0x00,0x00,0x00,0x00,
    0x00,0x55,0x55,0x55,0x44,0x51,0x14,0x44,0x00,0x00,0x00,0x00,0x30,0x00,0x00,0x00,
    0x00,0x00,0x00,0x00,0x00,0x00,0x00,0x00,0x00,0x00,0x00,0x00,0x00,0x05,0x15,0x45,
    0x55,0x55,0x99,0x51,0x54,0x05,0x51,0x11,0x45,0x14,0x55,0x45,0x11,0x10,0x04,0x54,
    0x51,0x44,0x51,0x45,0x44,0x51,0x14,0x51,0x44,0x45,0x11,0x51,0x44,0x51,0x45,0x11,
    0x15,0x45,0x11,0x45,0x11,0x51,0x45,0x14,0x54,0x51,0x11,0x50,0x15,0x44,0x44,0x40,
    0x05,0x55,0x55,0x55,0x41,0x97,0x55,0x05,0x55,0x65,0x50,0x00,0x95,0x55,0x59,0x94,
    0x56,0x70,0x00,0x15,0x75,0xd5,0x45,0x40,0xd3,0xc7,0x07,0x74,0x70,0x16,0x77,0x5d,
    0x00,0x00,0x00,0x00,0x00,0x00,0x00,0x00,0x00,0x00,0x00,0x00,0x00,0x00,0x00,0x00,
    0x00,0x00,0x00,0x00,0x14,0x45,0x55,0x50,0x00,0x00,0x00,0x00,0x00,0x00,0x00,0x00,
    0x00,0x00,0x00,0x00,0x00,0x00,0x00,0x00,0x00,0x00,0x00,0x00,0x00,0x00,0x00,0x00,
    0x00,0x00,0x00,0x00,0x00,0x05,0x65,0x55,0x50,0x00,0x00,0x00,0x00,0x00,0x00,0x00,
    0x00,0x00,0x00,0x00,0x00,0x00,0x00,0x00,0x00,0x00,0x00,0x00,0x00,0x00,0x00,0x00,
    0x55,0x55,0x55,0x55,0x42,0x22,0x21,0x21,0x11,0x00,0x00,0x00,0x00,0x00,0x00,0x00,
    0x00,0x00,0x00,0x00,0x00,0x00,0x00,0x00,0x00,0x00,0x00,0x00,0x00,0x05,0x57,0x55,
    0x96,0x75,0x55,0x15,0x54,0x14,0x14,0x54,0x51,0x45,0x10,0x44,0x51,0x44,0x15,0x11,
    0x14,0x51,0x14,0x51,0x15,0x14,0x45,0x14,0x55,0x11,0x44,0x44,0x51,0x14,0x51,0x14,
    0x51,0x11,0x54,0x44,0x54,0x44,0x51,0x11,0x45,0x11,0x44,0x40,0x44,0x44,0x11,0x10,
    0x15,0x45,0x55,0x45,0x41,0xdd,0x64,0x05,0x9d,0x55,0x00,0x00,0x01,0x56,0x57,0x55,
    0x75,0x00,0x00,0x05,0x55,0x59,0x59,0x60,0x34,0x4c,0x00,0x77,0x70,0x5d,0xd5,0x16,
    0x23,0x13,0x13,0x10,0xc4,0x04,0x01,0x00,0x40,0x00,0x00,0x00,0x04,0x00,0x04,0x55,
    0x55,0x55,0x51,0x00,0x05,0x58,0x48,0x65,0x00,0x00,0x00,0x00,0x00,0x00,0x00,0x00,
    0x00,0x00,0x00,0x10,0x01,0x03,0x00,0x00,0x00,0x01,0x0c,0x10,0xc1,0x0c,0x4c,0x4d,
    0x11,0x11,0x14,0x45,0x15,0x01,0x55,0x96,0x50,0x00,0x00,0x00,0x00,0x00,0x00,0x00,
    0x00,0x00,0x00,0x00,0x00,0x00,0x00,0x00,0x00,0x00,0x00,0x00,0x00,0x00,0x00,0x55,
    0x55,0x75,0xd7,0x5d,0x51,0x11,0x12,0x12,0x11,0x11,0x00,0x00,0x00,0x00,0x00,0x00,
    0x00,0x00,0x00,0x00,0x00,0x00,0x00,0x00,0x00,0x00,0x00,0x00,0x00,0x09,0x55,0x59,
    0x55,0x56,0x51,0x56,0x54,0x05,0x45,0x11,0x14,0x44,0x55,0x15,0x14,0x44,0x04,0x45,
    0x45,0x15,0x45,0x14,0x44,0x45,0x51,0x11,0x11,0x54,0x55,0x15,0x14,0x45,0x11,0x45,
    0x11,0x54,0x44,0x55,0x11,0x55,0x14,0x54,0x51,0x14,0x55,0x50,0x14,0x41,0x11,0x00,
    0x55,0x55,0x55,0x55,0x01,0x54,0x54,0x15,0x55,0xd4,0x00,0x44,0x01,0x65,0xd5,0x5d,
    0x55,0x00,0x00,0x00,0x59,0x17,0x5d,0xd0,0x13,0x20,0x00,0x11,0x10,0x55,0x51,0x55,
    0x55,0x55,0x55,0x55,0x55,0x55,0x55,0x55,0x55,0x55,0x55,0x55,0x50,0x04,0x55,0x45,
    0x11,0x45,0x15,0x55,0x00,0x35,0x75,0x11,0x55,0x55,0x55,0x55,0x55,0x55,0x55,0x55,
    0x55,0x55,0x55,0x51,0x55,0x0d,0xf1,0x00,0x00,0x05,0x55,0x55,0x55,0x55,0x55,0x55,
    0x55,0x55,0x55,0x55,0x55,0x01,0x59,0x55,0x54,0x51,0x11,0x04,0x10,0x41,0x04,0x10,
    0x41,0x04,0x10,0x10,0x10,0x04,0x00,0x00,0x00,0x00,0x00,0x00,0x10,0x00,0x15,0x55,
    0x57,0x55,0x55,0x55,0x50,0x84,0x84,0x84,0x48,0x44,0x44,0x00,0x04,0x00,0x00,0x00,
    0x00,0x00,0x00,0x00,0x00,0x00,0x00,0x00,0x00,0x00,0x00,0x00,0x00,0x05,0x75,0x95,
    0x75,0xd5,0x55,0x55,0x58,0x11,0x11,0x14,0x44,0x51,0x11,0x44,0x45,0x11,0x05,0x51,
    0x11,0x11,0x11,0x45,0x51,0x51,0x14,0x54,0x51,0x05,0x11,0x44,0x45,0x51,0x14,0x51,
    0x54,0x44,0x51,0x11,0x14,0x41,0x45,0x11,0x11,0x45,0x10,0x40,0x44,0x44,0x44,0x01,
    0x54,0x55,0x54,0x55,0x41,0xd9,0xd4,0x05,0xd6,0x50,0x35,0x55,0x41,0x5d,0x57,0x55,
    0xd4,0x00,0x00,0x00,0x55,0x55,0x55,0x54,0x0b,0x40,0x44,0x07,0x70,0x16,0x55,0x65,
    0x59,0x66,0x65,0x99,0x66,0x66,0x59,0x96,0x59,0x59,0x56,0x55,0x01,0x14,0x14,0x50,
    0x55,0x10,0x51,0x45,0x54,0x00,0x51,0x76,0x15,0x65,0x55,0x95,0x59,0x55,0x59,0x56,
    0x55,0x95,0x59,0x61,0x58,0x33,0x10,0x34,0x37,0xc0,0x56,0x59,0x59,0x59,0x65,0x96,
    0x66,0x65,0x99,0x65,0x95,0x01,0x55,0xd7,0x55,0x55,0x55,0x55,0x55,0x55,0x55,0x55,
    0x55,0x55,0x55,0x55,0x55,0x55,0x55,0x55,0x55,0x55,0x55,0x55,0x54,0x05,0x55,0x5d,
    0x75,0x54,0x59,0x45,0x90,0x48,0x48,0x48,0x84,0x88,0x91,0x10,0x05,0x55,0x55,0x55,
    0x55,0x55,0x55,0x55,0x55,0x55,0x55,0x55,0x55,0x55,0x55,0x55,0x55,0x05,0x55,0x57,
    0x55,0x59,0x75,0x96,0x54,0x14,0x51,0x45,0x45,0x15,0x44,0x45,0x11,0x44,0x11,0x11,
    0x45,0x45,0x14,0x44,0x14,0x45,0x11,0x11,0x14,0x51,0x44,0x51,0x51,0x11,0x45,0x14,
    0x44,0x45,0x15,0x45,0x45,0x14,0x51,0x45,0x44,0x51,0x45,0x14,0x11,0x11,0x40,0x15,
    0x55,0x55,0x55,0x51,0x01,0x51,0x44,0x15,0x5d,0x40,0x55,0x55,0x55,0x95,0x75,0x5d,
    0x58,0x00,0x00,0x00,0x17,0x67,0x64,0xb6,0x0c,0x01,0x55,0x01,0xd0,0x55,0xd6,0x5d,
    0x91,0x14,0x51,0x14,0x45,0x14,0x45,0x14,0x45,0x14,0x64,0x50,0x19,0x05,0x05,0x54,
    0x11,0x54,0x55,0x54,0x55,0x50,0x06,0x45,0x4b,0x51,0x91,0x64,0x65,0x19,0x16,0x45,
    0x91,0x46,0x14,0x41,0x90,0xd2,0x03,0x80,0xcc,0x70,0x65,0x14,0x64,0x64,0x51,0x45,
    0x14,0x51,0x45,0x14,0x59,0x01,0x65,0x55,0x55,0x55,0x55,0x55,0x55,0x55,0x55,0x55,
    0x55,0x55,0x55,0x55,0x55,0x55,0x55,0x55,0x55,0x55,0x55,0x55,0x00,0x55,0x57,0x55,
    0x55,0x95,0x54,0x55,0x54,0x12,0x11,0x24,0x48,0x44,0x48,0x46,0x00,0x55,0x55,0x55,
    0x55,0x55,0x55,0x55,0x55,0x55,0x55,0x55,0x55,0x55,0x55,0x55,0x55,0x55,0x99,0x75,
    0x59,0x55,0x55,0x55,0xd0,0x05,0x14,0x51,0x11,0x44,0x45,0x11,0x51,0x11,0x05,0x14,
    0x51,0x11,0x45,0x15,0x45,0x11,0x45,0x45,0x45,0x14,0x51,0x14,0x44,0x54,0x51,0x45,
    0x15,0x11,0x44,0x51,0x11,0x45,0x11,0x11,0x15,0x14,0x51,0x50,0x11,0x11,0x00,0x05,
    0x45,0x55,0x55,0x15,0x45,0xd5,0xd4,0x16,0x55,0x41,0x56,0x75,0x55,0x57,0x55,0x95,
    0x50,0x01,0x40,0x00,0x05,0x55,0x55,0x55,0x01,0x05,0x9d,0x40,0x74,0x15,0x55,0xd5,
    0x55,0x65,0x96,0x59,0x59,0x45,0x59,0x65,0x59,0x65,0x45,0x42,0x55,0xc5,0x40,0x55,
    0x55,0x15,0x44,0x45,0x44,0x55,0x00,0x51,0x14,0x55,0x16,0x45,0x51,0x65,0x91,0x59,
    0x16,0x55,0x65,0x41,0x43,0x33,0x34,0xc3,0x72,0x34,0x16,0x55,0x55,0x45,0x56,0x56,
    0x55,0x56,0x55,0x59,0x45,0x01,0x57,0x59,0x66,0x65,0x96,0x59,0x65,0x96,0x56,0x59,
    0x65,0x96,0x59,0x65,0x96,0x59,0x65,0x65,0x65,0x56,0x55,0x50,0x05,0x55,0xd5,0x64,
    0x65,0x45,0x95,0x59,0x54,0x21,0x22,0x12,0x11,0x22,0x21,0x21,0x14,0x01,0x55,0x55,
    0x65,0x65,0x96,0x56,0x56,0x59,0x65,0x96,0x56,0x55,0x95,0x65,0x65,0x59,0x55,0x55,
    0x95,0x91,0x99,0x75,0x54,0x11,0x45,0x11,0x54,0x51,0x51,0x54,0x45,0x10,0x04,0x45,
    0x14,0x54,0x51,0x44,0x51,0x54,0x51,0x14,0x51,0x45,0x15,0x45,0x15,0x11,0x14,0x51,
    0x44,0x54,0x51,0x11,0x44,0x51,0x45,0x54,0x51,0x44,0x44,0x44,0x04,0x44,0x00,0x15,
    0x55,0x55,0x45,0x55,0x01,0x6d,0x58,0x35,0x75,0x01,0x65,0x56,0x65,0xd5,0x59,0x57,
    0x50,0x01,0x50,0x00,0x05,0x75,0xdd,0xd1,0x00,0x17,0x75,0x43,0x70,0x17,0x5d,0x55,
    0x46,0x46,0x45,0x91,0x91,0x59,0x91,0x46,0x45,0x14,0x56,0x05,0x77,0x41,0x90,0x04,
    0x55,0x55,0x55,0x54,0x55,0x45,0x50,0x05,0x45,0x19,0x65,0x56,0x65,0x91,0x56,0x45,
    0x59,0x19,0x14,0x45,0x41,0x10,0x33,0x07,0x34,0xcc,0x95,0x19,0x11,0x96,0x45,0x45,
    0x91,0x91,0x61,0x91,0x55,0x01,0x55,0x55,0x55,0x55,0x55,0x55,0x55,0x55,0x75,0x55,
    0x55,0x55,0x55,0x55,0x55,0x55,0x56,0x56,0x56,0x65,0x55,0xc2,0x55,0x59,0x59,0x55,
    0x54,0x55,0x45,0x57,0x55,0x04,0x84,0x48,0x48,0x44,0x44,0x90,0x15,0x40,0x95,0x99,
    0x56,0x55,0x55,0x65,0x65,0x55,0x55,0x55,0x65,0x65,0x59,0x56,0x56,0x55,0x75,0x99,
    0x55,0x55,0x55,0x56,0x50,0x14,0x51,0x14,0x44,0x44,0x44,0x44,0x51,0x14,0x05,0x51,
    0x45,0x11,0x14,0x51,0x11,0x11,0x14,0x51,0x14,0x51,0x44,0x44,0x44,0x45,0x45,0x11,
    0x11,0x45,0x14,0x54,0x55,0x14,0x51,0x05,0x14,0x51,0x54,0x54,0x04,0x40,0x05,0x05,
    0x55,0x55,0x55,0x45,0x05,0xd4,0x50,0x15,0x55,0x05,0x55,0x00,0x01,0x57,0x57,0x75,
    0x54,0x01,0x40,0x00,0x05,0x56,0x55,0x65,0x40,0x59,0x51,0x90,0x1c,0x15,0x55,0x75,
    0x64,0x59,0x59,0x15,0x16,0x46,0x56,0x54,0x59,0x65,0x90,0x17,0x51,0x61,0x55,0x00,
    0x00,0x00,0x01,0x45,0x45,0x54,0x55,0x00,0x5d,0x86,0x51,0x91,0x45,0x16,0x45,0x94,
    0x65,0x51,0x59,0x41,0x43,0xc3,0x44,0x3c,0x8f,0x1c,0x16,0x51,0x65,0x65,0x66,0x59,
    0x16,0x56,0x55,0x15,0x94,0x01,0x65,0x97,0x5d,0x75,0xd9,0xd7,0x5d,0x75,0x55,0x9d,
    0x75,0xd7,0x5d,0x75,0xd7,0x59,0xd5,0x55,0x55,0x55,0x58,0x05,0x55,0x95,0x54,0x51,
    0x65,0x59,0x56,0x75,0x45,0x42,0x48,0x84,0x84,0x88,0x88,0x40,0x55,0x54,0x01,0x55,
    0x65,0x56,0x59,0x55,0x55,0x96,0x59,0x66,0x55,0x56,0x55,0x95,0x55,0x67,0x55,0x55,
    0x46,0x59,0x5d,0x95,0x50,0x14,0x45,0x45,0x11,0x51,0x45,0x11,0x14,0x41,0x04,0x44,
    0x51,0x45,0x45,0x14,0x54,0x45,0x45,0x15,0x11,0x14,0x44,0x51,0x51,0x51,0x11,0x14,
    0x54,0x51,0x45,0x11,0x11,0x44,0x44,0x51,0x44,0x44,0x45,0x11,0x04,0x00,0x5c,0x05,
    0x55,0x54,0x51,0x55,0x01,0x45,0x90,0x16,0x75,0x05,0x54,0x00,0x00,0x55,0x65,0x55,
    0x94,0x00,0x00,0x00,0x0d,0x65,0x75,0x1d,0xc1,0x77,0x76,0x70,0x50,0x15,0xd7,0x55,
    0x59,0x91,0x11,0x66,0x59,0x94,0x45,0x19,0x94,0x51,0x41,0x59,0x15,0x50,0x75,0x64,
    0x00,0x00,0x81,0x54,0x54,0x45,0x51,0x50,0x14,0x51,0x65,0x16,0x59,0x59,0x64,0x59,
    0x51,0x96,0x45,0x49,0x0c,0x43,0x30,0xd3,0xc4,0xcc,0x51,0x65,0x96,0x46,0x51,0x95,
    0x65,0x19,0x19,0x59,0x15,0x01,0x55,0x55,0x55,0x55,0x55,0x55,0x55,0x56,0x59,0x55,
    0x55,0x55,0x55,0x55,0x55,0x65,0x56,0x75,0x97,0x55,0x40,0x15,0x65,0x75,0x15,0x55,
    0x55,0x95,0xd5,0x55,0x55,0x50,0x11,0x12,0x48,0x44,0x44,0x05,0x56,0x55,0x40,0x55,
    0x55,0x65,0x55,0xd6,0x5d,0x55,0x75,0x55,0x5d,0x95,0x75,0x57,0x59,0x55,0x59,0x75,
    0x55,0x75,0xd5,0x59,0x50,0x45,0x11,0x11,0x45,0x14,0x51,0x45,0x45,0x11,0x05,0x15,
    0x11,0x14,0x51,0x11,0x45,0x51,0x11,0x44,0x54,0x44,0x55,0x14,0x45,0x14,0x54,0x51,
    0x45,0x11,0x11,0x45,0x44,0x45,0x51,0x44,0x51,0x55,0x11,0x44,0x00,0x05,0x11,0x01,
    0x55,0x55,0x55,0x55,0x05,0x97,0x50,0x55,0x55,0x05,0x50,0x00,0x00,0x25,0xd5,0x5d,
    0x54,0x00,0x00,0x00,0x05,0x5d,0x55,0x59,0x42,0x59,0x17,0x50,0x1c,0x15,0x55,0x5d,
    0x91,0x56,0x56,0x51,0x94,0x59,0x59,0x95,0x45,0x99,0x85,0x9d,0x5a,0xd4,0x17,0x55,
    0x55,0x55,0x41,0x45,0x55,0x55,0x15,0x15,0x09,0x14,0x59,0x65,0x96,0x64,0x55,0x96,
    0x16,0x44,0x58,0x41,0x4b,0x0e,0x13,0x31,0x3c,0xb0,0x56,0x59,0x64,0x55,0x15,0x46,
    0x59,0x65,0x56,0x65,0x56,0x01,0x59,0xd6,0x65,0x96,0x55,0x96,0x66,0x55,0x55,0x56,
    0x59,0x99,0x96,0x66,0x66,0x55,0x65,0x55,0x55,0x57,0x0d,0x05,0x5d,0x55,0x59,0x66,
    0x75,0x51,0x57,0x51,0x65,0x94,0x04,0x84,0x11,0x21,0x12,0x15,0x65,0x59,0x54,0x05,
    0x65,0x55,0xd5,0x55,0x55,0x67,0x55,0xd7,0x55,0x5d,0x55,0x95,0x57,0x55,0x95,0x56,
    0x59,0x55,0x55,0x95,0x50,0x11,0x51,0x44,0x51,0x11,0x14,0x51,0x11,0x11,0x01,0x44,
    0x54,0x45,0x11,0x54,0x44,0x14,0x54,0x51,0x11,0x51,0x41,0x45,0x11,0x45,0x11,0x14,
    0x51,0x14,0x54,0x51,0x15,0x11,0x14,0x55,0x14,0x41,0x44,0x55,0x00,0x51,0x1d,0x05,
    0x55,0x15,0x14,0x55,0x06,0x75,0x40,0x57,0x59,0x05,0x80,0x00,0x00,0x05,0x5d,0xd5,
    0x75,0x00,0x00,0x00,0x01,0x55,0xd9,0xd1,0x81,0xd1,0x65,0x10,0x1c,0x16,0x76,0x55,
    0x56,0x45,0xa6,0x45,0x45,0x96,0x64,0x64,0x66,0x55,0x07,0x54,0x80,0x00,0x25,0x9d,
    0x99,0x99,0x51,0x54,0x44,0x51,0x05,0x51,0x41,0x45,0x17,0x59,0x1d,0x15,0x91,0x45,
    0x61,0x19,0x11,0x51,0x00,0x31,0x02,0x1f,0xd3,0x10,0x55,0x91,0x45,0x66,0x66,0x59,
    0x17,0x59,0xe4,0x51,0x94,0x01,0x55,0x55,0x55,0x55,0x65,0x55,0x55,0x65,0xd7,0x65,
    0x55,0x55,0x55,0x55,0x55,0x5d,0x57,0x56,0x75,0x50,0x1a,0x15,0xd5,0x45,0x95,0xd5,
    0x54,0x55,0x65,0x55,0x55,0x55,0x02,0x48,0x48,0x84,0x80,0x56,0x57,0x55,0x55,0x03,
    0x57,0x5d,0x59,0x65,0xd6,0x55,0x59,0x55,0x65,0x95,0x95,0x75,0x95,0x65,0x57,0x55,
    0x55,0xd5,0x95,0x5d,0x50,0x54,0x44,0x55,0x14,0x54,0x45,0x14,0x54,0x44,0x04,0x51,
    0x11,0x51,0x45,0x05,0x15,0x45,0x11,0x15,0x44,0x45,0x14,0x51,0x54,0x44,0x55,0x45,
    0x11,0x45,0x11,0x14,0x44,0x54,0x45,0x11,0x11,0x54,0x54,0x44,0x41,0x11,0xd1,0x01,
    0x55,0x51,0x55,0x44,0x05,0xd5,0x01,0x65,0x55,0x55,0x00,0x05,0x40,0x05,0x55,0x54,
    0x55,0x00,0x00,0x00,0x05,0x19,0x55,0x65,0x55,0x75,0xd1,0x58,0x1c,0x15,0x55,0x16,
    0x46,0x66,0x45,0x96,0x00,0x19,0x15,0x59,0x96,0x18,0x15,0x40,0x00,0x40,0x01,0x75,
    0x75,0xd7,0x70,0x45,0x05,0x55,0x04,0x55,0x50,0x17,0x45,0x91,0x55,0x67,0x59,0x92,
    0x14,0x51,0x76,0x10,0x34,0xd3,0x3c,0xf0,0x00,0x00,0x00,0x16,0x59,0x97,0x57,0x65,
    0x65,0x91,0x55,0x95,0x15,0x01,0x65,0x67,0x5d,0x75,0x5d,0x75,0x97,0x55,0x55,0x57,
    0x5d,0x75,0xd7,0x57,0x57,0x55,0x95,0x55,0x55,0x83,0x6b,0x15,0x54,0x55,0x75,0x51,
    0x45,0x59,0x54,0x59,0x91,0x75,0x40,0x24,0x84,0x48,0x05,0x55,0x45,0x51,0x75,0x50,
    0x15,0x55,0x55,0x55,0x55,0x55,0x95,0x66,0x55,0x55,0x59,0x55,0x59,0x5d,0x75,0x64,
    0x65,0x59,0x59,0x15,0x60,0x45,0x15,0x11,0x11,0x11,0x51,0x11,0x11,0x11,0x05,0x15,
    0x14,0x44,0x51,0x51,0x44,0x51,0x45,0x44,0x55,0x14,0x45,0x14,0x44,0x55,0x10,0x51,
    0x44,0x51,0x45,0x45,0x51,0x11,0x51,0x55,0x55,0x15,0x11,0x45,0x01,0x44,0x46,0x41,
    0x51,0x55,0x51,0x55,0x07,0x58,0x01,0x57,0x75,0x55,0x00,0x05,0x40,0x05,0xd6,0x55,
    0x59,0x40,0x00,0x00,0x14,0x15,0xdd,0x77,0x77,0x59,0x76,0xd0,0x14,0x17,0x5d,0x55,
    0x65,0x19,0x59,0x18,0x10,0x01,0x66,0xd6,0x45,0x50,0x59,0x01,0x55,0x55,0x03,0x54,
    0x5d,0x45,0x51,0x55,0x05,0x11,0x55,0x44,0x54,0x05,0x19,0x56,0x66,0x59,0x11,0x15,
    0xd1,0x76,0x45,0x58,0x0c,0xcc,0x37,0x00,0x0c,0x70,0x53,0x05,0x95,0xd5,0x99,0x51,
    0x91,0x65,0x91,0x65,0x64,0x01,0x57,0x55,0x55,0x56,0x55,0x55,0x55,0x5d,0x99,0x55,
    0x55,0x55,0x55,0x65,0x65,0x59,0x55,0x99,0x54,0x06,0xb4,0x16,0x45,0x59,0x54,0x55,
    0x55,0x97,0x45,0x55,0x55,0x55,0x54,0x00,0x02,0x00,0x45,0x45,0x55,0x55,0x55,0x55,
    0x05,0x65,0x97,0x5d,0x65,0xd9,0x57,0x55,0x5d,0x76,0x57,0x59,0x95,0xd5,0x55,0x55,
    0x57,0x55,0x55,0x55,0x40,0x51,0x44,0x45,0x15,0x44,0x45,0x15,0x44,0x44,0x01,0x44,
    0x45,0x15,0x14,0x44,0x51,0x14,0x51,0x11,0x11,0x45,0x51,0x44,0x45,0x11,0x15,0x14,
    0x55,0x14,0x51,0x11,0x15,0x55,0x11,0x00,0x00,0x41,0x15,0x51,0x40,0xd1,0x10,0x41,
    0x55,0x45,0x15,0x54,0x05,0x50,0x05,0x75,0x57,0x64,0x00,0x01,0x00,0x05,0x55,0xd9,
    0xd5,0x50,0x00,0x00,0x00,0x55,0x55,0x51,0x45,0x1d,0x15,0x54,0x34,0x15,0x55,0x75,
    0x51,0x64,0x65,0x50,0x14,0x01,0x65,0x45,0x99,0x90,0x57,0x55,0x97,0x65,0x50,0x15,
    0x96,0x59,0xd0,0x51,0x55,0x55,0x14,0x55,0x45,0x41,0x61,0x19,0x45,0x11,0x67,0x49,
    0x54,0x40,0x00,0x04,0x11,0xe3,0x10,0x04,0xb7,0x3c,0x55,0x59,0x76,0x64,0x51,0x96,
    0x56,0x59,0x16,0x46,0x45,0x02,0x55,0x55,0x96,0x59,0x75,0x99,0xd6,0x55,0x55,0xd6,
    0x59,0x96,0x59,0x55,0x55,0x95,0x75,0x57,0x50,0xdb,0x64,0x15,0x55,0x95,0x15,0x56,
    0x59,0x55,0x55,0x91,0x75,0x96,0x55,0x50,0x00,0x05,0x55,0x56,0x56,0x75,0x96,0x55,
    0x40,0x55,0x55,0x55,0x95,0x55,0xd5,0x59,0xd5,0x55,0x75,0x55,0x5d,0x55,0x96,0x59,
    0x55,0x59,0x17,0x59,0x50,0x44,0x45,0x51,0x44,0x55,0x11,0x44,0x54,0x41,0x04,0x45,
    0x51,0x44,0x45,0x15,0x15,0x11,0x14,0x54,0x44,0x51,0x14,0x45,0x51,0x45,0x11,0x44,
    0x44,0x45,0x14,0x51,0x44,0x40,0x00,0x00,0x00,0x00,0x00,0x11,0x40,0x47,0x46,0x40,
    0x54,0x55,0x55,0x15,0x05,0x80,0x15,0x55,0x65,0x54,0x00,0x00,0x00,0x05,0x9d,0x55,
    0x57,0x54,0x00,0x00,0x01,0x67,0x59,0x17,0x59,0x97,0x67,0x74,0x04,0x15,0xd7,0x57,
    0x99,0x95,0x91,0x91,0x04,0x00,0x51,0x99,0x17,0x41,0x75,0x9d,0x75,0x9d,0x94,0x02,
    0x55,0x55,0x61,0x55,0x11,0x45,0x55,0x45,0x54,0x50,0x54,0x57,0x59,0x94,0x44,0x54,
    0x00,0x00,0x00,0x00,0x0c,0xc4,0xc0,0xe3,0xcc,0x84,0x19,0x57,0x59,0x45,0x95,0x45,
    0xd9,0x15,0x65,0x54,0x54,0x01,0x5d,0x65,0x55,0x55,0x55,0x55,0x55,0x65,0x65,0x55,
    0x55,0x55,0x55,0x97,0x59,0x57,0x56,0x75,0x41,0xad,0x28,0x17,0x59,0x5d,0x56,0x75,
    0x75,0xd1,0x59,0x55,0x54,0x51,0x55,0x55,0x55,0x55,0x59,0x65,0x45,0x55,0x45,0x75,
    0x50,0x15,0x99,0x99,0x5d,0x65,0x56,0x55,0x56,0x65,0x55,0x97,0x55,0x59,0x55,0x55,
    0xd6,0x55,0x55,0x55,0x40,0x51,0x51,0x11,0x14,0x41,0x54,0x51,0x11,0x11,0x01,0x51,
    0x14,0x51,0x51,0x44,0x44,0x54,0x45,0x11,0x54,0x44,0x44,0x51,0x14,0x51,0x44,0x51,
    0x45,0x51,0x11,0x54,0x40,0x00,0x00,0x00,0x00,0x00,0x00,0x00,0x10,0x18,0x74,0x40,
    0x55,0x54,0x51,0x54,0x05,0x00,0x56,0x67,0x55,0xd4,0x00,0x00,0x00,0x05,0x55,0x45,
    0xd5,0x65,0x40,0x05,0xd5,0x75,0x75,0x66,0x77,0x75,0x91,0x9c,0x1c,0x05,0x55,0x55,
    0x57,0x46,0x59,0x71,0x44,0x10,0x66,0x51,0x65,0x41,0x67,0x56,0x59,0xd7,0x55,0x00,
    0x00,0xc8,0x50,0x45,0x55,0x54,0x44,0x54,0x45,0x50,0x11,0xb5,0x94,0x46,0x45,0x40,
    0x03,0x37,0xdf,0x73,0x0b,0x33,0x0b,0x1c,0x4d,0x3c,0x16,0x65,0x94,0x56,0x59,0x99,
    0x65,0x67,0x67,0x65,0x65,0x01,0x55,0x5d,0x76,0x75,0x96,0x5d,0x67,0x56,0x55,0x99,
    0xd7,0x5d,0x9d,0x55,0x55,0xd5,0x55,0x55,0x0a,0xda,0xb4,0xd5,0x55,0xd5,0x65,0x54,
    0x55,0x55,0x55,0x17,0x55,0x55,0x76,0x55,0x55,0x55,0x95,0x54,0x55,0x45,0x55,0x55,
    0x55,0x05,0x55,0x55,0x55,0x57,0x55,0x75,0x65,0x57,0x59,0x55,0x56,0x55,0x76,0x75,
    0x55,0x75,0x65,0x95,0x40,0x54,0x44,0x45,0x45,0x14,0x44,0x45,0x11,0x11,0x01,0x11,
    0x11,0x14,0x44,0x51,0x51,0x11,0x51,0x45,0x11,0x55,0x15,0x14,0x44,0x44,0x55,0x14,
    0x51,0x11,0x45,0x00,0x00,0x00,0x00,0x00,0x00,0x00,0x00,0x00,0x00,0x15,0x11,0xd0,
    0x54,0x55,0x55,0x54,0x14,0x05,0x55,0x75,0x51,0x50,0x00,0x00,0x00,0x05,0xd7,0x55,
    0x59,0x55,0x55,0x55,0x56,0x55,0x95,0xdd,0x15,0x18,0x57,0x54,0x34,0x15,0xd9,0xd9,
    0x85,0x99,0x17,0x53,0x41,0x10,0x55,0x16,0x59,0x85,0x95,0xdd,0xdd,0x59,0x75,0x41,
    0x00,0x00,0x10,0x54,0x51,0x15,0x55,0x45,0x54,0x54,0x16,0x45,0x85,0x1d,0x14,0x00,
    0xdf,0x4c,0xcc,0xc7,0x73,0x74,0x7d,0x33,0xf3,0xc7,0x05,0xd9,0x45,0x99,0x46,0x56,
    0x46,0x75,0x96,0x46,0x54,0x01,0x66,0x55,0x55,0x55,0x55,0xd5,0x55,0x55,0x75,0x55,
    0x55,0x55,0x55,0x76,0x65,0x56,0x65,0x54,0x27,0x4b,0x64,0x56,0x45,0x54,0x54,0x55,
    0x54,0x56,0x45,0x55,0x45,0x96,0x55,0x75,0x95,0x95,0x51,0x45,0x57,0x55,0x50,0x00,
    0x55,0x40,0x57,0x57,0x59,0x95,0x67,0x56,0x55,0xd5,0x55,0x75,0x95,0x67,0x55,0x56,
    0x59,0x56,0x55,0x5d,0x41,0x11,0x15,0x14,0x51,0x45,0x14,0x51,0x51,0x11,0x01,0x45,
    0x45,0x45,0x15,0x14,0x45,0x45,0x14,0x51,0x14,0x41,0x44,0x45,0x15,0x15,0x11,0x11,
    0x14,0x45,0x51,0x00,0x00,0x00,0x00,0x00,0x00,0x00,0x00,0x00,0x00,0x00,0x64,0x40,
    0x55,0x45,0x15,0x14,0x10,0x05,0x67,0x55,0xd5,0x54,0x00,0x00,0x00,0x15,0x59,0x5d,
    0x97,0x77,0x55,0x59,0x65,0xd7,0x5d,0x55,0x76,0x55,0xdd,0x18,0x1d,0x05,0x55,0x55,
    0x59,0x65,0x99,0x50,0x50,0x1c,0x66,0x65,0x95,0x05,0xdd,0x65,0x55,0x17,0x5b,0x41,
    0x55,0x95,0x60,0x55,0x55,0x51,0x45,0x54,0x55,0x45,0x04,0x51,0x51,0x91,0x40,0x3d,
    0x30,0xf2,0x1c,0xb3,0x34,0xcf,0x03,0xdc,0x48,0x73,0x05,0x54,0x59,0x54,0x55,0x1d,
    0x57,0x59,0x14,0x55,0x16,0x02,0x55,0x59,0x65,0x16,0x45,0x56,0x59,0x75,0x56,0x75,
    0x99,0x96,0x56,0x55,0x57,0x55,0x57,0x50,0x9e,0xa6,0x10,0x55,0x55,0x15,0x55,0x65,
    0x95,0x65,0x55,0xd6,0x55,0x75,0x51,0x55,0x59,0x5d,0x15,0x55,0x65,0x54,0x00,0x00,
    0x01,0x50,0xd5,0x65,0x55,0x75,0x55,0x55,0x75,0x59,0x97,0x55,0x5d,0x55,0x55,0x95,
    0x57,0x55,0x75,0xd5,0x41,0x45,0x44,0x45,0x11,0x11,0x45,0x14,0x44,0x44,0x41,0x14,
    0x51,0x11,0x44,0x45,0x14,0x51,0x44,0x45,0x45,0x14,0x51,0x51,0x44,0x44,0x45,0x15,
    0x45,0x14,0x40,0x00,0x00,0x00,0x00,0x00,0x00,0x00,0x00,0x00,0x00,0x00,0x01,0xd0,
    0x54,0x55,0x51,0x54,0x00,0x55,0xd5,0x5d,0x56,0x50,0x00,0x00,0x00,0x15,0x95,0xd5,
    0x75,0x55,0x66,0x57,0x55,0x55,0x55,0x87,0x64,0x77,0x45,0x74,0x04,0x35,0x75,0x17,
    0x64,0x51,0x74,0x00,0x52,0x10,0x5d,0x58,0x00,0x46,0x56,0x51,0xd1,0x75,0x95,0x50,
    0x59,0x5d,0xd0,0x44,0x45,0x15,0x54,0x45,0x44,0x55,0x41,0x46,0x18,0x45,0x03,0x8c,
    0xf7,0x2c,0xf1,0xce,0xcf,0x20,0x00,0x03,0x3f,0x32,0x06,0x65,0x96,0x75,0x99,0x65,
    0x99,0x45,0x65,0x99,0x64,0x01,0x5d,0x75,0x55,0x55,0x56,0x55,0x55,0x56,0x55,0x55,
    0x55,0x55,0x15,0x59,0x45,0x65,0xd5,0x42,0x79,0x2d,0xa0,0x59,0x15,0x59,0x75,0x51,
    0x51,0x54,0x5d,0x55,0x67,0x55,0x15,0x65,0x15,0xd5,0x55,0x96,0x55,0x40,0x00,0x00,
    0x00,0x15,0x05,0x55,0x9d,0x56,0x65,0x99,0x56,0x55,0x55,0x66,0x55,0x95,0x99,0x54,
    0x55,0x64,0x55,0x55,0x01,0x11,0x14,0x51,0x14,0x54,0x51,0x44,0x51,0x11,0x01,0x45,
    0x14,0x54,0x51,0x51,0x45,0x14,0x45,0x51,0x11,0x45,0x14,0x44,0x51,0x51,0x51,0x44,
    0x44,0x50,0x00,0x00,0x00,0x00,0x00,0x00,0x00,0x00,0x00,0x00,0x00,0x00,0x00,0x64,
    0x15,0x54,0x55,0x54,0x00,0x59,0x57,0x55,0x95,0xd4,0x00,0x00,0x00,0x57,0x5d,0x56,
    0x55,0x5d,0x55,0xd5,0x74,0x5d,0x91,0x5d,0x17,0x51,0x5b,0x54,0x1d,0x05,0x55,0x55,
    0x59,0x99,0x90,0x00,0x50,0x54,0x65,0x90,0x10,0x25,0xdd,0x15,0x96,0x59,0x1d,0x90,
    0x67,0x75,0x50,0x55,0x55,0x51,0x15,0x54,0x55,0x44,0x41,0x94,0x45,0x50,0x34,0xd3,
    0x43,0x87,0x1c,0xd3,0x12,0xcc,0x71,0x00,0x11,0xc7,0xc1,0x66,0x67,0x59,0x67,0x59,
    0x14,0x59,0x91,0x64,0x55,0x01,0x55,0x55,0x16,0x59,0x65,0x65,0xd1,0x95,0x19,0x51,
    0x75,0x19,0x59,0x15,0x55,0x55,0x55,0x09,0xe2,0x7b,0x71,0x55,0x59,0x55,0x54,0x55,
    0xd5,0x95,0x55,0x64,0x55,0x51,0x56,0x55,0x55,0x55,0x65,0x55,0x54,0x00,0x00,0x00,
    0x00,0x05,0x41,0x59,0x55,0x65,0x55,0x55,0x15,0x51,0x76,0x55,0x75,0x5d,0x55,0x15,
    0x65,0x55,0x59,0x65,0x01,0x54,0x45,0x14,0x45,0x11,0x11,0x15,0x11,0x04,0x40,0x51,
    0x11,0x11,0x14,0x44,0x51,0x44,0x51,0x11,0x51,0x11,0x45,0x15,0x14,0x44,0x44,0x51,
    0x55,0x00,0x00,0x00,0x00,0x00,0x00,0x00,0x00,0x00,0x00,0x00,0x00,0x00,0x00,0x00,
    0x55,0x45,0x54,0x54,0x01,0x55,0x75,0x65,0x75,0x55,0x00,0x00,0x01,0x55,0x55,0x65,
    0x77,0x55,0x9d,0x5d,0x55,0x55,0x55,0xd5,0x75,0x16,0xd5,0x1c,0x34,0x05,0xd9,0xdd,
    0x91,0x75,0x10,0x54,0x64,0x58,0x54,0x01,0x55,0x5d,0x55,0x67,0x67,0x75,0x55,0x54,
    0x55,0x59,0x90,0x51,0x44,0x55,0x51,0x45,0x51,0x55,0x50,0x45,0x51,0xc0,0x8f,0x3c,
    0xf8,0xf3,0xcf,0x3d,0x3c,0x74,0xcf,0xec,0xc0,0xe0,0x49,0x75,0xd5,0x94,0x59,0x91,
    0x65,0x96,0x56,0x55,0x94,0x03,0x56,0x59,0x55,0x75,0x57,0x55,0x55,0x5d,0x55,0xd5,
    0x55,0x55,0x55,0x55,0x96,0x59,0x54,0x27,0x9b,0xa6,0x81,0x75,0x57,0x64,0x55,0x55,
    0x55,0x75,0xd6,0x55,0x51,0x55,0x55,0x45,0x9d,0x46,0x57,0x5d,0x40,0x00,0x00,0x00,
    0x00,0x01,0x50,0x55,0x59,0x55,0x75,0xd5,0x55,0x95,0x55,0x57,0x56,0x55,0x51,0x56,
    0x57,0x59,0x55,0x55,0x04,0x45,0x51,0x45,0x51,0x45,0x45,0x44,0x51,0x11,0x01,0x14,
    0x55,0x45,0x45,0x15,0x14,0x45,0x14,0x54,0x45,0x54,0x51,0x44,0x45,0x15,0x15,0x14,
    0x44,0x00,0x00,0x00,0x00,0x00,0x00,0x00,0x00,0x00,0x00,0x00,0x00,0x00,0x00,0x00,
    0x15,0x55,0x45,0x50,0x05,0x5d,0x55,0x5d,0x55,0x01,0x00,0x00,0x05,0x65,0xd7,0x5d,
    0x55,0x45,0x55,0xd5,0x97,0x67,0x75,0x61,0x91,0x6d,0x47,0x58,0x1d,0x05,0x55,0x55,
    0x56,0x59,0x54,0x15,0x55,0x64,0x10,0x15,0x9d,0xd6,0x76,0x75,0x75,0x5d,0xd0,0xd8,
    0x1d,0xd1,0x71,0x55,0x55,0x45,0x15,0x54,0x55,0x14,0x50,0x51,0x19,0x0d,0x31,0x12,
    0x31,0x34,0xd2,0xcc,0xf3,0x03,0x71,0x07,0x10,0x0f,0x01,0x59,0x64,0x65,0x94,0x56,
    0x59,0x64,0x65,0x1d,0x14,0x01,0x55,0x15,0x67,0x55,0xd5,0x59,0x65,0x55,0x55,0x55,
    0x55,0x55,0x55,0x55,0x55,0x55,0x50,0xb9,0xed,0xbb,0x41,0x54,0x65,0x55,0x59,0xd1,
    0x55,0x55,0x55,0x15,0xd5,0x96,0x67,0x55,0x55,0x55,0x45,0x55,0x00,0x00,0x00,0x00,
    0x00,0x00,0x54,0x15,0x95,0x56,0x55,0x55,0x59,0x55,0x55,0x55,0x55,0x55,0x95,0x55,
    0x55,0x55,0x97,0x55,0x01,0x44,0x14,0x51,0x11,0x11,0x11,0x11,0x11,0x11,0x10,0x45,
    0x10,0x51,0x11,0x44,0x45,0x11,0x45,0x11,0x11,0x05,0x14,0x51,0x51,0x44,0x51,0x45,
    0x40,0x00,0x00,0x00,0x00,0x00,0x00,0x00,0x00,0x00,0x00,0x00,0x00,0x00,0x00,0x00,
    0x01,0x54,0x55,0x14,0x05,0x95,0x9d,0x95,0x9d,0x40,0x00,0x00,0x55,0x5d,0x59,0x55,
    0x16,0x57,0x75,0x55,0x75,0x55,0x56,0x57,0x59,0xd4,0x59,0x90,0x07,0x05,0x75,0xd5,
    0x91,0x91,0xa6,0x09,0xb6,0x74,0x10,0x5d,0x75,0x67,0x59,0xd7,0x59,0xd6,0x40,0x14,
    0x16,0x57,0x50,0x50,0x14,0x55,0x44,0x45,0x45,0x55,0x54,0x19,0xd0,0x13,0xd3,0xff,
    0x4f,0xcf,0x3c,0x72,0x1d,0xc0,0x38,0xf3,0x4f,0x00,0x41,0x94,0x55,0x59,0xd9,0x65,
    0xd7,0x45,0x76,0x59,0x56,0x01,0x65,0x56,0x55,0x59,0x55,0x95,0x55,0x96,0x46,0x44,
    0x48,0x4c,0x30,0x00,0x00,0x00,0x02,0x6e,0x9b,0x91,0x05,0x65,0x55,0x44,0x00,0x00,
    0x01,0x56,0x45,0x5d,0x55,0x45,0x55,0x55,0x55,0x65,0x55,0x14,0x00,0x00,0x00,0x00,
    0x00,0x00,0x55,0x00,0x00,0x00,0x00,0x00,0x00,0x00,0x00,0x00,0x00,0x05,0x55,0x99,
    0xd6,0x65,0x75,0x65,0x05,0x15,0x44,0x44,0x54,0x54,0x54,0x55,0x44,0x44,0x40,0x51,
    0x45,0x14,0x54,0x51,0x51,0x54,0x51,0x14,0x54,0x51,0x44,0x44,0x44,0x51,0x14,0x54,
    0x00,0x00,0x00,0x00,0x00,0x00,0x00,0x00,0x00,0x00,0x00,0x00,0x00,0x00,0x00,0x00,
    0x00,0x55,0x55,0x54,0x15,0x5d,0x55,0x5d,0x55,0x54,0xc5,0x95,0x56,0x55,0x95,0xd1,
    0x55,0xd5,0x56,0x77,0x55,0xd1,0x97,0x45,0x1d,0x45,0x9d,0x14,0x1d,0x05,0x55,0x5d,
    0x65,0x16,0x55,0x40,0x57,0x55,0x04,0x00,0x59,0xd5,0x1d,0x59,0x91,0x64,0x40,0x04,
    0x15,0xd9,0x61,0x50,0x15,0x45,0x05,0x54,0x54,0x44,0x44,0x11,0x40,0xcc,0xce,0x04,
    0xf1,0x34,0x87,0x37,0xcc,0xcc,0x03,0x44,0xf1,0xd0,0x31,0x75,0x92,0x45,0x65,0xd9,
    0x65,0x96,0x59,0x15,0x14,0x02,0x57,0x55,0x75,0x55,0x65,0x40,0x00,0x00,0x00,0x00,
    0x00,0x00,0x00,0x00,0x00,0x00,0x0d,0xd8,0x79,0x26,0x05,0x55,0x50,0x00,0x00,0x00,
    0x00,0x05,0x55,0x95,0x65,0x55,0xc0,0x00,0x01,0x55,0x59,0x50,0x00,0x00,0x00,0x00,
    0x00,0x00,0x15,0x40,0x00,0x00,0x00,0x00,0x00,0x00,0x00,0x00,0x00,0x00,0x59,0x55,
    0x55,0x57,0x55,0x54,0x04,0x44,0x45,0x15,0x11,0x11,0x11,0x10,0x44,0x44,0x40,0x54,
    0x51,0x45,0x11,0x14,0x44,0x45,0x11,0x45,0x11,0x44,0x45,0x15,0x15,0x15,0x44,0x40,
    0x00,0x00,0x00,0x00,0x00,0x00,0x00,0x00,0x00,0x00,0x00,0x00,0x00,0x00,0x00,0x00,
    0x00,0x05,0x45,0x50,0x15,0xd5,0x75,0xd5,0x16,0x55,0x55,0x55,0x65,0xd5,0x75,0x55,
    0x9d,0x59,0x95,0x55,0x65,0x55,0x75,0x1d,0x94,0x59,0xd1,0x50,0x1d,0x05,0xd9,0xd5,
    0x5d,0x65,0x1d,0x54,0x25,0x75,0x41,0x50,0x65,0x46,0x55,0x17,0x57,0x5d,0x40,0x04,
    0x19,0x45,0xd0,0x51,0x14,0x55,0x41,0x45,0x45,0x55,0x55,0x05,0x81,0xd1,0x2c,0x73,
    0x1c,0xcf,0x33,0xcc,0x8d,0x11,0x00,0x3f,0x1c,0x3c,0x01,0x59,0x65,0x99,0x16,0x51,
    0x91,0x65,0x15,0x66,0x64,0x01,0x55,0x67,0x56,0x65,0x55,0x40,0x00,0x00,0x00,0x00,
    0x00,0x00,0x00,0x00,0x00,0x00,0x1a,0x86,0xe2,0xac,0x15,0x95,0x00,0x00,0x00,0x00,
    0x00,0x01,0x59,0x54,0x55,0x00,0x00,0x40,0x00,0x00,0x55,0x40,0x00,0x00,0x00,0x00,
    0x00,0x00,0x05,0x50,0x00,0x00,0x00,0x00,0x00,0x00,0x00,0x00,0x00,0x00,0x55,0x75,
    0x65,0xd5,0x56,0x55,0x05,0x51,0x51,0x44,0x45,0x45,0x45,0x45,0x44,0x11,0x10,0x45,
    0x14,0x51,0x45,0x45,0x15,0x11,0x14,0x51,0x45,0x15,0x14,0x51,0x44,0x44,0x45,0x40,
    0x00,0x00,0x00,0x00,0x00,0x00,0x00,0x00,0x00,0x00,0x00,0x00,0x00,0x00,0x00,0x00,
    0x00,0x00,0x54,0x50,0x15,0x56,0x55,0x55,0x55,0xd5,0x59,0xd7,0x5d,0x5d,0x57,0x59,
    0x55,0x95,0x74,0x59,0x14,0x67,0x55,0x65,0xdd,0x9d,0x57,0x60,0x1d,0x0d,0x55,0x55,
    0x96,0x66,0x66,0x65,0x05,0xd6,0x70,0x52,0x5d,0x95,0xd9,0x75,0x19,0xd5,0x40,0x24,
    0xd7,0x59,0x51,0x55,0x51,0x45,0x15,0x54,0x54,0x51,0x45,0x05,0x0c,0x3f,0xc7,0x3e,
    0x32,0xd2,0xdc,0x87,0x10,0xf3,0xd3,0x01,0x03,0x87,0x80,0x56,0x59,0x56,0x59,0x15,
    0x56,0x51,0x64,0x51,0x55,0x01,0x45,0x55,0x55,0x54,0x65,0x00,0x00,0x00,0x00,0x00,
    0x00,0x00,0x00,0x00,0x00,0x00,0x24,0x6e,0x67,0x60,0x55,0x50,0x00,0x00,0x00,0x00,
    0x00,0x00,0x15,0x45,0x50,0x01,0x55,0x55,0x55,0xc0,0x01,0x00,0x00,0x00,0x00,0x00,
    0x00,0x00,0x05,0x54,0x00,0x00,0x00,0x00,0x00,0x00,0x00,0x00,0x00,0x01,0x57,0x55,
    0x55,0x55,0x95,0x14,0x04,0x14,0x44,0x51,0x51,0x11,0x11,0x11,0x11,0x10,0x40,0x51,
    0x11,0x14,0x51,0x11,0x44,0x51,0x45,0x14,0x51,0x44,0x45,0x14,0x51,0x51,0x54,0x00,
    0x00,0x00,0x00,0x00,0x00,0x00,0x00,0x00,0x00,0x00,0x00,0x00,0x00,0x00,0x00,0x00,
    0x00,0x00,0x15,0x50,0x56,0x75,0x76,0x76,0x75,0x59,0xd5,0x55,0x55,0x55,0xd5,0x65,
    0xd7,0x5d,0x55,0x75,0x55,0x55,0x51,0xd1,0x45,0xd4,0x46,0x50,0xd1,0x05,0x5d,0x45,
    0x46,0x45,0xd6,0x5d,0x41,0x64,0x54,0x11,0x75,0xdd,0x5d,0x99,0x75,0x67,0x50,0x55,
    0x65,0xdd,0x80,0x45,0x15,0x55,0x51,0x15,0x45,0x55,0x55,0x04,0x37,0xc8,0x73,0xc4,
    0xfc,0xcc,0xcd,0x33,0xf0,0x8d,0x0c,0x40,0x20,0x30,0x14,0x25,0x17,0x45,0x91,0x59,
    0xe5,0x16,0x65,0x95,0x14,0x00,0x56,0x59,0x65,0x15,0x55,0x40,0x51,0x04,0x00,0x00,
    0x00,0x00,0x00,0x00,0x00,0x00,0x6e,0xe7,0xba,0x41,0x55,0x00,0x00,0x00,0x00,0x00,
    0x00,0x00,0x05,0x55,0x00,0x55,0x65,0x95,0x65,0x55,0x40,0x00,0x00,0x00,0x00,0x00,
    0x00,0x00,0x09,0x57,0x00,0x00,0x00,0x00,0x00,0x00,0x00,0x00,0x00,0x02,0x55,0x59,
    0x75,0x91,0x51,0x54,0x05,0x44,0x51,0x14,0x45,0x54,0x54,0x55,0x11,0x11,0x10,0x45,
    0x45,0x45,0x14,0x54,0x51,0x14,0x51,0x45,0x14,0x51,0x51,0x44,0x44,0x44,0x40,0x00,
    0x00,0x00,0x00,0x00,0x00,0x00,0x00,0x00,0x00,0x00,0x00,0x00,0x00,0x00,0x00,0x00,
    0x00,0x00,0x05,0x50,0x55,0x57,0x55,0x55,0x57,0x55,0x5d,0x76,0x75,0xd9,0x59,0x15,
    0x75,0x55,0x17,0x55,0xd9,0xdd,0x97,0x56,0x59,0x46,0x77,0x70,0x77,0x01,0x55,0x56,
    0x59,0x59,0x64,0x56,0x50,0x55,0x64,0x03,0x59,0x56,0x75,0xd7,0x59,0x16,0x65,0xdd,
    0xdd,0x94,0x51,0x54,0x51,0x11,0x15,0x51,0x54,0x44,0x45,0x00,0x30,0x4f,0x31,0x3f,
    0x11,0xf7,0x13,0xf8,0x4c,0xd0,0x00,0x00,0x15,0x00,0x15,0x06,0x65,0x99,0xd5,0x99,
    0x51,0x66,0x5d,0x66,0x64,0x01,0x55,0x75,0x55,0x59,0x75,0x00,0x14,0x51,0x55,0x55,
    0x55,0x15,0x55,0x55,0x45,0x41,0x9d,0xb9,0x1b,0x05,0x54,0x00,0x00,0x00,0x00,0x00,
    0x00,0x00,0x01,0x70,0x15,0x59,0x5d,0x76,0x5d,0x55,0x54,0x00,0x00,0x00,0x00,0x00,
    0x00,0x00,0x01,0x55,0x41,0x11,0x11,0x11,0x11,0x11,0x11,0x11,0x50,0x01,0x59,0x55,
    0x55,0x55,0x55,0x54,0x14,0x51,0x15,0x44,0x51,0x05,0x15,0x11,0x11,0x11,0x10,0x51,
    0x14,0x51,0x11,0x45,0x15,0x45,0x14,0x44,0x45,0x14,0x44,0x51,0x54,0x55,0x40,0x00,
    0x00,0x00,0x00,0x00,0x00,0x00,0x00,0x00,0x00,0x00,0x00,0x00,0x00,0x00,0x00,0x00,
    0x00,0x00,0x00,0x50,0x5d,0x75,0x59,0x17,0x65,0x77,0x55,0x55,0x55,0x55,0xd5,0x5d,
    0x55,0xd1,0x59,0x5d,0x55,0x55,0x46,0x60,0x1d,0x67,0x59,0x40,0x75,0x05,0x75,0xd5,
    0x94,0x64,0x65,0x9d,0x94,0x1d,0xd5,0x41,0x64,0x64,0x59,0x45,0x9d,0x77,0x75,0x9d,
    0x64,0x5d,0x41,0x15,0x55,0x55,0x51,0x55,0x15,0x55,0x55,0x43,0x4b,0xf1,0x3f,0xc8,
    0x7c,0xc3,0xf3,0x13,0x34,0x30,0x41,0x01,0x01,0x41,0x59,0x4d,0x51,0x56,0x59,0x75,
    0x16,0x65,0xd6,0x45,0x54,0x01,0x67,0x55,0x19,0x55,0x55,0x00,0x44,0x44,0x44,0x10,
    0x41,0x44,0x41,0x04,0x44,0x4d,0xba,0x6e,0xa0,0x15,0x40,0x00,0x00,0x00,0x00,0x00,
    0x00,0x00,0x01,0x01,0x59,0x97,0x55,0x55,0xd5,0x9d,0x90,0x00,0x00,0x00,0x00,0x00,
    0x00,0x00,0x00,0x00,0x41,0x44,0x51,0x45,0x45,0x14,0x54,0x54,0x50,0x00,0x55,0x9d,
    0x65,0xd5,0x95,0x94,0x05,0x15,0x44,0x45,0x11,0x51,0x41,0x54,0x44,0x44,0x40,0x14,
    0x45,0x11,0x54,0x51,0x10,0x51,0x44,0x51,0x51,0x11,0x55,0x14,0x45,0x11,0x00,0x00,
    0x00,0x00,0x00,0x00,0x00,0x00,0x00,0x00,0x00,0x00,0x00,0x00,0x00,0x00,0x00,0x00,
    0x00,0x00,0x00,0x10,0x55,0x55,0x95,0x55,0x57,0x55,0x67,0x64,0x5d,0x9d,0x5d,0x55,
    0xd9,0x55,0x95,0xd5,0x9d,0xd9,0xd4,0x50,0x00,0xd5,0x75,0x40,0x4d,0xc1,0x55,0x5d,
    0x45,0x9d,0x51,0x65,0x65,0x05,0x5d,0x45,0x95,0xd5,0xd4,0x59,0xd5,0xd5,0x1d,0xd4,
    0x75,0xd6,0x71,0x55,0x11,0x54,0x55,0x11,0x51,0x45,0x11,0x02,0x3c,0x4f,0xd2,0x13,
    0x32,0xdc,0x4b,0x3f,0x4c,0x01,0xc5,0x00,0x50,0x55,0x96,0x55,0x96,0x75,0x17,0x59,
    0x66,0x5d,0x64,0x59,0x15,0x02,0x55,0x59,0x55,0xd9,0x65,0xc0,0x11,0x11,0x11,0x45,
    0x14,0x44,0x51,0x44,0x45,0x00,0x67,0x91,0x01,0x55,0x00,0x00,0x00,0x00,0x00,0x00,
    0x00,0x00,0x00,0x15,0x97,0x55,0x9d,0x9d,0x59,0x55,0x70,0x00,0x00,0x00,0x00,0x00,
    0x00,0x00,0x00,0x00,0x00,0x45,0x11,0x11,0x11,0x45,0x05,0x11,0x10,0x01,0x57,0x55,
    0x55,0x59,0x59,0x55,0x05,0x10,0x44,0x51,0x45,0x10,0x00,0x01,0x11,0x11,0x00,0x45,
    0x51,0x14,0x45,0x11,0x45,0x11,0x15,0x14,0x45,0x44,0x41,0x45,0x11,0x14,0x00,0x00,
    0x00,0x00,0x00,0x00,0x00,0x00,0x00,0x00,0x00,0x00,0x00,0x00,0x00,0x00,0x00,0x00,
    0x00,0x00,0x00,0x00,0x59,0xd9,0x5d,0x76,0x75,0x59,0x55,0x55,0x55,0x55,0x55,0xdd,
    0x54,0x59,0x75,0x59,0x55,0x55,0x45,0xc0,0x00,0x00,0x90,0x01,0xdd,0x05,0x76,0x55,
    0x59,0xd6,0x66,0x76,0x45,0x06,0x65,0x06,0x77,0x5d,0x65,0x9d,0x51,0x61,0x59,0x46,
    0x5d,0x67,0x51,0x44,0x00,0x05,0x45,0x55,0x15,0x55,0x55,0x07,0xc4,0xf1,0x33,0xcf,
    0x8c,0xcb,0x3c,0x70,0xcb,0x0d,0x05,0x10,0x14,0x19,0x75,0x99,0xd9,0x91,0x65,0x94,
    0x65,0xd6,0x45,0x95,0x64,0x01,0x56,0x55,0x65,0x55,0xd5,0x00,0x51,0x45,0x11,0x11,
    0x11,0x11,0x11,0x11,0x10,0x14,0x00,0x00,0x15,0x54,0x00,0x00,0x00,0x00,0x00,0x00,
    0x00,0x00,0x00,0x15,0x75,0x75,0xd5,0x15,0x97,0x76,0x40,0x00,0x00,0x00,0x00,0x00,
    0x00,0x00,0x01,0x55,0x50,0x51,0x14,0x51,0x14,0x44,0x51,0x11,0x14,0x01,0x65,0x56,
    0x5d,0x55,0x55,0x55,0x01,0x45,0x15,0x14,0x54,0x00,0x00,0x00,0x01,0x00,0x00,0x11,
    0x11,0x45,0x11,0x14,0x51,0x45,0x44,0x45,0x11,0x15,0x14,0x44,0x51,0x50,0x00,0x00,
    0x00,0x00,0x00,0x00,0x00,0x00,0x00,0x00,0x00,0x00,0x00,0x00,0x00,0x00,0x00,0x00,
    0x00,0x00,0x00,0x00,0x55,0x55,0xd5,0x55,0x55,0x97,0x75,0x17,0x75,0xd7,0x65,0x55,
    0x95,0x75,0x57,0x54,0x75,0x1d,0x14,0x01,0x60,0x00,0x00,0x01,0xd1,0xc1,0x55,0xd5,
    0x99,0x64,0x59,0x59,0x59,0x41,0x45,0x05,0xd5,0x96,0x77,0x57,0x76,0x57,0x77,0x67,
    0x76,0x45,0x41,0x00,0x46,0x00,0x54,0x51,0x51,0x11,0x14,0x23,0x4f,0x1c,0xe1,0x34,
    0xdd,0x33,0x87,0x2d,0x31,0x05,0x17,0x11,0x05,0x07,0x59,0xd5,0x64,0x56,0x59,0x19,
    0x5d,0x64,0x59,0x74,0x54,0x00,0x55,0x75,0x57,0x59,0x55,0x00,0x14,0x44,0x51,0x44,
    0x44,0x51,0x11,0x14,0x54,0x15,0x51,0x15,0x55,0x50,0x00,0x00,0x00,0x00,0x00,0x00,
    0x00,0x00,0x00,0x25,0x56,0x59,0x59,0x59,0x75,0x55,0x40,0x00,0x00,0x00,0x00,0x00,
    0x00,0x00,0x00,0x55,0x50,0x44,0x44,0x44,0x44,0x44,0x44,0x45,0x10,0x00,0x55,0x65,
    0x55,0x97,0x5d,0x75,0x40,0x54,0x51,0x45,0x00,0x01,0x14,0x40,0x00,0x00,0x10,0x14,
    0x54,0x51,0x45,0x45,0x14,0x51,0x11,0x51,0x51,0x44,0x51,0x51,0x15,0x00,0x00,0x00,
    0x00,0x00,0x00,0x00,0x00,0x00,0x00,0x00,0x00,0x00,0x00,0x00,0x00,0x00,0x00,0x00,
    0x00,0x00,0x00,0x00,0x15,0x9d,0x57,0x67,0x51,0x75,0x55,0x55,0x55,0x55,0x51,0x99,
    0x75,0x57,0x75,0x75,0x56,0x54,0x50,0x06,0x96,0x40,0x00,0x01,0xdd,0xc1,0x5d,0x51,
    0x51,0x95,0x9d,0x14,0x66,0x50,0x57,0x16,0x5d,0x47,0x55,0xd5,0x57,0x76,0x64,0x77,
    0x51,0xd7,0x40,0x11,0x55,0x58,0x15,0x55,0x15,0x55,0x54,0x33,0x31,0xce,0x3c,0xf3,
    0x33,0xd3,0x3c,0xd3,0xdc,0x00,0x14,0x10,0x41,0x41,0x95,0x61,0x95,0x65,0x91,0x56,
    0x66,0x45,0x96,0x59,0x94,0x01,0x67,0x56,0x75,0x55,0x65,0x00,0x44,0x51,0x11,0x51,
    0x14,0x45,0x14,0x44,0x40,0x55,0x55,0x55,0x91,0x40,0x00,0x00,0x00,0x00,0x00,0x00,
    0x00,0x00,0x00,0x05,0xd5,0x15,0x15,0xd7,0x56,0x45,0x00,0x00,0x00,0x00,0x00,0x00,
    0x00,0x00,0x00,0x59,0x60,0x45,0x11,0x14,0x51,0x14,0x45,0x11,0x14,0x01,0x56,0x55,
    0xd5,0x55,0x55,0x56,0x50,0x05,0x14,0x40,0x00,0x41,0x55,0x54,0x40,0x01,0x54,0x15,
    0x11,0x14,0x51,0x11,0x45,0x14,0x54,0x44,0x44,0x51,0x14,0x45,0x44,0x00,0x00,0x00,
    0x00,0x00,0x00,0x00,0x00,0x00,0x00,0x00,0x00,0x00,0x00,0x00,0x00,0x00,0x00,0x00,
    0x00,0x00,0x00,0x00,0x05,0x55,0x45,0x55,0x65,0x55,0x91,0x9d,0x64,0x00,0x15,0x57,
    0x57,0x65,0x56,0x56,0x75,0x45,0x80,0xd9,0xad,0xd6,0x46,0x43,0x47,0x41,0x55,0x55,
    0x95,0x19,0x16,0x66,0x5d,0x50,0x94,0x19,0xd4,0x55,0x46,0x74,0x9d,0x67,0x75,0xd1,
    0xd9,0x75,0x60,0x55,0x99,0x55,0x05,0x11,0x51,0x45,0x50,0xd1,0xec,0xe3,0xc7,0x1e,
    0xc4,0xcd,0xc4,0x00,0x00,0x50,0x54,0x50,0x53,0x51,0x18,0x55,0x46,0x76,0x56,0x65,
    0x15,0x59,0x64,0x51,0x45,0x02,0x55,0x55,0x55,0x97,0x55,0x00,0x11,0x11,0x11,0x94,
    0x44,0x51,0x11,0x11,0x41,0x59,0x95,0x65,0x55,0x00,0x00,0x00,0x00,0x00,0x00,0x00,
    0x00,0x00,0x00,0x01,0x65,0x5d,0x5d,0x55,0x65,0x55,0x00,0x00,0x00,0x00,0x05,0x40,
    0x00,0x00,0x00,0x57,0x51,0x44,0x51,0x45,0x11,0x44,0x51,0x14,0x44,0x01,0x55,0x75,
    0x59,0x45,0x96,0x55,0x54,0x00,0x00,0x00,0x00,0x41,0x78,0x75,0x55,0x55,0x10,0x11,
    0x45,0x45,0x14,0x54,0x51,0x45,0x11,0x15,0x15,0x15,0x45,0x11,0x14,0x00,0x00,0x00,
    0x00,0x00,0x00,0x00,0x00,0x00,0x00,0x00,0x00,0x00,0x00,0x00,0x00,0x00,0x00,0x00,
    0x00,0x00,0x00,0x00,0x01,0x57,0x55,0x9d,0x57,0x59,0x55,0x55,0x50,0x00,0x05,0xd5,
    0x45,0x5d,0x65,0x15,0x54,0x5b,0x01,0x9a,0x46,0x20,0x9b,0x41,0xdc,0x41,0x75,0xd6,
    0x76,0x51,0x65,0x97,0x65,0xd4,0x14,0x15,0x65,0x9d,0x97,0x55,0x75,0x15,0x1d,0x35,
    0xdd,0xdb,0x51,0x67,0x5d,0xdd,0x01,0x55,0x15,0x54,0x40,0xcc,0xcd,0x3c,0x73,0x8c,
    0x7c,0xb0,0x00,0x0c,0x30,0x50,0x54,0x58,0x50,0x65,0xd5,0x9d,0x97,0x54,0x75,0x91,
    0x64,0x66,0x45,0x95,0x54,0x01,0x5d,0x64,0x59,0x55,0x55,0x00,0x54,0x45,0x15,0x45,
    0x11,0x11,0x11,0x44,0x41,0x55,0x76,0x51,0x75,0x00,0x00,0x00,0x00,0x00,0x00,0x00,
    0x00,0x00,0x00,0x01,0x5d,0x95,0x95,0x9d,0x45,0xd9,0x00,0x00,0x00,0x00,0x15,0x50,
    0x00,0x00,0x00,0x95,0x40,0x51,0x14,0x44,0x44,0x45,0x11,0x44,0x50,0x01,0x67,0x55,
    0x55,0x55,0x55,0x65,0x95,0x00,0x00,0x00,0x00,0x50,0x55,0xd9,0xdd,0x45,0x54,0x14,
    0x51,0x11,0x45,0x11,0x11,0x11,0x15,0x44,0x44,0x44,0x51,0x54,0x50,0x00,0x00,0x00,
    0x00,0x00,0x00,0x00,0x00,0x00,0x00,0x00,0x00,0x00,0x00,0x00,0x00,0x00,0x00,0x00,
    0x00,0x00,0x00,0x00,0x00,0x55,0x59,0x55,0xd5,0x75,0x17,0x5d,0x40,0x13,0x01,0x5d,
    0x56,0x55,0xd5,0x5d,0xd9,0x70,0x06,0x6d,0x81,0x90,0x79,0x80,0x75,0xc1,0x55,0x5d,
    0x59,0x96,0x67,0x45,0x96,0x65,0x04,0x9d,0xdd,0x75,0xd5,0x9d,0x96,0x77,0x5f,0x5f,
    0x75,0x45,0x65,0x75,0x75,0x65,0x41,0x45,0x51,0x15,0x41,0xdf,0x4c,0xc7,0x38,0xf3,
    0x33,0xd0,0x34,0xd2,0xd0,0x5c,0x58,0x55,0x54,0x11,0x44,0x44,0x45,0x19,0x59,0x16,
    0x59,0x94,0x56,0x58,0x64,0x00,0x55,0x55,0x55,0x19,0x65,0x00,0x11,0x11,0x11,0x94,
    0x51,0x44,0x51,0x15,0x05,0x75,0x55,0x15,0x54,0x00,0x00,0x00,0x00,0x00,0x00,0x00,
    0x00,0x00,0x00,0x01,0x55,0x75,0x75,0x65,0x95,0x54,0x00,0x00,0x00,0x00,0x55,0x94,
    0x00,0x00,0x00,0x59,0x41,0x11,0x44,0x44,0x51,0x11,0x11,0x11,0x10,0x01,0x55,0x56,
    0x45,0x99,0x75,0x55,0x55,0x54,0x44,0x50,0x00,0x10,0x6d,0x45,0x14,0x5d,0xd8,0x05,
    0x11,0x51,0x11,0x45,0x45,0x45,0x44,0x45,0x45,0x45,0x11,0x05,0x40,0x00,0x00,0x00,
    0x00,0x00,0x00,0x00,0x00,0x00,0x00,0x00,0x00,0x00,0x00,0x00,0x00,0x00,0x00,0x00,
    0x00,0x00,0x00,0x00,0x00,0x16,0x57,0x5d,0x59,0x55,0x55,0x95,0x03,0x77,0x41,0x55,
    0x95,0xd5,0x51,0xd5,0x45,0xc0,0x19,0x1a,0x42,0x40,0x92,0x41,0xd3,0x01,0x67,0x55,
    0x91,0x46,0x75,0x59,0x45,0x95,0x04,0x15,0x56,0x59,0x77,0x59,0x1d,0x5d,0xb5,0xdd,
    0x91,0xd7,0x5d,0x97,0x56,0x5d,0x50,0x54,0x55,0x51,0x0c,0x30,0xf4,0xb3,0x8d,0x37,
    0xdc,0x8c,0x0f,0x3c,0xc3,0x55,0x94,0x95,0xd5,0x14,0x64,0x59,0x74,0x64,0x65,0x65,
    0x95,0x45,0x65,0xd5,0x54,0x01,0x59,0x45,0x95,0x55,0x55,0x00,0x44,0x51,0x15,0x99,
    0x11,0x11,0x11,0x41,0x05,0x54,0x51,0x57,0x50,0x00,0x00,0x00,0x00,0x00,0x00,0x00,
    0x00,0x00,0x00,0x01,0x67,0x56,0x59,0x15,0x76,0x45,0x00,0x00,0x00,0x00,0x59,0x55,
    0x00,0x00,0x00,0x57,0x41,0x14,0x44,0x51,0x14,0x51,0x44,0x45,0x14,0x01,0x55,0x95,
    0x55,0x55,0x56,0x75,0xd5,0x55,0x55,0x50,0x00,0x40,0x54,0x5d,0x65,0xd9,0x14,0x11,
    0x44,0x45,0x44,0x51,0x11,0x11,0x11,0x51,0x11,0x11,0x14,0x51,0x00,0x00,0x00,0x00,
    0x00,0x00,0x00,0x00,0x00,0x00,0x00,0x00,0x00,0x00,0x00,0x00,0x00,0x00,0x00,0x00,
    0x11,0x40,0x00,0x00,0x00,0x05,0x75,0x55,0x97,0x51,0x9d,0x54,0x07,0x4d,0x01,0x67,
    0x5d,0x51,0x95,0x58,0x54,0x01,0x06,0xa6,0xc1,0x81,0xb6,0xc3,0x44,0x05,0x55,0x65,
    0x56,0x59,0x59,0x99,0x99,0xd9,0x40,0x59,0xe4,0x77,0x59,0x17,0x57,0x45,0x51,0xc5,
    0x1d,0x65,0x15,0xd5,0x91,0xd5,0x90,0x55,0x45,0x15,0x07,0x87,0x23,0xc4,0xd3,0xcc,
    0x8c,0xf7,0x01,0xc4,0x71,0x55,0x50,0x5d,0x55,0x06,0x45,0x74,0x51,0x45,0x59,0x97,
    0x74,0x59,0x9d,0x46,0x45,0x03,0x55,0x55,0x67,0x59,0xd5,0x00,0x14,0x44,0x46,0x45,
    0x44,0x45,0x14,0x44,0x15,0x95,0x55,0x55,0x40,0x00,0x00,0x00,0x00,0x00,0x00,0x00,
    0x00,0x00,0x00,0x01,0x55,0x65,0xd5,0x5d,0x55,0x54,0x00,0x00,0x00,0x01,0x57,0x59,
    0x40,0x00,0x00,0x65,0x41,0x44,0x45,0x11,0x44,0x44,0x45,0x11,0x10,0x01,0x65,0x51,
    0x59,0x75,0x95,0x55,0x59,0x65,0x55,0x50,0x00,0x10,0x75,0x94,0x74,0x64,0x58,0x04,
    0x55,0x11,0x15,0x14,0x54,0x54,0x54,0x44,0x54,0x54,0x45,0x14,0x00,0x00,0x00,0x00,
    0x00,0x00,0x00,0x00,0x00,0x00,0x00,0x00,0x00,0x00,0x41,0x11,0x15,0x55,0x55,0x55,
    0x55,0x40,0x00,0x00,0x00,0x01,0x55,0xd9,0x45,0x55,0x55,0xd4,0x34,0xdf,0xc1,0x55,
    0x55,0xd5,0x75,0xd5,0x70,0x06,0x09,0x9d,0x81,0x0d,0xa1,0x41,0x00,0x55,0xd7,0x57,
    0x91,0x97,0x64,0x67,0x5d,0x51,0x60,0xd7,0x55,0x55,0x91,0x5d,0x75,0x9b,0x77,0x5d,
    0xd7,0x77,0x67,0x51,0x75,0x5d,0x50,0x44,0x54,0x54,0x0c,0xf2,0xcd,0x3f,0x3c,0x71,
    0x37,0x13,0x70,0x2c,0xc0,0x59,0x14,0x55,0x75,0x41,0x51,0x11,0x16,0x51,0x1d,0x45,
    0x59,0x97,0x56,0x54,0x54,0x01,0x59,0x99,0x55,0x55,0x59,0x00,0x44,0x44,0x59,0x66,
    0x51,0x11,0x11,0x14,0x15,0x45,0x96,0x75,0x40,0x00,0x00,0x00,0x00,0x00,0x00,0x00,
    0x00,0x00,0x00,0x02,0x76,0x51,0x5d,0x96,0x47,0x64,0x00,0x00,0x00,0x01,0x65,0x75,
    0x40,0x00,0x01,0x55,0x41,0x11,0x11,0x14,0x44,0x51,0x11,0x45,0x14,0x01,0x57,0x55,
    0x95,0x55,0x5d,0x59,0x55,0x55,0x96,0x50,0x00,0x50,0x99,0x19,0x65,0x91,0x74,0x15,
    0x11,0x54,0x51,0x45,0x11,0x11,0x11,0x15,0x11,0x11,0x51,0x50,0x00,0x00,0x00,0x00,
    0x00,0x00,0x00,0x00,0x00,0x00,0x00,0x00,0x00,0x00,0x55,0x55,0x55,0x15,0x55,0x55,
    0x54,0x00,0x00,0x00,0x00,0x00,0x59,0x55,0x55,0xd9,0xd5,0x50,0x1f,0x77,0x05,0x75,
    0xd9,0x59,0x5d,0x19,0x00,0x99,0x01,0xa9,0x06,0x06,0x1a,0x00,0x01,0x55,0x55,0x45,
    0x59,0x46,0x45,0x75,0x96,0x65,0x90,0x59,0x47,0x9d,0x15,0xd6,0x59,0x15,0x15,0xd9,
    0x76,0x51,0x75,0x67,0x56,0x76,0x54,0x15,0x45,0x44,0x1e,0x1c,0xd3,0xc4,0xd3,0x3b,
    0xcc,0x8c,0x00,0x0d,0x31,0x5d,0x55,0x05,0x56,0x43,0x00,0x00,0x00,0x59,0xd4,0x59,
    0x96,0x65,0x91,0x65,0x94,0x00,0x55,0x57,0x5d,0x96,0x55,0x00,0x14,0x45,0x14,0x64,
    0x54,0x51,0x11,0x10,0x51,0x55,0x75,0x55,0x00,0x00,0x00,0x00,0x00,0x00,0x00,0x00,
    0x00,0x00,0x00,0x01,0x55,0xd5,0x95,0x75,0x55,0x57,0x00,0x00,0x00,0x05,0x57,0x56,
    0x50,0x00,0x05,0x76,0x41,0x45,0x14,0x44,0x45,0x11,0x44,0x44,0x44,0x01,0x55,0x59,
    0x57,0x59,0x55,0x95,0x97,0x59,0x55,0x50,0x00,0x10,0x17,0x5d,0x11,0xd6,0x54,0x04,
    0x51,0x11,0x14,0x44,0x55,0x45,0x45,0x44,0x55,0x45,0x14,0x40,0x00,0x00,0x00,0x00,
    0x00,0x00,0x00,0x00,0x00,0x00,0x00,0x00,0x00,0x00,0x55,0x55,0x65,0x59,0xd9,0x99,
    0x50,0x00,0x00,0x00,0x00,0x00,0x15,0x75,0xd6,0x55,0x5d,0x50,0x7d,0x3d,0x05,0x56,
    0x54,0x5d,0x19,0x50,0x01,0x79,0xc1,0x66,0x86,0x1a,0x76,0x00,0x15,0x5d,0x75,0x55,
    0x94,0x65,0x96,0x59,0x14,0x59,0x54,0x17,0x59,0x75,0x5d,0x65,0x17,0x5d,0x77,0x67,
    0x77,0x75,0x97,0x55,0x9d,0x54,0x74,0x14,0x55,0x14,0x33,0x31,0xcf,0x4f,0x3e,0xcc,
    0x72,0xf4,0x00,0x00,0xc1,0x55,0x75,0x01,0x75,0x50,0x15,0x55,0x80,0x05,0x11,0x65,
    0x19,0x76,0x56,0x45,0x44,0x01,0x5d,0x75,0x55,0x5d,0x55,0x00,0x44,0x45,0x66,0x65,
    0x99,0x54,0x51,0x44,0x55,0x67,0x54,0x55,0x00,0x00,0x00,0x00,0x00,0x00,0x00,0x00,
    0x00,0x00,0x00,0x01,0x65,0x59,0x76,0x54,0x67,0x65,0x00,0x00,0x00,0x15,0x95,0x65,
    0x54,0x00,0x16,0x55,0xc1,0x11,0x44,0x45,0x11,0x14,0x51,0x11,0x10,0x01,0x59,0x55,
    0x75,0x55,0xd5,0x55,0x55,0x55,0xd7,0x50,0x00,0x10,0x51,0x45,0x65,0x47,0x45,0x05,
    0x14,0x45,0x44,0x55,0x10,0x51,0x11,0x14,0x41,0x11,0x45,0x40,0x00,0x00,0x00,0x00,
    0x00,0x04,0x00,0x00,0x00,0x00,0x00,0x00,0x00,0x00,0x16,0x76,0x5d,0x75,0x57,0x55,
    0x40,0x00,0x00,0x00,0x00,0x00,0x05,0x55,0x5d,0x5d,0xd5,0x43,0xd3,0x74,0x05,0x9d,
    0x45,0xd4,0x75,0x00,0x19,0x86,0x40,0xd9,0x25,0x9b,0x48,0x01,0x55,0xd5,0x57,0x5d,
    0x45,0x99,0x67,0x65,0x65,0x9d,0xd4,0x15,0x97,0x59,0xd6,0x75,0x75,0x97,0x66,0x77,
    0x59,0x17,0x5d,0x87,0x54,0x75,0x54,0x15,0x51,0x50,0x87,0x7c,0xf4,0xf8,0x73,0x47,
    0x3c,0x4c,0x27,0x10,0x41,0x67,0x55,0x01,0x55,0xd5,0x56,0x5d,0x55,0x01,0x66,0x5d,
    0x64,0x54,0x64,0x59,0x96,0x02,0x55,0x55,0x99,0x55,0x95,0x00,0x11,0x56,0x66,0x46,
    0x46,0x65,0x11,0x10,0x76,0x55,0x55,0x64,0x00,0x00,0x00,0x00,0x00,0x00,0x00,0x00,
    0x00,0x00,0x00,0x01,0x5d,0x97,0x55,0x15,0x75,0x55,0x00,0x00,0x00,0x16,0x76,0x5d,
    0x75,0x81,0x55,0xd9,0x41,0x44,0x45,0x14,0x45,0x11,0x11,0x45,0x14,0x01,0x55,0x97,
    0x55,0x65,0x59,0x45,0xd6,0x5d,0x55,0x50,0x00,0x14,0x16,0x5d,0xdd,0x15,0x14,0x05,
    0x11,0x51,0x15,0x11,0x15,0x14,0x54,0x45,0x14,0x54,0x44,0x00,0x00,0x00,0x00,0x00,
    0x00,0x04,0x00,0x00,0x00,0x00,0x00,0x00,0x00,0x00,0x05,0x55,0xd5,0x56,0x75,0x75,
    0x00,0x00,0x00,0x00,0x00,0x00,0x01,0x67,0x55,0xd5,0x59,0x41,0xf7,0xdc,0x17,0x54,
    0x5d,0x45,0x54,0x00,0x66,0x92,0x90,0x06,0x59,0x96,0x94,0x05,0x55,0x57,0x65,0x55,
    0x59,0x74,0x59,0x46,0x76,0x55,0x94,0x19,0xdd,0x45,0x99,0x5d,0x97,0x75,0xdd,0x45,
    0xd1,0x65,0xd5,0x55,0xd9,0x59,0xd4,0x11,0x40,0x50,0xf3,0x32,0xcc,0x8f,0x34,0xf3,
    0xc7,0x3d,0xc1,0xcf,0xc5,0x55,0x57,0x02,0x5d,0x55,0x65,0xd5,0x55,0x50,0x44,0x59,
    0x95,0x95,0x75,0x65,0x14,0x00,0x59,0x96,0x55,0x15,0x45,0x00,0x44,0x51,0x91,0x99,
    0x94,0x51,0x11,0x41,0x55,0x45,0x16,0x54,0x00,0x00,0x00,0x00,0x00,0x00,0x05,0x70,
    0x00,0x00,0x00,0x01,0x95,0x45,0x65,0x67,0x56,0x45,0x00,0x00,0x00,0x55,0x55,0xd5,
    0x55,0x55,0x65,0x55,0x41,0x11,0x11,0x15,0x11,0x11,0x14,0x44,0x44,0x01,0x59,0x55,
    0x56,0x55,0x95,0x55,0x55,0x55,0x59,0x50,0x00,0x50,0x1d,0xd9,0x16,0x5d,0x65,0x04,
    0x54,0x45,0x44,0x45,0x11,0x45,0x11,0x51,0x45,0x11,0x45,0x00,0x00,0x00,0x00,0x00,
    0x00,0x10,0x00,0x00,0x00,0x00,0x00,0x00,0x00,0x00,0x05,0x65,0x59,0xd5,0x56,0x54,
    0x00,0x00,0x00,0x00,0x00,0x00,0x00,0x55,0x65,0x56,0x57,0x43,0x4d,0x34,0x35,0x1d,
    0x99,0xd9,0xc0,0x05,0xad,0xa9,0x24,0x00,0x32,0x31,0x20,0x15,0x76,0x75,0x54,0x5d,
    0x97,0x55,0x91,0x97,0x55,0x19,0x14,0x15,0x55,0x95,0x75,0xd6,0x75,0x51,0x54,0x5d,
    0x75,0xdd,0x64,0x76,0x51,0x9d,0x66,0x15,0x40,0x40,0x4d,0x2c,0x73,0xd3,0x4f,0x2c,
    0x73,0xc8,0xc0,0xd1,0x00,0x00,0x65,0x00,0x55,0x67,0x5d,0x56,0x75,0x54,0x15,0x15,
    0x45,0x76,0x59,0x91,0x54,0x01,0x55,0x51,0x51,0x59,0x55,0x00,0x15,0x99,0x16,0x59,
    0x19,0x84,0x44,0x41,0x14,0x55,0x55,0x10,0x00,0x00,0x00,0x00,0x00,0x00,0x55,0x55,
    0x00,0x00,0x00,0x05,0x5d,0x57,0x51,0x55,0x95,0x59,0x40,0x00,0x01,0x59,0xd5,0x59,
    0xd9,0x59,0x5d,0x9d,0x04,0x51,0x44,0x45,0x45,0x14,0x44,0x51,0x44,0x01,0x55,0xd5,
    0x95,0x5d,0x54,0x59,0x67,0x59,0x55,0x50,0x00,0x14,0x15,0x11,0x64,0x74,0x54,0x05,
    0x11,0x51,0x11,0x51,0x44,0x44,0x54,0x44,0x51,0x44,0x54,0x00,0x00,0x00,0x00,0x00,
    0x00,0x40,0x00,0x00,0x00,0x00,0x00,0x00,0x00,0x00,0x01,0x5d,0x95,0x64,0x65,0x50,
    0x00,0x00,0x00,0x00,0x00,0x00,0x00,0x56,0x51,0x45,0x15,0x41,0xdf,0x70,0x16,0x65,
    0x1d,0x54,0x00,0x66,0x99,0xd2,0x79,0x00,0x00,0x00,0x00,0x57,0x55,0x55,0xd5,0x55,
    0x76,0x69,0xd5,0x65,0x91,0x96,0x66,0x24,0x01,0x58,0x01,0x64,0x54,0x66,0x75,0xd7,
    0x59,0x57,0x45,0x97,0x55,0xd5,0x14,0x11,0x50,0x41,0xf3,0xc7,0x34,0xcc,0xf2,0xc7,
    0x38,0x73,0x7c,0x30,0x00,0x4c,0x15,0x00,0x56,0x55,0x55,0x75,0x56,0x75,0x07,0x46,
    0x59,0x99,0x16,0x55,0x94,0x00,0x59,0x15,0x55,0x95,0x95,0x00,0x11,0x65,0x99,0x91,
    0x96,0x51,0x45,0x05,0x65,0x59,0x74,0x5c,0x00,0x00,0x00,0x00,0x00,0x00,0x59,0x95,
    0x50,0x00,0x00,0x25,0xd6,0x75,0x56,0x76,0x5d,0xd5,0x50,0x00,0x05,0x65,0x5d,0x95,
    0x57,0x65,0xd5,0x55,0x41,0x14,0x44,0x59,0x51,0x11,0x44,0x44,0x50,0x01,0x65,0x59,
    0x56,0x55,0x55,0x55,0x55,0x55,0x96,0x50,0x00,0x14,0x05,0x56,0x45,0xd6,0x45,0x01,
    0x44,0x44,0x54,0x44,0x54,0x54,0x44,0x54,0x44,0x55,0x10,0x00,0x00,0x00,0x00,0x00,
    0x01,0x40,0x00,0x00,0x00,0x00,0x00,0x00,0x00,0x00,0x05,0x55,0x47,0x55,0x5d,0x40,
    0x00,0x00,0x00,0x00,0x00,0x00,0x00,0x35,0x16,0x5d,0x76,0x43,0xf7,0xd0,0x5d,0xd1,
    0x55,0x00,0x09,0x9a,0x7a,0x6b,0x92,0x40,0x44,0x44,0x41,0x55,0x5d,0x5d,0x57,0x65,
    0x59,0x15,0x66,0x76,0x65,0x9d,0x55,0x04,0x02,0x50,0x30,0x55,0xd9,0xd7,0x5d,0x9d,
    0x91,0xdd,0x59,0x75,0x1d,0x67,0x56,0x15,0x15,0x43,0x2c,0x73,0xce,0xde,0x1c,0x73,
    0xcf,0x34,0xc7,0x03,0x55,0x54,0x15,0x00,0x5d,0x75,0xd7,0x57,0x5d,0x55,0x41,0x64,
    0x67,0x51,0x65,0x19,0x14,0x01,0x55,0x56,0x65,0x5d,0x55,0x00,0x44,0x59,0x99,0x19,
    0x64,0x44,0x44,0x06,0x56,0x57,0x51,0x50,0x00,0x00,0x00,0x00,0x00,0x01,0x57,0x59,
    0x55,0x00,0x00,0x15,0x55,0x59,0x9d,0x55,0xd5,0x67,0x54,0x00,0x56,0x5d,0x65,0x77,
    0x65,0x5d,0x59,0xd9,0x84,0x44,0x51,0x59,0x14,0x44,0x45,0x11,0x10,0x01,0x55,0x55,
    0x75,0x56,0x75,0x97,0x59,0x65,0x5d,0x50,0x00,0x14,0x25,0x95,0xd7,0x45,0xd9,0x04,
    0x55,0x15,0x11,0x45,0x11,0x11,0x45,0x11,0x55,0x11,0x40,0x00,0x00,0x00,0x00,0x00,
    0x01,0x00,0x00,0x00,0x00,0x00,0x00,0x00,0x00,0x00,0x01,0x9d,0x55,0x46,0x55,0x00,
    0x00,0x00,0x00,0x00,0x00,0x00,0x00,0x05,0x77,0x65,0x91,0x41,0xd1,0xf0,0x65,0x16,
    0x70,0x00,0x16,0xb7,0x99,0x99,0x26,0x81,0x55,0x55,0x41,0x59,0x55,0xd5,0x75,0x5d,
    0x91,0x52,0x46,0x59,0x19,0x65,0x19,0x04,0x5c,0x41,0xd4,0x1d,0x5d,0x5d,0x45,0xd6,
    0x75,0xd6,0x77,0x59,0x66,0x75,0x94,0x11,0x51,0x01,0xc7,0x3d,0x2c,0xcc,0xf3,0xce,
    0x12,0xcf,0xcc,0x45,0x59,0x54,0x55,0x00,0x55,0x55,0x55,0x65,0x55,0x75,0x41,0x85,
    0x55,0x96,0x51,0x55,0x54,0x01,0x65,0x65,0x57,0x55,0x75,0x00,0x14,0x46,0x46,0x66,
    0x44,0x51,0x14,0x17,0x45,0xd5,0x16,0x40,0x00,0x00,0x00,0x00,0x00,0x05,0x95,0x75,
    0xd5,0x50,0x05,0x59,0xd9,0xd5,0x15,0xdd,0x59,0x15,0x95,0x75,0x65,0x55,0xd7,0x55,
    0x55,0x95,0x95,0x55,0x01,0x44,0x45,0x91,0x65,0x51,0x11,0x14,0x44,0x01,0x5d,0x97,
    0x55,0x75,0x55,0x55,0x55,0x57,0x55,0x50,0x00,0x14,0x05,0x75,0x55,0x56,0x5d,0x05,
    0x11,0x44,0x51,0x14,0x51,0x51,0x11,0x44,0x41,0x11,0x40,0x00,0x00,0x00,0x00,0x00,
    0x05,0x00,0x00,0x00,0x00,0x00,0x00,0x00,0x00,0x00,0x01,0x56,0x75,0x95,0xd4,0x00,
    0x00,0x00,0x00,0x00,0x00,0x00,0x00,0x01,0x95,0x1d,0x17,0x73,0x7f,0x40,0x51,0x57,
    0x00,0x09,0x99,0x99,0xa6,0x27,0x92,0x43,0x6d,0xdd,0x41,0x57,0x5d,0x56,0x55,0xd5,
    0x56,0x65,0x59,0x15,0x57,0x51,0x95,0x04,0xf4,0x0d,0x34,0xd6,0x75,0xd6,0x59,0x74,
    0x5d,0x45,0x55,0xd7,0x5d,0x51,0x75,0x14,0x45,0x08,0xf3,0x8c,0xc7,0x1d,0x34,0xb1,
    0xfc,0x72,0x1e,0x09,0x57,0x54,0x19,0xc0,0x97,0x51,0x9d,0x51,0x76,0x56,0x50,0x5d,
    0x91,0x65,0x96,0x74,0x64,0x00,0x57,0x57,0x55,0x65,0x95,0x00,0x11,0x11,0x65,0x91,
    0x94,0x44,0x44,0x15,0x55,0x51,0x61,0x50,0x00,0x00,0x00,0x00,0x00,0x05,0x76,0x55,
    0x66,0x55,0x55,0x55,0x5d,0x51,0x59,0x55,0x91,0x59,0x76,0x56,0x57,0x75,0x55,0x50,
    0x00,0x05,0x5d,0x1d,0x44,0x45,0x16,0x59,0x99,0x45,0x14,0x44,0x50,0x01,0x55,0x55,
    0x56,0x55,0x59,0x76,0x67,0x55,0x56,0x50,0x00,0x15,0x05,0x59,0x9d,0x94,0x45,0x01,
    0x44,0x51,0x15,0x45,0x14,0x45,0x54,0x55,0x15,0x45,0x00,0x00,0x00,0x00,0x00,0x00,
    0x14,0x00,0x00,0x00,0x00,0x00,0x00,0x00,0x00,0x00,0x00,0x55,0x59,0x5d,0x50,0x00,
    0x00,0x00,0x00,0x00,0x00,0x00,0x00,0x01,0x77,0x55,0x75,0x53,0x47,0x40,0x55,0xc0,
    0x01,0x16,0x6e,0x4a,0x60,0x01,0x87,0x41,0x54,0x64,0x41,0x75,0x55,0x65,0x45,0x55,
    0x45,0x19,0x95,0x9d,0xb5,0x96,0x66,0x44,0x11,0x37,0x44,0x15,0xd6,0x51,0xdd,0x95,
    0xd6,0x53,0x46,0x51,0x75,0x16,0x54,0x04,0x44,0x43,0x48,0xd2,0xf3,0xcc,0xe3,0xc4,
    0xc7,0x3d,0xcc,0xc1,0x75,0x64,0x55,0x40,0x55,0x65,0x54,0x55,0x95,0xd5,0x50,0x51,
    0x66,0x45,0x19,0x65,0x94,0x01,0x55,0x55,0x66,0x55,0x55,0x00,0x14,0x51,0x64,0x66,
    0x61,0x45,0x10,0x51,0x19,0x14,0x54,0x40,0x00,0x00,0x00,0x00,0x00,0x16,0x55,0xd9,
    0xd5,0xd5,0x66,0x77,0x55,0x95,0x97,0x64,0x55,0x97,0x55,0x55,0xd5,0x59,0x60,0x00,
    0x00,0x00,0x15,0x55,0x41,0x44,0x59,0x16,0x46,0x11,0x44,0x51,0x10,0x01,0x65,0x75,
    0x65,0x59,0x15,0x55,0x55,0x65,0x95,0x50,0x00,0x15,0x05,0x95,0xd5,0x65,0x59,0x04,
    0x51,0x15,0x44,0x51,0x45,0x11,0x11,0x11,0x44,0x54,0x00,0x00,0x00,0x00,0x00,0x00,
    0x10,0x00,0x00,0x00,0x00,0x00,0x00,0x00,0x00,0x00,0x01,0x67,0x57,0x55,0x60,0x00,
    0x00,0x00,0x00,0x00,0x00,0x00,0x00,0x01,0xd5,0x91,0xd4,0x60,0xdf,0x71,0x73,0x00,
    0x19,0xaa,0xd9,0xa6,0x90,0x00,0x6a,0x82,0x75,0x75,0x4d,0x55,0xd6,0x51,0x56,0x75,
    0x59,0x55,0xd1,0x66,0x59,0x19,0x75,0x41,0x37,0x74,0x7c,0x5d,0x51,0x65,0x57,0x46,
    0x5d,0x60,0x55,0xd6,0x59,0x65,0xd8,0x11,0x11,0x0c,0xcd,0x3c,0x74,0x72,0xcd,0x3f,
    0x33,0xe3,0x37,0x4d,0x56,0x50,0x5d,0x40,0x17,0x57,0x75,0x67,0x51,0x5d,0x50,0x64,
    0x57,0x59,0x57,0x51,0x54,0x02,0x59,0x9d,0x55,0x75,0xd5,0x00,0x11,0x14,0x59,0x96,
    0x51,0x11,0x40,0x56,0x55,0x75,0xd1,0x50,0x00,0x00,0x00,0x00,0x00,0x15,0xd5,0x55,
    0x5d,0x59,0x57,0x55,0x99,0x19,0x75,0x55,0x75,0x75,0x59,0xd9,0x51,0x95,0x00,0x15,
    0x55,0x54,0x01,0x66,0x41,0x11,0x11,0x64,0x55,0x14,0x45,0x11,0x44,0x01,0x57,0x56,
    0x55,0x15,0x56,0x59,0x75,0x51,0x5d,0x50,0x00,0x15,0x0d,0x5d,0x56,0x57,0x75,0x01,
    0x15,0x44,0x44,0x44,0x51,0x54,0x45,0x11,0x11,0x14,0x00,0x00,0x00,0x00,0x00,0x00,
    0x50,0x00,0x00,0x00,0x00,0x00,0x00,0x00,0x00,0x00,0x00,0x55,0x95,0x65,0x40,0x00,
    0x00,0x00,0x00,0x00,0x00,0x00,0x00,0x01,0x51,0xd6,0x46,0x50,0x77,0xc0,0x00,0x06,
    0x66,0x9d,0xa6,0x9b,0x40,0x50,0x24,0x41,0x59,0xd6,0xc1,0x59,0x55,0xd5,0x75,0x56,
    0x61,0x41,0x66,0x51,0x45,0x67,0x59,0x71,0x07,0x47,0x70,0x56,0x65,0xd7,0x75,0x57,
    0x54,0x54,0x19,0x65,0xd7,0x5d,0x14,0x11,0x44,0x04,0xbc,0xf4,0xcf,0x38,0xd3,0xc4,
    0xb8,0x4f,0x4c,0xc1,0x65,0x14,0x55,0x40,0x15,0x75,0x56,0x55,0x55,0x55,0xd4,0x45,
    0x99,0x65,0xb5,0x96,0x44,0x01,0x55,0x55,0x9d,0x55,0x59,0x00,0x14,0x44,0x46,0x46,
    0x45,0x11,0x11,0x74,0x5c,0x51,0x96,0x40,0x00,0x00,0x00,0x00,0x00,0x59,0x5d,0x9d,
    0x95,0x97,0x75,0x65,0x75,0x57,0x56,0x76,0x57,0x55,0x9d,0x54,0x55,0x50,0x05,0x56,
    0x55,0x65,0x50,0x15,0x41,0x45,0x15,0x99,0x64,0x44,0x44,0x44,0x50,0x02,0x55,0x55,
    0x51,0x55,0x65,0x55,0x55,0x95,0x55,0x60,0x00,0x15,0x05,0x65,0x65,0x15,0x15,0x05,
    0x44,0x44,0x54,0x54,0x44,0x45,0x11,0x51,0x45,0x10,0x00,0x00,0x00,0x00,0x00,0x00,
    0x50,0x00,0x00,0x00,0x00,0x00,0x00,0x00,0x00,0x00,0x00,0x5d,0x46,0x45,0x00,0x00,
    0x00,0x00,0x00,0x00,0x00,0x00,0x00,0x00,0x75,0x59,0x55,0x50,0xf0,0x00,0x00,0x66,
    0x9e,0x66,0x61,0xb6,0x41,0x5c,0x0d,0x81,0x55,0x45,0x45,0x55,0xdd,0x57,0x55,0xd5,
    0x42,0x40,0x59,0xd6,0x59,0x95,0x91,0x50,0x41,0xd3,0x41,0x67,0x5d,0x75,0x99,0x19,
    0xd9,0x75,0x07,0x77,0x51,0xd1,0xb4,0x14,0x45,0x0c,0xd3,0x4f,0x23,0x8d,0x3c,0x73,
    0xcf,0x34,0xf2,0x31,0x5d,0x50,0x67,0x50,0x56,0x55,0x65,0xdd,0xd7,0x65,0x58,0x5d,
    0x16,0x51,0x59,0x15,0x54,0x00,0x5d,0x75,0x55,0x66,0x55,0x00,0x45,0x11,0x16,0x66,
    0x51,0x14,0x41,0x45,0x75,0x94,0x45,0x50,0x00,0x00,0x00,0x00,0x00,0x55,0xd5,0x55,
    0x75,0x75,0x59,0x5d,0x57,0x55,0x75,0x55,0xd5,0x9d,0x55,0x95,0x96,0x00,0x55,0x65,
    0xd9,0x55,0x94,0x05,0xc1,0x11,0x11,0x16,0x64,0x51,0x11,0x11,0x10,0x01,0x5d,0x65,
    0x15,0x59,0x55,0xd7,0x59,0x55,0x96,0x50,0x00,0x15,0x01,0x57,0x51,0x5d,0x61,0x01,
    0x11,0x45,0x11,0x11,0x51,0x44,0x54,0x44,0x51,0x50,0x00,0x00,0x00,0x00,0x00,0x01,
    0x40,0x00,0x00,0x00,0x00,0x00,0x00,0x00,0x00,0x00,0x00,0x55,0x55,0x55,0x00,0x00,
    0x00,0x00,0x00,0x00,0x00,0x00,0x00,0x00,0x00,0x00,0xcc,0x30,0x00,0x01,0x05,0x99,
    0xe6,0xe9,0x26,0x9a,0x81,0x55,0x01,0x41,0xb6,0x5d,0x05,0x9d,0x55,0x75,0x5d,0x51,
    0x00,0x04,0x15,0x99,0x94,0x64,0x56,0x58,0x40,0x75,0x01,0x75,0xd6,0x51,0x45,0x9d,
    0x5d,0x5d,0x01,0x45,0x19,0x19,0xd0,0x11,0x10,0x21,0x3c,0xc8,0xf4,0xd3,0xc7,0x3b,
    0x71,0xcf,0x2c,0x41,0x55,0x52,0x55,0x50,0x55,0x75,0xd5,0x55,0x59,0x51,0x54,0x14,
    0x59,0x16,0x65,0x64,0x64,0x01,0x55,0x56,0x51,0x55,0x15,0x00,0x11,0x14,0x45,0x91,
    0x11,0x45,0x05,0xd7,0x51,0x19,0x5d,0x10,0x00,0x00,0x00,0x00,0x01,0x65,0x67,0x74,
    0x59,0x59,0x97,0x56,0x45,0x9d,0x59,0x1d,0x65,0x56,0x45,0x19,0x50,0x05,0x59,0xd5,
    0x57,0x75,0x75,0x41,0x41,0x45,0x11,0x51,0x45,0x11,0x45,0x14,0x50,0x01,0x55,0x55,
    0x55,0x95,0x75,0x55,0x55,0x15,0x75,0x50,0x00,0x15,0x01,0x75,0x55,0x95,0x95,0x01,
    0x54,0x51,0x45,0x44,0x44,0x51,0x11,0x55,0x14,0x40,0x00,0x00,0x00,0x00,0x00,0x01,
    0x40,0x00,0x00,0x00,0x00,0x01,0x00,0x00,0x00,0x00,0x00,0x59,0xd9,0xd4,0x00,0x00,
    0x00,0x00,0x00,0x00,0x00,0x00,0x00,0x00,0x40,0x00,0x00,0x00,0x01,0x16,0x06,0xae,
    0x69,0x92,0x69,0x86,0x41,0x95,0x40,0x01,0x55,0xd5,0x05,0x55,0x54,0x55,0xd5,0x57,
    0x04,0x14,0x19,0x45,0x19,0x5d,0x65,0x14,0x14,0x0c,0x15,0x95,0x45,0x15,0x5d,0x55,
    0xd7,0x65,0x60,0x5d,0xb7,0x77,0x50,0x44,0x44,0x0c,0xc7,0xb1,0xcf,0x3c,0x73,0x80,
    0x07,0x2c,0x4f,0xc0,0x5d,0x41,0x75,0x65,0x67,0x55,0x5d,0x75,0x95,0xd5,0xd4,0x91,
    0x65,0x65,0xd1,0x45,0x54,0x03,0x59,0x95,0x15,0x91,0x55,0x00,0x14,0x44,0x59,0x16,
    0x44,0x44,0x06,0x45,0x15,0x74,0x46,0x50,0x00,0x00,0x00,0x00,0x05,0x5d,0x55,0x55,
    0x97,0x57,0x55,0x9d,0x59,0x56,0x75,0x56,0x51,0xd4,0x56,0x55,0x40,0x55,0x95,0x5d,
    0x95,0x59,0xd5,0x52,0x41,0x11,0x14,0x46,0x51,0x14,0x44,0x44,0x44,0x00,0x56,0x59,
    0x59,0x57,0x55,0x96,0x51,0x59,0x55,0x50,0x00,0x15,0x01,0x56,0x75,0x75,0xdd,0x04,
    0x44,0x44,0x51,0x15,0x15,0x15,0x44,0x41,0x45,0x40,0x00,0x00,0x00,0x00,0x00,0x01,
    0x40,0x00,0x00,0x00,0x00,0x15,0x50,0x00,0x00,0x00,0x00,0x55,0x55,0x54,0x00,0x00,
    0x00,0x00,0x00,0x00,0x00,0x00,0x00,0x00,0x66,0x64,0x44,0x40,0x41,0x67,0x06,0x66,
    0x92,0x66,0x9b,0x69,0x01,0x5d,0x50,0x09,0x75,0x46,0x05,0xd7,0x75,0x59,0x54,0x45,
    0x01,0x25,0x27,0x59,0x56,0x75,0x91,0x65,0x05,0x00,0x5d,0x74,0x59,0x58,0x56,0xdd,
    0x65,0x14,0x5c,0x05,0x14,0x51,0x10,0x45,0x14,0x13,0x23,0x1c,0xd1,0xc7,0x38,0x01,
    0x03,0xc7,0xf1,0x04,0x55,0x41,0x54,0x15,0xd5,0x5d,0x95,0x54,0x5d,0x59,0x5c,0x16,
    0x74,0x5d,0x56,0x59,0x14,0x01,0x55,0x51,0x55,0x55,0x65,0x00,0x11,0x11,0x11,0x65,
    0x14,0x44,0x14,0x59,0x92,0x51,0x59,0x14,0x00,0x00,0x00,0x00,0x05,0x96,0x76,0x66,
    0x55,0x91,0x75,0xd5,0x95,0xd7,0x57,0x65,0x15,0x65,0x65,0x75,0x05,0x59,0x76,0x55,
    0x76,0x75,0x59,0x95,0x41,0x44,0x44,0x55,0x91,0x44,0x51,0x11,0x10,0x01,0x55,0x55,
    0x95,0x55,0x59,0x55,0x55,0x55,0xd5,0x60,0x00,0x15,0x41,0x65,0x59,0x59,0x45,0x01,
    0x45,0x15,0x14,0x51,0x44,0x44,0x55,0x14,0x44,0x40,0x00,0x00,0x00,0x00,0x00,0x05,
    0x00,0x00,0x00,0x00,0x00,0x55,0x54,0x00,0x00,0x00,0x00,0x5d,0x9d,0xd8,0x00,0x00,
    0x00,0x00,0x00,0x00,0x00,0x00,0x00,0x00,0x6b,0xb6,0x65,0x81,0x40,0x98,0x1a,0xd9,
    0x26,0xa9,0xe6,0x9a,0x41,0x55,0x97,0x05,0x59,0xd4,0x35,0x55,0x55,0x94,0x76,0x5b,
    0x00,0x55,0x05,0x96,0x77,0x59,0x16,0x59,0xc1,0x55,0x65,0xd5,0x97,0x50,0x19,0x56,
    0x45,0x77,0x74,0x01,0x75,0xd9,0x71,0x11,0x11,0x31,0x3d,0x33,0xcf,0x23,0xc0,0x56,
    0x40,0x73,0x13,0x14,0x65,0x85,0x50,0x54,0x17,0x55,0x47,0x65,0x55,0x15,0xd4,0x51,
    0x15,0x96,0x65,0x95,0x64,0x00,0x59,0x15,0x66,0x59,0x55,0x00,0x14,0x51,0x46,0x66,
    0x44,0x50,0x15,0xd1,0x15,0x16,0x45,0x75,0x00,0x00,0x00,0x00,0x15,0x75,0x57,0x51,
    0x75,0x55,0x59,0x59,0x75,0x65,0x65,0x5d,0x59,0x5d,0x5d,0x54,0x16,0x57,0x55,0xd9,
    0xd5,0x56,0x57,0x57,0x50,0x45,0x14,0x46,0x44,0x44,0x44,0x51,0x50,0x01,0x59,0x15,
    0x57,0x59,0x55,0x75,0xd6,0x5d,0x56,0x50,0x00,0x15,0x01,0x5d,0x97,0x57,0x59,0x41,
    0x51,0x44,0x45,0x14,0x51,0x51,0x11,0x45,0x15,0x00,0x00,0x00,0x00,0x00,0x00,0x05,
    0x00,0x00,0x00,0x00,0x01,0x56,0x55,0x00,0x00,0x00,0x00,0x55,0x55,0x50,0x00,0x00,
    0x00,0x00,0x00,0x00,0x00,0x00,0x00,0x02,0x76,0x66,0x69,0x05,0x50,0x64,0x19,0xaa,
    0x69,0xde,0x69,0xb6,0x80,0x09,0x55,0x56,0x5d,0x67,0x15,0x9d,0x67,0x45,0x65,0xc0,
    0x40,0x1d,0x05,0x65,0x95,0x95,0x59,0x75,0x41,0x59,0xd7,0x59,0xdd,0x40,0x35,0xdd,
    0x5d,0x91,0x94,0x10,0xd9,0x1d,0x41,0x14,0x44,0x33,0x13,0xf4,0x72,0xf4,0x41,0x44,
    0x54,0x38,0xbc,0x16,0x5d,0x06,0x51,0x50,0x55,0x64,0x55,0x57,0x75,0x5d,0x50,0x75,
    0x66,0x65,0x19,0x18,0x54,0x01,0x55,0x56,0x55,0xd5,0xd5,0x00,0x11,0x14,0x45,0x91,
    0x11,0x10,0x5d,0x55,0x61,0x64,0x5d,0x19,0x40,0x00,0x00,0x00,0x59,0x57,0x75,0x55,
    0x57,0x75,0x95,0x45,0x5d,0x45,0x14,0x55,0x97,0x56,0x75,0x60,0x59,0xd5,0x65,0x5d,
    0x59,0xd7,0x75,0x75,0x50,0x51,0x44,0x56,0x51,0x45,0x11,0x14,0x10,0x01,0x55,0x59,
    0xd5,0x55,0x97,0x55,0x55,0x55,0x65,0x50,0x00,0x15,0x42,0x55,0x45,0x95,0x91,0x01,
    0x14,0x51,0x51,0x44,0x45,0x14,0x44,0x51,0x44,0x00,0x00,0x00,0x00,0x00,0x00,0x15,
    0x00,0x00,0x00,0x00,0x05,0x65,0xd5,0x40,0x00,0x00,0x01,0x59,0xd9,0x90,0x00,0x00,
    0x00,0x00,0x00,0x00,0x00,0x00,0x00,0x00,0x61,0x1a,0xd4,0x05,0x50,0x98,0x26,0x76,
    0x9e,0x9a,0x92,0x69,0x90,0x00,0x15,0x95,0xd5,0x14,0x15,0x54,0x45,0x5d,0x44,0x00,
    0x10,0x55,0x84,0x45,0xd8,0x44,0x65,0x95,0x50,0x95,0x75,0x45,0x55,0x03,0x05,0x54,
    0x57,0x46,0x1d,0x10,0x07,0x57,0x41,0x01,0x14,0x13,0x3c,0x00,0x00,0x03,0x04,0x99,
    0x85,0x0d,0x30,0x15,0xd5,0x05,0x41,0x41,0x59,0x45,0x56,0x75,0x57,0x55,0x54,0x51,
    0x15,0x46,0x55,0x55,0x64,0x02,0x5d,0x65,0x5d,0x55,0x59,0x00,0x14,0x44,0x45,0x14,
    0x51,0x40,0x51,0x12,0x57,0x45,0xd1,0x51,0x10,0x00,0x00,0x01,0x57,0x65,0x55,0x90,
    0x00,0x00,0x01,0x55,0xd6,0x56,0x55,0x9d,0x75,0x9d,0x56,0x41,0x75,0x5d,0x5d,0xd5,
    0x94,0x55,0x56,0x56,0x50,0x44,0x45,0x11,0x44,0x44,0x45,0x11,0x50,0x00,0x5d,0x55,
    0x56,0x5d,0x55,0x59,0x66,0x59,0x55,0x50,0x00,0x15,0x40,0x59,0x55,0x75,0x15,0xc1,
    0x45,0x14,0x44,0x51,0x51,0x11,0x54,0x44,0x54,0x00,0x00,0x00,0x00,0x00,0x00,0x15,
    0x00,0x00,0x00,0x00,0x05,0x5d,0x59,0x40,0x00,0x00,0x01,0x5d,0x54,0x50,0x00,0x00,
    0x00,0x00,0x00,0x40,0x00,0x00,0x00,0x00,0x66,0xa6,0x68,0x15,0x90,0x64,0x1b,0x98,
    0x69,0xa4,0x6a,0x92,0x66,0x00,0x05,0x5d,0x59,0x64,0x18,0x75,0x9d,0xd4,0x00,0x1d,
    0x01,0x9d,0x40,0x00,0x00,0x00,0x00,0x00,0x54,0x17,0x54,0x59,0xd8,0x04,0x01,0xb5,
    0xb5,0x17,0x54,0x05,0x00,0x21,0x04,0x41,0x44,0x32,0x30,0x13,0x31,0x30,0x08,0x61,
    0x59,0x0c,0xd0,0x59,0x54,0x15,0x05,0x05,0x75,0x55,0x57,0x55,0x95,0x9d,0x90,0x46,
    0x5b,0x55,0x91,0xb6,0x54,0x00,0x55,0x55,0xd5,0x66,0x55,0x00,0x11,0x11,0x11,0x65,
    0x11,0x11,0x65,0x94,0x45,0x17,0x56,0x14,0x14,0x00,0x00,0x15,0x65,0x5d,0x60,0x00,
    0x01,0x20,0x00,0x01,0x55,0xd5,0xd9,0x56,0x55,0xd5,0x15,0x05,0x57,0x56,0x55,0x59,
    0x45,0x67,0x65,0x75,0x90,0x44,0x51,0x15,0x45,0x11,0x44,0x44,0x10,0x01,0x55,0x65,
    0x65,0x55,0x65,0x95,0x55,0xd5,0x75,0x60,0x00,0x14,0x41,0x57,0x67,0x59,0x75,0x04,
    0x51,0x11,0x55,0x14,0x45,0x44,0x45,0x15,0x10,0x00,0x00,0x00,0x00,0x00,0x00,0x15,
    0x00,0x00,0x00,0x00,0x15,0xd5,0x75,0x50,0x00,0x00,0x01,0x65,0x45,0x50,0x00,0x00,
    0x00,0x00,0x01,0x50,0x00,0x00,0x00,0x02,0x78,0x6d,0x90,0x15,0x70,0x64,0x26,0x69,
    0xa7,0x4a,0x99,0xe6,0x98,0x14,0x01,0x65,0x97,0x50,0x95,0xd1,0x55,0x00,0x0d,0xdd,
    0x41,0x75,0x95,0x90,0x45,0x50,0x80,0x00,0x00,0x0d,0x65,0x9d,0x50,0x01,0x01,0x56,
    0x51,0x9d,0x1d,0x11,0x10,0x00,0x04,0x40,0x44,0x23,0x40,0x3e,0x1f,0xdf,0x11,0x14,
    0x86,0x07,0x30,0x55,0xd5,0x14,0x14,0x15,0x57,0x50,0x05,0x5d,0x45,0x55,0x50,0x64,
    0x65,0x99,0x16,0x54,0x44,0x01,0x56,0x5d,0x56,0x55,0x75,0x00,0x14,0x51,0x45,0x91,
    0x14,0x41,0x11,0x15,0xd9,0x64,0x45,0x74,0x15,0x40,0x01,0x56,0x5d,0x95,0x00,0x15,
    0x55,0x55,0x55,0x30,0x25,0x65,0x57,0x75,0x1d,0x51,0x59,0x06,0x75,0x65,0xd9,0x94,
    0x55,0x95,0x51,0x55,0x54,0x14,0x44,0x46,0x11,0x44,0x45,0x11,0x50,0x01,0x56,0x57,
    0x55,0xd6,0x55,0x57,0x5d,0x56,0x56,0x50,0x00,0x15,0x40,0x65,0x55,0x95,0x45,0x41,
    0x45,0x45,0x04,0x45,0x11,0x15,0x11,0x44,0x50,0x00,0x00,0x00,0x00,0x00,0x00,0x55,
    0x00,0x00,0x00,0x00,0x56,0x56,0x56,0x54,0x00,0x00,0x01,0x57,0x56,0x54,0x00,0x00,
    0x00,0x00,0x05,0x58,0x00,0x00,0x00,0x03,0x66,0x9a,0x60,0x56,0x50,0x68,0x1a,0x9b,
    0x6a,0x99,0xb6,0x9b,0x64,0x15,0x00,0x55,0x75,0x70,0x74,0x56,0xd0,0x01,0xd7,0x44,
    0x55,0x55,0x75,0xd5,0x56,0x50,0x55,0x64,0x40,0x00,0x01,0x55,0x80,0x40,0x10,0x5d,
    0xd9,0xd1,0x74,0x04,0x45,0x11,0x11,0x14,0x50,0x33,0x34,0x04,0xf2,0x0c,0x12,0x65,
    0x51,0x0c,0x40,0x5d,0x55,0x07,0x54,0x59,0xd5,0x40,0xc1,0x55,0x59,0xd1,0x71,0x45,
    0x5d,0x45,0x65,0xd5,0x54,0x01,0x65,0x55,0x95,0x75,0x55,0x00,0x11,0x11,0x11,0x64,
    0x45,0x05,0x55,0x74,0x51,0x15,0x64,0x50,0x56,0x55,0x55,0x65,0xd5,0x50,0x05,0x56,
    0x59,0x59,0x55,0x55,0x06,0x5d,0xd5,0x59,0x55,0x95,0x97,0x15,0x56,0x5d,0x54,0x55,
    0x67,0x5d,0x15,0xd8,0x54,0x11,0x11,0x15,0x44,0x51,0x15,0x55,0x10,0x01,0x65,0x55,
    0x55,0x55,0x5d,0x75,0x55,0x55,0x55,0x50,0x00,0x15,0x40,0x57,0x75,0x47,0x59,0x01,
    0x11,0x11,0x51,0x51,0x54,0x51,0x51,0x14,0x50,0x00,0x00,0x00,0x00,0x00,0x00,0x55,
    0x40,0x00,0x00,0x05,0x55,0x75,0x45,0x64,0x00,0x00,0x05,0x75,0x65,0x5c,0x00,0x00,
    0x00,0x00,0x15,0x94,0x00,0x00,0x00,0x00,0x49,0x99,0x80,0x55,0x42,0x64,0xe6,0x79,
    0xb6,0x6b,0x68,0x69,0xa0,0x14,0x50,0x17,0x56,0x40,0x55,0x60,0x00,0x77,0x74,0x77,
    0x0d,0x10,0x59,0x59,0xd9,0xd0,0x42,0x11,0x15,0x90,0x00,0x05,0x01,0x04,0x00,0x54,
    0x74,0x5b,0x66,0x11,0x11,0x44,0x45,0x11,0x14,0x11,0x0f,0x43,0x4c,0xd1,0x04,0x44,
    0x99,0x07,0x00,0x51,0x75,0x41,0x59,0x55,0x59,0x07,0x41,0x67,0x5d,0x55,0x41,0x91,
    0xd6,0x59,0xd9,0x46,0x64,0x00,0x57,0x65,0x59,0x54,0x55,0x00,0x14,0x44,0x44,0x45,
    0x11,0x07,0x47,0x45,0x95,0x74,0x45,0x10,0x59,0x55,0x96,0x5d,0x55,0x00,0x55,0x95,
    0xd7,0x57,0x66,0x59,0x55,0xd5,0x67,0x57,0x59,0x75,0x75,0x57,0x65,0x15,0x95,0x76,
    0x55,0x55,0x59,0x55,0x74,0x14,0x51,0x40,0x51,0x11,0x59,0x19,0x44,0x00,0x55,0xd6,
    0x5d,0x65,0xd5,0x55,0x96,0x67,0x51,0x50,0x00,0x15,0x50,0x55,0x59,0x55,0x91,0x41,
    0x54,0x54,0x44,0x44,0x45,0x14,0x45,0x45,0x40,0x00,0x00,0x00,0x00,0x00,0x01,0x59,
    0x40,0x00,0x00,0x15,0x9d,0x59,0x57,0x55,0x00,0x00,0x05,0x56,0x5d,0xd4,0x00,0x00,
    0x00,0x03,0x55,0x55,0x00,0x00,0x00,0x00,0x59,0x90,0x01,0x5d,0x42,0x79,0x9b,0x9a,
    0x68,0x99,0xa6,0x92,0x50,0x50,0x64,0x05,0x65,0x01,0x5c,0x00,0x1d,0xdd,0x1d,0xd1,
    0x40,0x00,0x17,0x75,0x65,0x50,0x91,0x11,0x21,0x15,0x51,0x00,0x04,0x00,0x44,0x19,
    0x45,0xdd,0x14,0x04,0x44,0x45,0x11,0x14,0x41,0x33,0x30,0xc3,0x37,0x30,0x21,0x19,
    0x11,0x0c,0xd2,0x51,0x56,0x50,0x55,0xdd,0x94,0x37,0x72,0x55,0x95,0x76,0x41,0x16,
    0x65,0x16,0x54,0x59,0x14,0x01,0x55,0x54,0x57,0x55,0x65,0x00,0x11,0x45,0x11,0x11,
    0x44,0x14,0x64,0x59,0x11,0xd1,0x5d,0x51,0x65,0xd9,0x5d,0x75,0x94,0x05,0x59,0x76,
    0x55,0x9d,0x5d,0x75,0x65,0x51,0x51,0x45,0x74,0x57,0x55,0x65,0x51,0x59,0x47,0x55,
    0xdd,0x9d,0x97,0x67,0x55,0x04,0x44,0x55,0x14,0x45,0x91,0x54,0x50,0x01,0x55,0x55,
    0x55,0x55,0x55,0x95,0x55,0x55,0x55,0x50,0x00,0x15,0x40,0x59,0x94,0x65,0xd5,0x01,
    0x11,0x11,0x55,0x15,0x11,0x44,0x51,0x11,0x00,0x00,0x00,0x00,0x00,0x00,0x01,0x57,
    0x50,0x00,0x00,0x59,0x56,0x57,0x65,0x75,0x00,0x00,0x16,0x75,0x15,0x55,0x00,0x00,
    0x00,0x05,0x59,0xd9,0x40,0x00,0x00,0x00,0x20,0x00,0x05,0x65,0x01,0x99,0xa6,0x61,
    0x86,0x7a,0x19,0xe6,0xa0,0x61,0x90,0x00,0x54,0x05,0xc0,0x35,0xdd,0x11,0xd1,0x1d,
    0x56,0x19,0x05,0x54,0x5d,0xd0,0x44,0x48,0x44,0x42,0x24,0x60,0x10,0x44,0x00,0x07,
    0x5d,0x14,0x74,0x14,0x51,0x44,0x44,0x45,0x00,0x08,0xd2,0x01,0xcc,0x43,0x04,0x86,
    0x45,0x38,0x10,0x52,0x5d,0x54,0x15,0x55,0x54,0x1c,0x71,0x75,0x45,0x55,0x45,0x74,
    0x51,0x65,0x19,0x95,0x54,0x00,0x59,0x45,0x65,0x66,0x55,0x00,0x14,0x44,0x51,0x44,
    0x44,0x15,0x91,0x45,0xd7,0x56,0x14,0x41,0x5d,0x57,0x55,0x95,0x50,0x95,0x97,0x55,
    0xd9,0x55,0x95,0x57,0x5d,0x96,0x55,0x96,0x55,0x65,0x99,0xd7,0x55,0x55,0x55,0x9d,
    0x55,0x55,0x75,0x55,0x65,0x04,0x51,0x11,0x11,0x16,0x59,0x91,0x10,0x01,0x5d,0x65,
    0xd6,0x59,0x59,0x59,0x45,0x45,0x96,0x50,0x00,0x55,0x50,0x57,0x55,0x75,0x46,0x41,
    0x45,0x44,0x41,0x44,0x54,0x45,0x14,0x55,0x00,0x00,0x00,0x00,0x00,0x00,0x01,0x75,
    0x58,0x00,0x05,0x55,0xd5,0xd5,0x5d,0x55,0x40,0x00,0x55,0x59,0x56,0x65,0x40,0x00,
    0x00,0x15,0x95,0x55,0x50,0x00,0x00,0x14,0x00,0x01,0x55,0x54,0x09,0xaa,0x79,0x26,
    0x9a,0x99,0xae,0x69,0x81,0x41,0x41,0x60,0x00,0x16,0x01,0x5d,0x11,0xdd,0xdd,0xdd,
    0x65,0x55,0x40,0x65,0x95,0x50,0x92,0x11,0x11,0x24,0x44,0x40,0x40,0x00,0x44,0x05,
    0xd9,0xb5,0x94,0x11,0x14,0x11,0x45,0x11,0x05,0x31,0x33,0xc3,0x80,0x0b,0x06,0x11,
    0x14,0x0d,0x14,0x51,0x55,0xd4,0x17,0x67,0x50,0x77,0x41,0x54,0x57,0x45,0x08,0x45,
    0x66,0x5d,0x65,0x74,0x64,0x01,0x55,0x56,0x55,0x55,0x75,0x00,0x11,0x11,0x11,0x11,
    0x10,0x74,0x57,0x58,0x19,0x11,0x65,0x81,0x95,0x95,0x9d,0x5d,0x41,0x59,0x75,0x65,
    0x57,0x75,0x77,0x65,0x55,0x75,0xd9,0x75,0xd9,0xd5,0x45,0x55,0x96,0x77,0x56,0x55,
    0x99,0xdd,0x96,0x76,0x55,0x41,0x11,0x11,0x11,0x45,0x19,0x64,0x50,0x00,0x55,0x55,
    0x55,0x55,0xd5,0x55,0x56,0x55,0x55,0x50,0x00,0x15,0x50,0x95,0x46,0x56,0x5d,0x01,
    0x11,0x15,0x14,0x51,0x11,0x51,0x45,0x11,0x00,0x00,0x00,0x00,0x00,0x00,0x05,0x56,
    0x55,0x47,0x55,0x5d,0x55,0x5d,0x95,0x99,0x60,0x01,0x59,0xd5,0xd5,0x5d,0x50,0x00,
    0x01,0x59,0x76,0x67,0x54,0x00,0x00,0x14,0x15,0x55,0x59,0x70,0x1a,0x77,0x9a,0x6a,
    0x69,0xe8,0x66,0x92,0x41,0xc5,0x05,0x50,0x00,0x54,0x17,0xd1,0xdd,0xd1,0xc7,0x44,
    0x59,0x9d,0x58,0x17,0x74,0x64,0x11,0x11,0x12,0x44,0x44,0x41,0x04,0x44,0x01,0x01,
    0x47,0x51,0xdc,0x11,0x11,0x04,0x51,0x14,0x44,0x0c,0xcc,0x40,0x04,0xdc,0x40,0x46,
    0x40,0xd3,0x04,0x10,0x5d,0x54,0x15,0x55,0x43,0x4d,0x31,0x75,0x55,0x55,0x05,0x59,
    0x95,0x96,0x5d,0x95,0x94,0x02,0x5d,0x95,0x5d,0x91,0x55,0x00,0x14,0x51,0x11,0x14,
    0x50,0x51,0xd1,0x90,0x51,0x66,0x47,0x45,0x75,0xdd,0x56,0x75,0x05,0xd7,0x56,0x5d,
    0xd5,0x59,0xd5,0x5d,0x9d,0x55,0x57,0x55,0x55,0x51,0x57,0x65,0x40,0x00,0x05,0x5d,
    0x5d,0x55,0x51,0x55,0x1d,0x41,0x14,0x51,0x44,0x59,0x94,0x44,0x44,0x01,0x56,0x5d,
    0x65,0xd5,0x56,0x45,0x95,0x59,0x75,0x60,0x00,0x55,0x50,0x5d,0x59,0x75,0xd5,0x41,
    0x54,0x51,0x45,0x15,0x44,0x44,0x51,0x14,0x00,0x00,0x00,0x00,0x00,0x00,0x05,0x95,
    0xd5,0x55,0x52,0x00,0x01,0x55,0x75,0x57,0x55,0x55,0x55,0x5d,0x59,0xd5,0x95,0x44,
    0x45,0x95,0x55,0xd5,0x55,0x40,0x01,0x54,0x05,0x59,0xd7,0x40,0x9b,0x69,0xa4,0x9b,
    0x9e,0x66,0x98,0x69,0x81,0x14,0x36,0xc1,0x35,0x60,0x77,0x47,0x74,0x77,0x74,0x77,
    0x91,0x59,0x95,0x05,0x56,0x54,0x24,0x44,0x44,0x44,0x46,0x04,0x10,0x00,0x40,0x40,
    0x64,0x77,0x44,0x14,0x44,0x11,0x11,0x44,0x00,0x21,0x34,0xc0,0xce,0xcf,0xf0,0x10,
    0x00,0x32,0xc0,0x11,0x55,0x58,0x59,0xd7,0x41,0xd1,0xc1,0x55,0xdd,0x94,0x14,0x85,
    0x76,0x45,0x94,0x59,0x44,0x01,0x55,0x5d,0x55,0x55,0x65,0x00,0x11,0x11,0x45,0x11,
    0x10,0x56,0x54,0x50,0x54,0x51,0x75,0x06,0x56,0x55,0xd7,0x54,0x19,0x55,0x65,0xd5,
    0x67,0x55,0x59,0xd5,0x56,0x46,0x75,0x67,0x47,0x66,0x75,0x54,0x00,0x00,0x00,0xd5,
    0xd5,0x91,0x95,0xd9,0x55,0x50,0x44,0x44,0x44,0x56,0x46,0x45,0x10,0x01,0x55,0x55,
    0x55,0x59,0x65,0x55,0x5d,0x55,0x56,0x50,0x00,0x15,0x50,0x16,0x57,0x55,0x46,0x00,
    0x45,0x14,0x51,0x44,0x54,0x54,0x45,0x45,0x00,0x00,0x00,0x00,0x00,0x00,0x05,0x75,
    0x5d,0x95,0x00,0x00,0x00,0x05,0x54,0x75,0x55,0x56,0x77,0x55,0x97,0x55,0x55,0x55,
    0x55,0x54,0xc0,0x00,0x05,0x55,0x15,0x65,0x05,0x95,0x55,0x41,0x99,0xa4,0x69,0xa6,
    0x69,0x29,0xe9,0xa6,0x4d,0x00,0x14,0x04,0x16,0x73,0x74,0x77,0x47,0x47,0x47,0x77,
    0x56,0x45,0x9d,0x42,0x75,0xd5,0x04,0x49,0x21,0x12,0x10,0x01,0x01,0x10,0x04,0x00,
    0x05,0xd9,0x14,0x44,0x51,0x44,0x44,0x40,0x08,0x0c,0xc3,0x01,0xd3,0x11,0x1c,0x00,
    0x20,0x4c,0x70,0x04,0x64,0x50,0x55,0x55,0x4d,0x37,0x45,0x75,0x55,0x5c,0x9d,0x57,
    0x59,0x59,0x19,0x64,0x54,0x00,0x59,0x55,0x99,0x16,0x55,0x00,0x14,0x44,0x44,0x44,
    0x41,0x44,0x45,0x41,0x75,0xd4,0x51,0x05,0x75,0x75,0x65,0x50,0x97,0x67,0x5d,0x59,
    0x55,0x9d,0x15,0x64,0x75,0x57,0x56,0x45,0x59,0x57,0x56,0x40,0x00,0x00,0x00,0x05,
    0x59,0x55,0x75,0x57,0x59,0x94,0x14,0x45,0x15,0x19,0x65,0x44,0x50,0x00,0x59,0xd6,
    0x59,0x55,0x55,0x59,0xd5,0x9d,0x65,0x50,0x00,0x55,0x50,0x55,0xd5,0x67,0x59,0x41,
    0x44,0x44,0x44,0x51,0x11,0x11,0x51,0x14,0x00,0x00,0x00,0x00,0x00,0x00,0x15,0x56,
    0x55,0x50,0x00,0x44,0x40,0x02,0x59,0x56,0x76,0x75,0x55,0x91,0x75,0x64,0x67,0x66,
    0x59,0x40,0x00,0x00,0x00,0x55,0x56,0x55,0x09,0x77,0x65,0x01,0xb6,0x1a,0x9e,0x79,
    0x26,0x9e,0x67,0x9e,0x80,0x00,0x10,0x14,0x1d,0x41,0xd1,0xd1,0xdd,0xdd,0x1d,0x11,
    0x75,0xd6,0x56,0x50,0x56,0x75,0x04,0x92,0x44,0x44,0x60,0x50,0x10,0x01,0x00,0x40,
    0x40,0x51,0x60,0x11,0x11,0x14,0x51,0x02,0x13,0x04,0xe1,0x03,0x3d,0xfc,0xcd,0xc2,
    0x03,0x2f,0x37,0x80,0x55,0x70,0x5d,0x75,0x87,0x7d,0x01,0x57,0x67,0x50,0x44,0x65,
    0x91,0x9d,0x56,0x45,0x64,0x01,0x55,0x19,0x55,0x55,0x75,0x00,0x11,0x11,0x11,0x15,
    0x01,0x65,0x67,0x46,0x46,0x45,0x14,0x16,0x57,0x59,0x14,0x41,0x55,0x51,0x55,0xd7,
    0x59,0x55,0x59,0x15,0x59,0xd9,0x64,0x56,0x65,0xd5,0x65,0x40,0x00,0x00,0x00,0x01,
    0x54,0x67,0x56,0x75,0x75,0x57,0x04,0x51,0x11,0x51,0x99,0x14,0x44,0x01,0x55,0x55,
    0x54,0x67,0x5d,0x55,0x55,0x55,0x55,0x50,0x00,0x15,0x10,0x19,0x67,0x55,0x91,0xc0,
    0x51,0x51,0x54,0x45,0x15,0x44,0x44,0x50,0x00,0x00,0x00,0x00,0x00,0x00,0x17,0x65,
    0x19,0x00,0x15,0x55,0x56,0x00,0x15,0x95,0x55,0x57,0x65,0x56,0x56,0x55,0x55,0x55,
    0xd4,0x00,0x04,0x5d,0x00,0x05,0x95,0xd9,0x01,0x55,0x54,0x06,0x69,0xa6,0x69,0xa6,
    0x9e,0x69,0x89,0xa9,0x40,0x64,0x70,0x58,0xd5,0x07,0x47,0x77,0x44,0x74,0x77,0x77,
    0x59,0x67,0x45,0x94,0x05,0x59,0x09,0x11,0x11,0x21,0x10,0x01,0x01,0x10,0x10,0x10,
    0x10,0x17,0x5d,0x00,0x51,0x44,0x44,0x40,0x31,0x0c,0xcc,0xc1,0xc8,0xc7,0xe3,0x04,
    0x10,0xc4,0xcc,0xc0,0x55,0x41,0x55,0x59,0x0d,0x11,0xc5,0x75,0x55,0x41,0x55,0x76,
    0x55,0xd5,0x91,0x56,0x54,0x00,0x5d,0x55,0xd7,0x59,0x55,0x00,0x14,0x51,0x45,0x11,
    0x05,0xd1,0xd1,0x07,0x58,0x59,0x64,0x15,0xd5,0x95,0x55,0x41,0x76,0x75,0x9d,0x55,
    0x00,0x04,0x55,0x59,0x94,0x55,0xd5,0x65,0xd4,0x51,0x94,0x00,0x00,0x00,0x00,0x00,
    0x59,0x55,0x67,0x56,0x57,0x75,0x41,0x11,0x44,0x66,0x45,0x11,0x50,0x00,0x55,0x96,
    0x45,0x55,0x55,0x9d,0x59,0x65,0xd7,0x50,0x00,0x15,0x50,0x15,0x55,0x91,0x55,0x41,
    0x14,0x44,0x45,0x11,0x44,0x55,0x15,0x44,0x00,0x00,0x00,0x00,0x00,0x00,0x15,0x51,
    0x54,0x01,0x59,0x65,0x95,0x50,0x05,0x76,0x46,0x75,0x51,0xd5,0x45,0x19,0xd9,0xdd,
    0x50,0x01,0x55,0x55,0x58,0x01,0x5d,0x55,0x41,0x65,0xd0,0x26,0x9e,0x6e,0xd8,0x6e,
    0x6a,0x18,0x9a,0xd2,0x91,0x9c,0x05,0x50,0x58,0x34,0x77,0x44,0x77,0x47,0x74,0x74,
    0x91,0x95,0x59,0x75,0x01,0x65,0x04,0x44,0x44,0x44,0x41,0x40,0x10,0x01,0x01,0x01,
    0x05,0x0d,0x17,0x60,0x04,0x45,0x11,0x10,0x00,0x01,0x13,0x83,0x8c,0x73,0x34,0x3c,
    0x33,0x4c,0x71,0xc4,0x17,0x05,0x67,0x55,0x04,0xdd,0xc5,0x56,0x45,0x41,0x12,0x54,
    0x66,0x59,0x16,0x64,0x54,0x01,0x55,0x65,0x55,0x57,0x55,0x00,0x11,0x11,0x11,0x11,
    0x05,0x65,0x15,0x05,0x15,0x11,0x14,0xd5,0x65,0x46,0x75,0x05,0x94,0x55,0x55,0x60,
    0x00,0x00,0x25,0xd7,0x55,0x67,0x5d,0x75,0x75,0x65,0x54,0x00,0x00,0x00,0x00,0x00,
    0x15,0xdd,0x95,0x45,0x45,0x55,0x50,0x14,0x45,0x65,0x99,0x44,0x10,0x01,0x59,0x55,
    0x55,0x55,0x95,0x55,0x55,0xd5,0x55,0x50,0x00,0x14,0x50,0x17,0x75,0x15,0xdd,0x01,
    0x45,0x15,0x11,0x54,0x51,0x11,0x11,0x00,0x00,0x00,0x00,0x00,0x00,0x00,0x16,0x55,
    0x50,0x05,0x97,0x5d,0x5d,0x54,0x03,0x55,0x55,0x56,0x55,0x67,0x55,0x55,0x55,0x55,
    0x00,0x15,0x59,0x65,0x95,0x00,0x55,0x9d,0x41,0x5d,0x50,0x19,0xe6,0x99,0xa6,0x99,
    0x26,0x69,0xa6,0x66,0xdb,0x44,0x00,0x00,0x74,0x1d,0xd1,0xdd,0xdd,0xdd,0x1d,0xc7,
    0x55,0x46,0x97,0x59,0x50,0x15,0x04,0x84,0x84,0x91,0x04,0x04,0x01,0x10,0x10,0x10,
    0x04,0x42,0x74,0x55,0x01,0x11,0x14,0x45,0x00,0x0c,0xcc,0x01,0xf7,0x38,0x70,0xd0,
    0xc0,0xcf,0x2c,0x41,0x00,0x55,0x55,0x75,0x4d,0xdc,0x41,0x75,0x55,0x05,0x95,0x19,
    0x51,0x45,0x65,0xd5,0x94,0x02,0x56,0x57,0x65,0x95,0x65,0x00,0x14,0x44,0x44,0x44,
    0x17,0x47,0x58,0x16,0x45,0x56,0x50,0x59,0xd4,0x55,0x54,0x15,0x55,0x67,0x75,0x00,
    0x00,0x00,0x01,0x55,0x76,0x75,0x56,0x57,0x56,0x5d,0xd0,0x00,0x00,0x00,0x00,0x00,
    0x05,0x55,0x45,0x97,0x56,0x64,0x54,0x04,0x44,0x51,0x59,0x15,0x44,0x00,0x55,0x75,
    0x59,0x65,0x59,0x16,0x65,0x56,0x65,0x60,0x00,0x15,0x50,0x15,0x59,0x59,0x66,0x40,
    0x51,0x44,0x54,0x44,0x45,0x11,0x50,0x00,0x55,0x55,0x00,0x00,0x00,0x00,0x55,0xdd,
    0x40,0x55,0x75,0x55,0xd5,0x95,0x40,0x59,0xd9,0xd5,0x19,0x75,0x67,0x67,0x77,0x54,
    0x01,0x56,0x57,0x5d,0x55,0x50,0x19,0x55,0x40,0x55,0x40,0x66,0x69,0x26,0x1a,0xea,
    0x6e,0x9e,0x7a,0x29,0x24,0x90,0x00,0xc0,0x50,0x47,0x47,0x47,0x44,0x77,0x74,0x77,
    0x64,0x65,0x45,0x96,0x54,0x05,0xc4,0x44,0x44,0x44,0x01,0x01,0x10,0x01,0x01,0x01,
    0x01,0x10,0x16,0x47,0x40,0x44,0x44,0x51,0x04,0x43,0x12,0xd0,0xcc,0x4f,0x30,0x40,
    0x41,0x31,0x33,0x05,0x41,0x59,0xdd,0x55,0x07,0x47,0x41,0x54,0x54,0x18,0x46,0x56,
    0x65,0x99,0x99,0x64,0x54,0x00,0x55,0x75,0x54,0x56,0x55,0x00,0x11,0x11,0x11,0x50,
    0x14,0x55,0x14,0x14,0x5d,0x24,0x50,0x57,0x55,0x9d,0xd4,0x19,0xdd,0x55,0x54,0x00,
    0x00,0x00,0x00,0x16,0x57,0x56,0x45,0xd5,0x91,0x75,0x40,0x00,0x00,0x00,0x00,0x00,
    0x05,0x99,0x57,0x55,0x65,0x45,0x65,0x01,0x44,0x66,0x95,0x10,0x50,0x01,0x57,0x56,
    0x55,0x57,0x55,0x55,0x54,0x55,0x54,0x50,0x00,0x15,0x14,0x16,0x57,0x55,0x45,0x01,
    0x11,0x14,0x44,0x45,0x11,0x45,0x00,0x15,0x55,0x55,0x50,0x00,0x00,0x00,0x59,0x55,
    0x01,0x59,0x56,0x75,0x59,0x5d,0x50,0x15,0x55,0x65,0x57,0x56,0x55,0x55,0x55,0x40,
    0x05,0x65,0xd5,0x55,0xd9,0x50,0x25,0xd9,0x60,0x59,0x01,0x9b,0x92,0x69,0xa6,0x64,
    0x99,0xe6,0x99,0x9b,0x61,0x80,0x95,0x51,0x40,0x01,0xdd,0xdd,0x1d,0xd1,0x11,0xd0,
    0x46,0x59,0xd9,0x45,0x99,0x40,0x04,0x49,0x12,0x10,0x10,0x40,0x01,0x10,0x10,0x10,
    0x11,0x84,0x1d,0x1d,0x50,0x14,0x45,0x04,0x43,0x30,0x4c,0x30,0x1f,0xf1,0xc1,0xf0,
    0xe0,0xe3,0x34,0xc6,0x55,0x55,0x55,0x91,0x41,0xf4,0x70,0x55,0x5c,0x15,0xd5,0xd9,
    0xd6,0x54,0x54,0x55,0x94,0x01,0x59,0x55,0x45,0x65,0x55,0x00,0x14,0x55,0x44,0x10,
    0x59,0x84,0x50,0x59,0xd4,0x5d,0xd0,0x65,0x67,0x55,0x50,0x55,0x56,0x76,0x50,0x00,
    0x00,0x00,0x00,0x05,0xd5,0x64,0x56,0x51,0x57,0x56,0x40,0x00,0x00,0x00,0x00,0x00,
    0x01,0x54,0x75,0x67,0x5d,0x56,0x55,0x50,0x45,0x59,0x49,0x45,0x10,0x00,0x55,0x55,
    0x75,0xd5,0x5d,0x59,0x75,0x64,0x55,0x50,0x00,0x15,0x50,0x15,0x95,0x9d,0x5d,0x40,
    0x54,0x45,0x15,0x11,0x54,0x51,0x00,0x55,0x75,0x96,0x55,0x00,0x00,0x00,0x57,0x56,
    0x09,0x75,0xd5,0x59,0x95,0xd5,0x94,0x05,0x9d,0x51,0x9d,0x65,0x1d,0x9d,0x99,0x40,
    0x55,0x5d,0x59,0xd9,0x57,0x57,0x05,0x57,0x50,0x94,0x09,0xa6,0x69,0xae,0x6e,0x49,
    0xaa,0x68,0x62,0x68,0x98,0x09,0x76,0x71,0x04,0x00,0x1d,0x11,0xdd,0x1d,0xdd,0x00,
    0x59,0x64,0x56,0x66,0x75,0x90,0x09,0x11,0x24,0x50,0x44,0x04,0x40,0x01,0x01,0x01,
    0x00,0x51,0x05,0x74,0x64,0x05,0x11,0x01,0x10,0xc0,0xcd,0x33,0x01,0x1c,0x04,0xc8,
    0x30,0xcc,0x4c,0x05,0x71,0x17,0x5d,0x55,0x43,0x47,0xd0,0x59,0x50,0x51,0x46,0x55,
    0x64,0x75,0x9d,0x46,0x44,0x00,0x57,0x59,0x55,0x57,0x45,0x00,0x11,0x11,0x45,0x40,
    0x51,0x56,0x50,0x75,0x45,0x91,0x61,0x5d,0x75,0x67,0x60,0x59,0xd9,0x51,0x40,0x00,
    0x00,0x00,0x00,0x05,0x67,0x55,0x65,0xd6,0x75,0x65,0x40,0x00,0x00,0x00,0x00,0x00,
    0x01,0x75,0x56,0x51,0x56,0x75,0xd6,0x50,0x10,0x59,0x96,0x44,0x44,0x01,0x59,0x65,
    0x55,0x59,0x55,0x55,0x55,0x55,0x65,0x50,0x00,0x14,0x54,0x16,0x75,0x56,0x76,0x41,
    0x11,0x51,0x44,0x54,0x44,0x54,0x05,0x5d,0x59,0x75,0x55,0x00,0x00,0x01,0x55,0x64,
    0x15,0x56,0x51,0xd5,0x55,0x55,0x55,0x01,0x55,0x15,0x55,0x51,0x55,0x45,0x54,0x01,
    0x59,0xd5,0x95,0x56,0x75,0x65,0x01,0x75,0x50,0x10,0x06,0x7a,0x9a,0xd6,0xd9,0xa6,
    0x9d,0x26,0xa6,0xd1,0xb0,0x17,0x51,0x50,0x15,0x70,0x01,0xdd,0xd1,0xd1,0xd0,0x01,
    0x96,0x75,0x99,0xd7,0x59,0x55,0x41,0x21,0x11,0x20,0x40,0x40,0x04,0x40,0x10,0x10,
    0x10,0x11,0x40,0x56,0x45,0x04,0x44,0x44,0x50,0x40,0x8c,0xc4,0xc3,0xc8,0x3f,0x13,
    0x43,0x44,0xce,0x15,0x00,0x01,0x55,0xd7,0x51,0xdd,0x1c,0x35,0x41,0x9d,0x15,0x91,
    0x95,0x59,0x65,0x94,0x54,0x01,0x55,0x54,0x59,0x95,0x55,0x00,0x11,0x56,0x50,0x41,
    0x67,0x44,0x50,0x51,0x19,0x15,0x11,0x95,0x96,0x75,0x41,0x5d,0x57,0x55,0xc0,0x00,
    0x00,0x00,0x00,0x01,0x55,0x9d,0x75,0x67,0x59,0xd1,0x00,0x00,0x00,0x00,0x00,0x00,
    0x00,0x56,0x65,0x15,0x9d,0x55,0x5d,0x55,0x05,0x14,0x65,0x14,0x50,0x00,0x55,0x57,
    0x59,0x55,0x96,0x67,0x59,0x65,0x57,0x50,0x00,0x15,0x50,0x15,0x59,0x19,0x51,0x40,
    0x54,0x44,0x51,0x11,0x14,0x40,0x15,0x56,0x57,0x57,0x65,0x40,0x00,0x01,0x76,0x50,
    0x17,0x65,0xd5,0x54,0x41,0x19,0x5d,0x00,0x5d,0x59,0xd9,0xd5,0x99,0x56,0x50,0x05,
    0x95,0x59,0x77,0x65,0x56,0x55,0x41,0x56,0x50,0x00,0x5a,0x99,0xe6,0x69,0xa2,0x6d,
    0xe6,0x9a,0x79,0xaa,0x40,0x5d,0x17,0x60,0x6d,0x94,0x00,0x74,0x77,0x77,0x00,0x11,
    0x64,0x56,0x5d,0x65,0x94,0x65,0x81,0x11,0x11,0x01,0x10,0x04,0x40,0x04,0x01,0x01,
    0x00,0x18,0x60,0x01,0xd5,0x41,0x51,0x11,0x00,0x04,0x13,0x4c,0x42,0x1c,0xd2,0xc0,
    0x30,0xcc,0xe0,0x14,0x15,0xc0,0x15,0x59,0x50,0x71,0xdd,0x05,0x05,0x11,0x67,0x59,
    0x46,0x64,0x51,0x65,0x64,0x00,0x59,0x95,0x65,0x5d,0x55,0x00,0x14,0x65,0x15,0x01,
    0x45,0x15,0xd0,0x65,0x91,0x74,0x41,0x75,0x45,0x55,0x41,0x65,0x91,0x65,0x00,0x00,
    0x00,0x00,0x00,0x00,0x5d,0x57,0x59,0xd5,0x45,0x55,0x00,0x00,0x00,0x00,0x00,0x00,
    0x00,0x55,0xd7,0x59,0x55,0x19,0xd5,0xd5,0x41,0x16,0x51,0x44,0x44,0x01,0x56,0x55,
    0x55,0x95,0x55,0x55,0x55,0x57,0x55,0x50,0x00,0x15,0x14,0x27,0x51,0x57,0x57,0x40,
    0x44,0x51,0x15,0x45,0x45,0x40,0x54,0x65,0x15,0x65,0x5d,0x50,0x00,0x01,0x55,0x40,
    0x55,0x75,0x55,0x80,0x00,0x00,0x15,0x50,0x56,0x55,0x5d,0x59,0x77,0x65,0x40,0x15,
    0x5d,0x97,0x55,0x5d,0x15,0xd6,0x40,0x65,0x14,0x01,0xa7,0x6d,0x92,0x92,0x66,0x9a,
    0x6a,0x79,0x1a,0x47,0x01,0x55,0x65,0x15,0x75,0x15,0x40,0x07,0x44,0x74,0x01,0x44,
    0x45,0x64,0x56,0x51,0x45,0x9d,0x41,0x11,0x21,0x04,0x04,0x40,0x04,0x40,0x40,0x10,
    0x11,0x04,0x44,0x00,0x00,0xc0,0x04,0x00,0x04,0x03,0x0c,0x32,0x30,0xf0,0x31,0x31,
    0x10,0x4e,0x30,0x50,0x77,0x54,0x05,0x95,0xd4,0xdd,0xc7,0x40,0x1d,0x65,0x59,0x67,
    0x59,0xd5,0x96,0x51,0x54,0x01,0x55,0x5d,0x55,0xd5,0x65,0x00,0x11,0x51,0x44,0x45,
    0xd7,0x5d,0x93,0x5d,0x57,0x51,0x41,0x59,0x57,0x45,0x05,0x5d,0x55,0x94,0x00,0x00,
    0x00,0x00,0x00,0x00,0x16,0x45,0x94,0x51,0x57,0x65,0x00,0x00,0x00,0x15,0x40,0x00,
    0x00,0x59,0x55,0x57,0x75,0x55,0x59,0x67,0x50,0x45,0x99,0x91,0x10,0x00,0x55,0xd6,
    0x59,0x5d,0x75,0xd5,0x97,0x55,0x65,0x60,0x00,0x15,0x54,0x05,0x55,0x95,0x76,0x40,
    0x51,0x15,0x44,0x51,0x11,0x01,0x45,0x5d,0x5d,0x57,0x55,0x94,0x00,0x01,0x67,0x41,
    0x67,0x54,0x58,0x00,0x00,0x00,0x05,0x50,0x65,0x77,0x55,0x97,0x55,0x5d,0x00,0x56,
    0x55,0x75,0x59,0xd5,0x5d,0x5d,0x50,0x55,0x54,0x06,0x79,0x9a,0xa6,0xe6,0xa9,0xe4,
    0xa4,0xa6,0xa7,0xa4,0x05,0xd2,0x47,0x5d,0x91,0x77,0x54,0x0d,0xdd,0xc0,0x11,0x14,
    0x56,0x45,0x99,0x16,0x59,0x65,0x81,0x12,0x44,0x04,0x40,0x04,0x40,0x04,0x11,0x01,
    0x00,0x01,0x11,0x14,0x40,0x00,0x00,0x04,0x04,0x32,0x0d,0x23,0x10,0x41,0xd3,0xc3,
    0x30,0xcc,0xd0,0x41,0x5d,0x75,0x40,0x5d,0x54,0x34,0x74,0x70,0x64,0x46,0x75,0x15,
    0x95,0x46,0x65,0xd6,0x44,0x00,0x57,0x55,0x9d,0x56,0x55,0x00,0x14,0x45,0x11,0x05,
    0x45,0x18,0x51,0x44,0x1d,0x65,0x81,0x97,0x75,0x59,0x06,0x56,0x75,0xd4,0x00,0x00,
    0x00,0x00,0x00,0x00,0x15,0x59,0x75,0x65,0xd9,0x47,0x00,0x00,0x00,0x55,0x50,0x00,
    0x00,0x57,0x76,0x75,0x59,0xdd,0x97,0x55,0x50,0x11,0x66,0x54,0x50,0x01,0x59,0x55,
    0x55,0xd5,0x55,0x55,0x55,0x65,0x57,0x50,0x00,0x11,0x50,0x15,0x9d,0x76,0x51,0x50,
    0x55,0x44,0x44,0x45,0x14,0x01,0x56,0x55,0x96,0x75,0x67,0x54,0x00,0x05,0x55,0x45,
    0x55,0x65,0x50,0x00,0x00,0x00,0x00,0x55,0x5d,0x55,0x9d,0x45,0x5d,0x95,0x01,0x59,
    0xd9,0x55,0x95,0x59,0x95,0x95,0x50,0x19,0xd4,0x26,0x66,0xb6,0x49,0x9a,0x76,0x89,
    0x9e,0x62,0x79,0x10,0x16,0x65,0xd5,0xd9,0x17,0x65,0x97,0x00,0x74,0x01,0x14,0x45,
    0x67,0x59,0x75,0x65,0x97,0x59,0x41,0x24,0x44,0x11,0x04,0x40,0x04,0x40,0x00,0x10,
    0x11,0x01,0x44,0x09,0x19,0x14,0x51,0x45,0x44,0x13,0x03,0x31,0x30,0xc3,0x3c,0x43,
    0x10,0xe1,0x01,0x07,0x75,0xd7,0x50,0xd5,0x75,0x07,0x4d,0xc1,0x45,0x15,0x96,0x59,
    0x46,0x59,0x45,0x94,0x54,0x01,0x55,0x65,0x55,0x65,0x75,0x00,0x11,0x11,0x14,0x14,
    0x59,0x45,0x40,0x00,0x00,0x45,0x45,0x75,0x59,0x95,0xd5,0xd7,0x59,0x50,0x00,0x00,
    0x00,0x00,0x00,0x00,0x27,0x5d,0x57,0x5d,0x67,0x54,0x00,0x00,0x01,0x55,0x50,0x00,
    0x00,0x95,0x54,0x56,0x45,0x55,0x45,0x76,0x54,0x14,0x59,0x14,0x44,0x00,0x55,0x59,
    0xd5,0x56,0x59,0x64,0x59,0x51,0x75,0x50,0x00,0x15,0x14,0x05,0x56,0x55,0xd6,0x40,
    0x41,0x11,0x45,0x11,0x44,0x05,0x65,0xd9,0x75,0x56,0x55,0x65,0x00,0x05,0xd9,0x56,
    0x76,0x55,0x00,0x00,0x00,0x00,0x00,0x25,0xd5,0x99,0x54,0x57,0x55,0x50,0x05,0x65,
    0x57,0x67,0x5d,0x94,0x59,0x46,0x5c,0x15,0x65,0x06,0xdb,0x68,0x66,0xb7,0x92,0x66,
    0xa6,0x99,0xa6,0x90,0x59,0x1d,0x47,0x45,0x75,0x11,0x1d,0x40,0x50,0x05,0x11,0x44,
    0x75,0x97,0x59,0x9d,0x76,0x46,0x50,0x44,0x90,0x44,0x00,0x04,0x40,0x04,0x44,0x01,
    0x00,0x10,0x46,0x41,0x11,0x86,0x18,0x48,0x80,0x31,0x00,0x4c,0xcc,0x07,0x22,0xc1,
    0x30,0x33,0x30,0x17,0x5d,0x75,0xd5,0x05,0x55,0x43,0x74,0x05,0x11,0x67,0x51,0x64,
    0x59,0xd4,0x59,0x45,0x94,0x02,0x59,0x54,0x59,0x54,0x55,0x00,0x14,0x44,0x44,0x19,
    0xd1,0x95,0x00,0x1d,0x84,0x07,0x41,0x56,0x45,0x75,0x59,0x65,0x54,0x50,0x00,0x00,
    0x00,0x00,0x00,0x00,0x05,0x95,0xd9,0xd6,0x75,0x75,0x00,0x00,0x01,0x55,0x54,0x00,
    0x00,0x5d,0x95,0x67,0x56,0x67,0x56,0x55,0xd5,0x04,0x51,0x64,0x50,0x01,0x57,0x55,
    0x59,0x55,0x55,0x55,0x55,0x15,0x55,0x50,0x00,0x15,0x54,0x16,0x75,0x75,0x61,0x70,
    0x54,0x54,0x51,0x51,0x10,0x15,0x5d,0x57,0x57,0x65,0x1d,0x55,0x00,0x05,0x57,0x65,
    0x55,0xd5,0x00,0x00,0x00,0x00,0x00,0x05,0x59,0x75,0xd9,0x65,0x91,0x50,0x15,0x57,
    0x5d,0x55,0x55,0x15,0x75,0x55,0xd4,0x17,0x55,0x0d,0xa6,0x99,0xab,0x69,0xa6,0x9b,
    0x61,0xba,0x49,0x00,0x55,0x54,0x59,0x5d,0x19,0x59,0x75,0x50,0x00,0x51,0x44,0x51,
    0x59,0x19,0x91,0x66,0x59,0x55,0x72,0x11,0x10,0x10,0x44,0x40,0x04,0x40,0x00,0x40,
    0x11,0x00,0x10,0x41,0x84,0x44,0x44,0x45,0x00,0x13,0x30,0xcd,0x30,0x3d,0xc7,0x33,
    0x30,0x00,0x00,0xd5,0xd7,0x5d,0x75,0xc1,0x65,0x50,0x10,0x17,0x56,0x55,0x96,0x5d,
    0x65,0x65,0x97,0x59,0x54,0x00,0x55,0xd5,0x55,0x15,0x55,0x00,0x11,0x15,0x10,0x51,
    0x45,0x1c,0x05,0x55,0x55,0xc0,0x45,0x9d,0x57,0x56,0x65,0xd7,0x45,0x60,0x00,0x00,
    0x01,0x55,0x00,0x00,0x05,0x76,0x45,0x67,0x54,0x54,0x00,0x00,0x05,0x55,0x50,0x00,
    0x00,0x15,0x46,0x55,0x65,0xd5,0x95,0xd9,0x59,0x41,0x14,0x45,0x10,0x00,0x55,0x65,
    0x55,0x16,0x5d,0x65,0x9d,0x56,0x59,0x50,0x00,0x14,0x54,0x05,0x59,0x59,0x57,0x50,
    0x11,0x11,0x14,0x45,0x40,0x56,0x75,0x75,0x55,0x51,0x56,0x75,0x00,0x05,0x95,0x5d,
    0xdd,0x54,0x00,0x00,0x00,0x00,0x00,0x01,0x65,0x15,0x55,0xd5,0x56,0x40,0x55,0x95,
    0x55,0x9d,0x19,0x5d,0x57,0x67,0x54,0x05,0x75,0x01,0x98,0x6a,0x76,0x98,0x69,0xe6,
    0x9a,0x67,0x9a,0x01,0x5d,0x75,0x55,0xd6,0x5d,0xdd,0xd4,0x60,0x04,0x44,0x51,0x11,
    0x91,0x56,0x56,0x45,0x14,0x6b,0x50,0x44,0x41,0x04,0x00,0x04,0x40,0x04,0x10,0x11,
    0x00,0x10,0x14,0x40,0x44,0x44,0x44,0x40,0x11,0x0c,0x04,0x23,0x21,0x00,0xd3,0x43,
    0x10,0x44,0x41,0x77,0x75,0xd7,0x5d,0x50,0x15,0xd5,0x01,0x51,0x11,0xd9,0x16,0x65,
    0x9d,0x16,0x75,0x94,0x64,0x01,0x5d,0x59,0x9d,0x55,0x95,0x00,0x14,0x44,0x40,0x57,
    0x59,0x50,0x55,0x96,0x59,0x54,0x0d,0x55,0xd5,0x9d,0x5d,0x55,0x59,0x40,0x00,0x00,
    0x01,0x55,0x40,0x00,0x05,0x54,0x57,0x51,0x45,0x96,0x00,0x00,0x01,0x55,0x50,0x00,
    0x00,0x57,0x55,0xdd,0x75,0x51,0x75,0x54,0x55,0x41,0x44,0x51,0x10,0x01,0x59,0x57,
    0x51,0x55,0x55,0x55,0x55,0x55,0x55,0x60,0x00,0x15,0x54,0x05,0xd7,0x51,0xd1,0x40,
    0x54,0x51,0x44,0x51,0x40,0x57,0x56,0x56,0x46,0x55,0x95,0x59,0x40,0x15,0x76,0x55,
    0x55,0x90,0x00,0x00,0x00,0x00,0x00,0x00,0x55,0x59,0x1d,0x5d,0xd5,0x01,0x50,0x00,
    0x19,0x55,0x57,0x56,0x75,0x55,0x65,0x05,0x95,0x09,0xb6,0x9d,0xa9,0x86,0x9e,0x61,
    0xb6,0xe9,0xa4,0x05,0x65,0x55,0xdd,0x55,0xd4,0x51,0x46,0x54,0x05,0x14,0x44,0x44,
    0x56,0x64,0x64,0x56,0x65,0x95,0x90,0x49,0x00,0x40,0x44,0x40,0x04,0x01,0x01,0x00,
    0x11,0x04,0x04,0x60,0x44,0x44,0x44,0x50,0x44,0x32,0x33,0x01,0x30,0x00,0x0f,0x01,
    0x30,0x55,0x41,0x5d,0x51,0x75,0xd7,0x74,0x11,0x55,0x07,0x75,0x65,0x65,0x65,0x16,
    0x55,0x65,0x59,0x15,0x94,0x00,0x55,0x55,0x55,0x65,0x59,0x00,0x11,0x11,0x41,0x45,
    0x11,0xc1,0x65,0x75,0xd5,0x95,0x01,0x9d,0x66,0x55,0x15,0x91,0x97,0x50,0x00,0x00,
    0x05,0x55,0x40,0x00,0x09,0xd9,0x75,0xd5,0xd7,0x75,0x00,0x00,0x01,0x55,0x50,0x00,
    0x00,0x59,0x67,0x56,0x54,0x56,0x59,0x15,0x9d,0x41,0x11,0x11,0x10,0x00,0x55,0x75,
    0x55,0x65,0xd6,0x45,0xd5,0x96,0x75,0x50,0x00,0x15,0x14,0x05,0x55,0x95,0x56,0x50,
    0x11,0x14,0x51,0x14,0x41,0x65,0x55,0xd5,0x55,0xd9,0x77,0x55,0x40,0x16,0x55,0x1d,
    0x91,0x50,0x00,0x00,0x00,0x00,0x00,0x00,0x17,0x5d,0x56,0x55,0x65,0x01,0x00,0x00,
    0x00,0x56,0x75,0x65,0x59,0xdd,0x57,0x25,0x5d,0x42,0x69,0xa4,0x98,0x69,0xa6,0x9a,
    0x9a,0x46,0x18,0x15,0x57,0x65,0x55,0x9d,0x55,0x97,0x59,0x17,0x04,0x44,0x45,0x11,
    0x65,0x15,0x95,0x99,0x59,0x45,0x54,0x11,0x04,0x44,0x00,0x04,0x40,0x40,0x10,0x11,
    0x00,0x01,0x01,0x14,0x44,0x92,0x12,0x18,0x05,0x04,0x13,0x03,0x10,0x75,0x01,0xc3,
    0x20,0x19,0x05,0xd4,0x77,0x54,0x40,0x00,0x00,0x00,0x15,0x14,0x44,0x51,0x9d,0x65,
    0x19,0x91,0x91,0x66,0x54,0x01,0x56,0x64,0x59,0x57,0x55,0x00,0x14,0x44,0x41,0x64,
    0x55,0x05,0x5d,0x95,0x51,0x75,0x41,0x56,0x51,0x76,0x59,0x15,0x75,0x40,0x00,0x00,
    0x05,0x55,0x50,0x00,0x05,0x75,0xd9,0x6d,0x65,0x57,0x00,0x00,0x01,0x55,0x40,0x00,
    0x00,0x57,0x55,0x65,0x15,0x9d,0x5d,0x65,0xd6,0x50,0x51,0x45,0x10,0x01,0x57,0x55,
    0x96,0x55,0x55,0x55,0x59,0x55,0x56,0x50,0x00,0x15,0x54,0x05,0x9d,0x5d,0x9d,0x10,
    0x45,0x45,0x15,0x11,0x01,0x57,0x65,0x64,0x67,0x57,0x55,0x9d,0x40,0x15,0xdd,0x55,
    0x55,0x40,0x00,0x00,0x00,0x00,0x00,0x00,0x15,0x95,0x9d,0x46,0x5d,0x00,0x00,0x00,
    0x00,0x05,0x56,0x5d,0x95,0x56,0x45,0x57,0x65,0x43,0x67,0x49,0xa6,0x9b,0x62,0x79,
    0xe1,0xa9,0x90,0x16,0x75,0x5d,0x99,0x55,0x9d,0x75,0x1d,0x75,0x01,0x44,0x51,0x14,
    0x46,0x66,0x46,0x76,0x47,0x59,0x14,0x24,0x04,0x00,0x41,0x00,0x04,0x04,0x01,0x00,
    0x11,0x10,0x01,0x84,0x49,0x11,0x11,0x11,0x05,0x0c,0x32,0x10,0x33,0x77,0x50,0xc2,
    0x00,0x14,0x17,0x75,0xd5,0x00,0x00,0x00,0x40,0x00,0x0d,0x51,0x97,0x65,0x56,0x51,
    0x59,0x15,0xd5,0x51,0x14,0x00,0x55,0x55,0x55,0xd5,0x65,0x00,0x11,0x45,0x05,0x1d,
    0x9c,0x16,0x65,0x5d,0x15,0x59,0x55,0x9d,0x55,0xd5,0x75,0x59,0xd6,0x40,0x00,0x00,
    0x15,0x55,0x50,0x00,0x01,0x59,0x5d,0xd5,0xdd,0xd9,0x00,0x00,0x00,0x55,0x40,0x00,
    0x00,0x65,0x77,0x51,0x5d,0x55,0xd5,0x5d,0x55,0x50,0x44,0x51,0x10,0x00,0x55,0x55,
    0x55,0x59,0x65,0x65,0x95,0x75,0x95,0x50,0x00,0x11,0x45,0x05,0x56,0x55,0x51,0x50,
    0x14,0x44,0x44,0x54,0x05,0x75,0x5d,0x55,0x75,0x65,0x75,0x56,0x40,0x19,0x55,0x9d,
    0x19,0x40,0x00,0x00,0x00,0x00,0x00,0x00,0x05,0x75,0xd5,0x95,0x15,0x40,0x00,0x00,
    0x00,0x01,0x65,0xd5,0x47,0x64,0x56,0x59,0x51,0x40,0x69,0xa6,0x9d,0xb6,0x99,0xa6,
    0x9a,0x67,0x40,0x55,0x55,0xd5,0x5d,0xd9,0x55,0x59,0x94,0x51,0x01,0x11,0x11,0x11,
    0x59,0x5d,0x59,0x54,0x59,0x99,0x99,0x04,0x11,0x10,0x10,0x11,0x00,0x40,0x40,0x10,
    0x00,0x01,0x10,0x44,0x44,0x44,0x44,0x44,0x41,0x0c,0x23,0x05,0x01,0xd3,0x54,0x00,
    0x44,0x30,0xd5,0xd5,0x70,0x00,0x01,0x04,0x0c,0x43,0x00,0x15,0x11,0x16,0x45,0x96,
    0x65,0x59,0x66,0x15,0x54,0x01,0x59,0xd6,0x75,0x59,0x55,0x00,0x14,0x44,0x05,0x75,
    0x14,0x15,0xd7,0x55,0x67,0x57,0x59,0x55,0x19,0x51,0x57,0x5d,0x55,0x40,0x00,0x00,
    0x05,0x55,0x50,0x00,0x05,0x9d,0xd5,0x46,0x56,0x75,0x00,0x00,0x00,0x10,0x00,0x00,
    0x01,0x5d,0x55,0x95,0xd5,0xd9,0x59,0xd5,0x91,0xd0,0x51,0x11,0x50,0x01,0x59,0x66,
    0x59,0x55,0x57,0x55,0x57,0x55,0x5d,0x50,0x00,0x15,0x54,0x05,0x9d,0x46,0x66,0xd0,
    0x45,0x14,0x51,0x14,0x05,0x56,0x56,0x46,0x56,0x51,0x59,0x15,0x53,0x55,0xd9,0x55,
    0x55,0x00,0x00,0x00,0x00,0x00,0x00,0x00,0x06,0x56,0x59,0x75,0x54,0x00,0x00,0x00,
    0x00,0x00,0x5d,0x59,0x55,0x45,0x65,0xd7,0x56,0x70,0x64,0x9b,0x6a,0x69,0xba,0x18,
    0x69,0xea,0x41,0x5d,0xdd,0x57,0x55,0x54,0x74,0x55,0xd1,0x99,0x41,0x45,0x11,0x11,
    0x94,0x65,0x17,0x65,0x95,0x45,0x65,0x00,0x10,0x01,0x01,0x00,0x10,0x04,0x04,0x54,
    0x11,0x10,0x00,0x44,0x44,0x49,0x11,0x11,0x10,0x04,0x30,0x14,0x07,0x47,0x75,0x44,
    0x40,0x00,0x5d,0x5c,0x00,0x13,0x10,0x30,0xc4,0x04,0x10,0x01,0x55,0x45,0x99,0x75,
    0xd4,0x66,0x51,0x59,0x94,0x00,0x55,0x55,0x56,0x55,0x15,0x00,0x11,0x11,0x14,0x51,
    0x50,0x59,0x55,0x91,0x95,0x9d,0x67,0x76,0x57,0x56,0x75,0x95,0x9d,0x40,0x00,0x00,
    0x05,0x55,0x50,0x00,0x09,0xd5,0x47,0x5d,0xd1,0x5d,0x40,0x00,0x00,0x00,0x00,0x00,
    0x01,0x56,0x46,0x5d,0x59,0x57,0x51,0x59,0x55,0x58,0x14,0x44,0x10,0x01,0x55,0x55,
    0x55,0xd7,0x55,0x59,0x75,0x59,0x55,0x60,0x00,0x14,0x55,0x05,0x55,0x95,0xd5,0x58,
    0x11,0x45,0x14,0x44,0x16,0x75,0x14,0x55,0xd5,0xd5,0x95,0x67,0x51,0x5d,0x54,0x76,
    0x75,0x00,0x00,0x00,0x00,0x40,0x00,0x00,0x01,0x75,0x45,0x59,0x90,0x00,0x00,0x00,
    0x00,0x00,0x15,0x94,0x76,0x56,0x5d,0x55,0x15,0x50,0x9a,0x79,0xb6,0x1b,0x66,0x69,
    0xb6,0x91,0x01,0x55,0x55,0x75,0x75,0x15,0x55,0x9d,0x57,0x75,0x00,0x44,0x45,0x14,
    0x45,0x91,0x99,0x91,0x6d,0x99,0xd5,0x40,0x44,0x10,0x10,0x11,0x01,0x00,0x00,0x54,
    0x00,0x01,0x10,0x19,0x21,0x11,0x24,0x84,0x60,0x40,0xd0,0x50,0x5d,0xdd,0x11,0x00,
    0x07,0x51,0x77,0x40,0x04,0x01,0x03,0x04,0x00,0xc0,0x04,0x40,0x92,0x67,0x57,0x59,
    0x65,0x94,0x56,0x65,0x14,0x01,0x59,0x64,0x55,0x45,0x59,0x00,0x11,0x14,0x1d,0x16,
    0x41,0x57,0x75,0x15,0x75,0xd5,0x55,0x55,0xd5,0x9d,0x59,0x75,0xd6,0x50,0x00,0x00,
    0x05,0x55,0x40,0x00,0x05,0x74,0x66,0x75,0x77,0x75,0x40,0x00,0x00,0x00,0x00,0x00,
    0x01,0x9d,0x59,0xd5,0x97,0x65,0x15,0x94,0x76,0x50,0x44,0x51,0x50,0x00,0x59,0x75,
    0xd5,0x55,0x65,0x95,0x55,0x55,0x16,0x50,0x00,0x15,0x45,0x09,0xd9,0x75,0x53,0x50,
    0x14,0x44,0x45,0x50,0x15,0x59,0x65,0x65,0x65,0x59,0x77,0x55,0x94,0x65,0x95,0x55,
    0x59,0x00,0x00,0x00,0x01,0x54,0x00,0x00,0x01,0x54,0x57,0x45,0x40,0x00,0x00,0x00,
    0x00,0x00,0x05,0x45,0x55,0xd5,0xd5,0xd1,0x67,0x50,0xd9,0xa6,0x9a,0x69,0xa1,0xb6,
    0x98,0x69,0x09,0x9d,0x66,0x56,0x55,0x5d,0x75,0x55,0x19,0x47,0x41,0x11,0x11,0x11,
    0x59,0x56,0x59,0x66,0x56,0x56,0x51,0x61,0x01,0x01,0x01,0x00,0x10,0x10,0x41,0x65,
    0x04,0x40,0x04,0x04,0x44,0x44,0x44,0x44,0x44,0x10,0x01,0x00,0x00,0x00,0x00,0x30,
    0x55,0x4d,0xd5,0x01,0x03,0x10,0x31,0x00,0x44,0x11,0x00,0x30,0x05,0x15,0x99,0x64,
    0x59,0x75,0x99,0x51,0x54,0x00,0x55,0xd5,0x67,0x56,0x55,0x00,0x14,0x44,0x15,0x61,
    0x41,0x9d,0x59,0x59,0x59,0x59,0x1d,0x91,0x5d,0x56,0x54,0x56,0x55,0x40,0x00,0x00,
    0x01,0x55,0x00,0x00,0x07,0x59,0xdd,0xdb,0x56,0x51,0x90,0x00,0x00,0x00,0x00,0x00,
    0x05,0x55,0xd5,0x51,0x75,0x51,0x59,0x75,0x55,0xd4,0x11,0x11,0x10,0x01,0x55,0x55,
    0x59,0x65,0x55,0x5d,0x59,0x95,0x55,0x50,0x00,0x15,0x55,0x01,0x57,0x56,0x75,0x14,
    0x11,0x51,0x51,0x10,0x17,0x55,0x5d,0x5d,0x77,0x5d,0x55,0x75,0x75,0x57,0x5d,0x9d,
    0x95,0x00,0x00,0x00,0x05,0x54,0x00,0x00,0x01,0x65,0x65,0x55,0xc0,0x00,0x00,0x00,
    0x00,0x00,0x01,0x56,0x76,0x5d,0x5d,0x56,0x5d,0x50,0x1b,0x6d,0x27,0x9e,0x1a,0x6b,
    0x49,0xa4,0x05,0x55,0x55,0xd5,0x19,0xd5,0x97,0x75,0x51,0xd5,0x40,0x51,0x44,0x44,
    0x67,0x65,0xd4,0x59,0xd1,0x45,0x19,0x40,0x44,0x10,0x10,0x10,0x01,0x01,0x45,0x5d,
    0x40,0x04,0x40,0x04,0x44,0x92,0x11,0x11,0x19,0x14,0x10,0x00,0x30,0xc4,0x77,0x57,
    0x0d,0x55,0x50,0x00,0xc4,0x03,0x10,0x10,0x00,0x00,0x13,0x44,0x41,0x71,0x51,0x45,
    0x64,0x59,0x75,0x15,0x94,0x01,0x5d,0x55,0x55,0x55,0x65,0x00,0x11,0x10,0x51,0x15,
    0xc9,0x55,0x95,0xd7,0x57,0x55,0x55,0xd5,0x96,0x45,0xd5,0x65,0x19,0x50,0x00,0x00,
    0x00,0x10,0x00,0x00,0x05,0x9d,0x55,0x45,0x1d,0xd7,0x5c,0x00,0x00,0x00,0x00,0x00,
    0x16,0x76,0x5d,0x15,0x96,0x75,0x97,0x57,0x67,0x54,0x14,0x44,0x50,0x00,0x57,0x59,
    0x55,0xd6,0x75,0x15,0x95,0x51,0x65,0x50,0x00,0x14,0x55,0x05,0x65,0x65,0x59,0x60,
    0x14,0x44,0x44,0x40,0x55,0x91,0xd5,0xd6,0x55,0x95,0xd1,0x59,0x56,0x75,0x65,0x56,
    0x45,0x00,0x00,0x00,0x05,0x55,0x00,0x00,0x01,0x5d,0x76,0x75,0x00,0x00,0x00,0x00,
    0x00,0x00,0x01,0x65,0x55,0xd6,0x56,0x75,0xd5,0xd0,0x19,0xa6,0x9a,0x49,0xa6,0xda,
    0x9a,0xd8,0x15,0xd7,0x75,0x51,0x55,0x59,0x55,0x59,0xd7,0x51,0x81,0x11,0x11,0x11,
    0x55,0x91,0x65,0x9d,0x66,0x66,0x55,0x04,0x40,0x01,0x01,0x01,0x10,0x05,0x05,0xd5,
    0x41,0x00,0x04,0x41,0x91,0x11,0x12,0x44,0x84,0x04,0x54,0x1d,0xd5,0x77,0x55,0x75,
    0x40,0xdd,0xc0,0xc4,0x10,0x41,0x01,0x00,0x4c,0x41,0x00,0x01,0x00,0x56,0x56,0x56,
    0x55,0x94,0x59,0x66,0x44,0x00,0x55,0x66,0x75,0x96,0x55,0x00,0x11,0x41,0x76,0x51,
    0x05,0xd9,0x75,0x65,0x95,0x91,0x9d,0x59,0x75,0x59,0x67,0x5d,0x57,0x50,0x00,0x00,
    0x00,0x00,0x00,0x00,0x15,0xd7,0x7b,0x5d,0x67,0x75,0xd4,0x00,0x00,0x00,0x00,0x00,
    0x97,0x57,0x55,0x67,0x5d,0x55,0x75,0x65,0x55,0x64,0x11,0x45,0x10,0x01,0x55,0x55,
    0x9d,0x55,0x55,0x55,0x54,0x55,0x57,0x50,0x00,0x15,0x45,0x01,0x5d,0x51,0xd1,0xd4,
    0x05,0x14,0x51,0x50,0x5d,0x55,0x59,0x55,0xd4,0x51,0x56,0x64,0x65,0x56,0x51,0xd1,
    0x56,0x00,0x00,0x00,0x05,0x54,0x00,0x00,0x02,0x56,0x55,0xd5,0x00,0x00,0x00,0x00,
    0x00,0x00,0x00,0x5d,0xdd,0x59,0xdd,0x59,0x67,0x54,0x26,0x69,0xb4,0x9a,0x6d,0xa1,
    0xa6,0x64,0x15,0x55,0x54,0x55,0x9d,0xd7,0x76,0x51,0x65,0x19,0x01,0x11,0x14,0x51,
    0x91,0x16,0x66,0x45,0x95,0xd7,0x66,0x01,0x04,0x40,0x10,0x10,0x00,0x14,0x15,0x59,
    0x70,0x44,0x40,0x00,0x19,0x11,0x11,0x11,0x11,0x04,0x15,0x37,0x7f,0x77,0x77,0x5d,
    0x5c,0x54,0x01,0x00,0x00,0x30,0x10,0x00,0x04,0x08,0x34,0x10,0x10,0x24,0x65,0x99,
    0xd9,0x75,0x94,0x5d,0x54,0x01,0x59,0x55,0x55,0x5d,0x75,0x00,0x14,0x41,0x14,0x75,
    0x05,0x57,0x54,0x57,0x5d,0x55,0xd6,0x5d,0x59,0x17,0x51,0x65,0x95,0x94,0x00,0x00,
    0x00,0x00,0x00,0x00,0x1d,0x75,0x15,0xd7,0x75,0x6d,0x75,0x00,0x00,0x00,0x00,0x00,
    0x55,0xd5,0xd1,0x95,0x55,0x19,0xd6,0x51,0x9d,0x54,0x14,0x44,0x50,0x01,0x59,0x95,
    0x55,0x59,0x59,0x65,0x75,0x59,0x95,0x50,0x00,0x15,0x55,0x01,0x65,0x15,0x56,0x5c,
    0x11,0x45,0x14,0x40,0x55,0xd9,0xd5,0xd9,0x59,0x55,0x95,0xd5,0x5d,0xd9,0x15,0x55,
    0xd5,0x00,0x00,0x00,0x01,0x54,0x00,0x00,0x00,0x5d,0x75,0x54,0x00,0x00,0x00,0x50,
    0x00,0x00,0x00,0x55,0x56,0x75,0x54,0x77,0x5d,0x64,0x00,0x07,0x69,0xa6,0x66,0x66,
    0x67,0x90,0x11,0x19,0x75,0x65,0x55,0x55,0x55,0x15,0x74,0x65,0x01,0x14,0x44,0x44,
    0x65,0x65,0x91,0x59,0x46,0x59,0x54,0x10,0x40,0x04,0x01,0x01,0x00,0x54,0x5d,0x91,
    0x50,0x00,0x04,0x44,0x00,0x49,0x19,0x21,0x11,0x41,0x59,0x07,0x44,0x47,0x5d,0xd7,
    0x75,0x70,0x10,0x11,0x13,0x10,0x00,0x41,0x00,0x40,0x40,0x01,0x31,0x05,0x5d,0x75,
    0x64,0x59,0x45,0x94,0x54,0x00,0x55,0x91,0x59,0x15,0x55,0x00,0x11,0x01,0x65,0x96,
    0x16,0x75,0x45,0x75,0x65,0x1d,0x55,0xd5,0x15,0x65,0x55,0x97,0x74,0x54,0x00,0x00,
    0x00,0x00,0x00,0x00,0x17,0x51,0x77,0x46,0x74,0x74,0x66,0x40,0x00,0x00,0x00,0x05,
    0x76,0x5d,0x59,0x77,0x75,0x55,0x55,0xd5,0x75,0x14,0x11,0x11,0x10,0x00,0x55,0x5d,
    0x56,0x55,0xd5,0x56,0x55,0x55,0x5d,0x50,0x00,0x14,0x55,0x01,0x56,0x59,0x9d,0x14,
    0x04,0x44,0x45,0x41,0x65,0x55,0x65,0x65,0x15,0xd9,0x75,0x5d,0xd5,0x55,0x59,0x99,
    0x59,0x00,0x00,0x00,0x00,0x00,0x00,0x00,0x01,0x56,0x59,0x14,0x00,0x00,0x01,0x54,
    0x00,0x00,0x00,0x97,0x67,0x54,0x75,0x55,0x15,0x14,0x00,0x00,0x02,0x13,0x20,0x82,
    0x00,0x00,0x00,0x00,0x56,0x5d,0xdd,0x75,0x1d,0x57,0x51,0x74,0x01,0x44,0x44,0x45,
    0x51,0x99,0x16,0x64,0x59,0x14,0x60,0x04,0x04,0x41,0x10,0x10,0x05,0x50,0x55,0xd5,
    0x94,0x11,0x00,0x00,0x00,0x00,0x01,0x14,0x44,0x41,0x54,0x1d,0x1d,0xdc,0x75,0x75,
    0xd7,0x40,0x03,0x00,0x01,0x01,0x05,0x00,0xc4,0x00,0x01,0x10,0x10,0xc1,0xd6,0x59,
    0x15,0x94,0x59,0x65,0x94,0x01,0x59,0x55,0x95,0x55,0x64,0x00,0x14,0x45,0xd1,0x11,
    0x35,0x56,0x56,0x56,0x51,0x56,0x67,0x59,0x67,0x5d,0xd9,0x75,0x55,0x67,0x00,0x00,
    0x00,0x00,0x00,0x00,0x59,0xdb,0x64,0x67,0x5d,0xd5,0xdd,0x54,0x00,0x00,0x00,0x16,
    0x5d,0x75,0x97,0x55,0x59,0xdd,0x9d,0x59,0x56,0x57,0x11,0x14,0x50,0x01,0x57,0x55,
    0x95,0x5d,0x56,0x55,0x56,0x65,0xd5,0x50,0x00,0x15,0x55,0x41,0x75,0x75,0x51,0x64,
    0x15,0x15,0x11,0x00,0x5d,0x9d,0x74,0x5d,0x5d,0x57,0x59,0xd5,0x59,0x1d,0x97,0x57,
    0x55,0x00,0x00,0x00,0x00,0x00,0x00,0x00,0x01,0x75,0xd5,0x64,0x00,0x00,0x05,0x55,
    0x00,0x00,0x00,0x15,0x95,0x45,0x66,0xd1,0x67,0x57,0x00,0x40,0x00,0x00,0x00,0x00,
    0x00,0x00,0x00,0x00,0x15,0xd5,0x55,0x96,0x55,0x95,0xd7,0x50,0x04,0x44,0x51,0x11,
    0x65,0x9d,0x59,0xd5,0x95,0x65,0x90,0x44,0x40,0x00,0x01,0x00,0x15,0x41,0x66,0x59,
    0x54,0x00,0x11,0x11,0x11,0x00,0x00,0x02,0x11,0x90,0x50,0xdf,0x77,0x47,0x5d,0xdd,
    0x75,0x04,0x4c,0x4c,0x40,0x10,0x15,0x0c,0x40,0x10,0x40,0x0c,0x04,0x40,0x65,0x15,
    0x66,0x45,0x96,0x45,0x44,0x00,0x55,0xd5,0x5d,0x58,0x00,0x00,0x04,0x05,0x45,0x54,
    0x16,0x75,0xd5,0xd9,0xd5,0x95,0xd5,0x45,0xd5,0x75,0x5d,0x54,0x66,0x55,0x00,0x00,
    0x00,0x00,0x00,0x01,0x9d,0x75,0xdd,0x77,0x75,0x77,0x77,0x75,0xc0,0x00,0x01,0x5d,
    0xd7,0x59,0x15,0x76,0x45,0x65,0x45,0x97,0x45,0x64,0x14,0x44,0x44,0x00,0x55,0x59,
    0x5d,0x55,0x55,0x75,0xd5,0x55,0x55,0x90,0x00,0x15,0x55,0x01,0x57,0x57,0x57,0x74,
    0x04,0x44,0x54,0x41,0x55,0x16,0x55,0x55,0x95,0x95,0x95,0x66,0x45,0x55,0x75,0x75,
    0x9d,0x40,0x00,0x00,0x00,0x00,0x00,0x00,0x01,0x95,0x51,0xd4,0x00,0x00,0x05,0x55,
    0x00,0x00,0x00,0x59,0xdd,0x97,0x5d,0x59,0xd5,0x9d,0x40,0x15,0x84,0x00,0x00,0x00,
    0x04,0x44,0x64,0x44,0x15,0x57,0x59,0x45,0x75,0x76,0x45,0x80,0x15,0x15,0x11,0x44,
    0x5d,0x56,0x65,0x67,0x6d,0x91,0x41,0x10,0x04,0x44,0x10,0x10,0x57,0x41,0x9d,0x45,
    0xd5,0x04,0x00,0x00,0x00,0x44,0x40,0x00,0x00,0x08,0x61,0xb4,0x71,0xf7,0x5d,0x57,
    0x54,0x00,0x04,0x04,0x31,0x01,0x54,0x04,0x00,0x54,0x31,0x04,0x40,0x10,0x51,0x66,
    0x51,0x59,0x67,0x54,0x54,0x01,0x5d,0x57,0x55,0x40,0x01,0x10,0x00,0x54,0x5b,0x47,
    0x15,0x51,0x59,0x55,0x59,0x76,0x5d,0x59,0x5d,0x96,0x56,0x45,0x5d,0xdd,0x40,0x00,
    0x00,0x00,0x00,0x01,0x77,0x5d,0x77,0x75,0xde,0xdd,0x97,0x77,0x55,0x11,0x55,0x95,
    0x75,0x91,0x77,0x57,0x56,0x54,0x56,0x45,0x59,0xd4,0x11,0x14,0x50,0x01,0x59,0x55,
    0x55,0x96,0x59,0x55,0x59,0x75,0x95,0x50,0x00,0x15,0x55,0x41,0x65,0x65,0x9d,0x54,
    0x05,0x51,0x11,0x01,0x65,0x55,0x19,0xd9,0x75,0xdd,0x47,0x51,0x56,0x67,0x57,0x55,
    0x15,0x40,0x00,0x00,0x00,0x00,0x00,0x00,0x01,0x5d,0x96,0x54,0x00,0x00,0x01,0x54,
    0x00,0x00,0x00,0x15,0x54,0x5d,0x97,0x75,0x77,0x56,0x50,0x01,0x55,0x55,0x55,0x55,
    0x55,0x55,0x55,0x54,0x36,0x75,0x64,0x57,0x57,0x54,0x54,0x01,0x51,0x44,0x51,0x11,
    0x96,0x19,0x1d,0x16,0x56,0x59,0x40,0x44,0x40,0x00,0x41,0x01,0x51,0x45,0x55,0x57,
    0x59,0x41,0x11,0x11,0x10,0x00,0x11,0x04,0x00,0x00,0x03,0x1d,0xd7,0x47,0x75,0xf5,
    0x10,0x04,0xc0,0x40,0x10,0x05,0x5c,0x00,0x01,0x50,0x04,0x00,0x04,0x40,0x16,0x59,
    0x15,0x96,0x75,0x65,0x94,0x00,0x55,0x55,0x54,0x00,0x40,0x01,0x10,0x16,0x45,0x14,
    0x17,0x55,0x97,0x64,0x5d,0x55,0xd6,0x57,0x55,0x45,0x14,0x56,0x75,0x55,0x50,0x00,
    0x00,0x00,0x00,0x05,0xd6,0x47,0x65,0xdd,0x45,0x47,0x77,0x5d,0x77,0x57,0x77,0x77,
    0x59,0x15,0x55,0x95,0x67,0x45,0x65,0x57,0x55,0x54,0x11,0x44,0x44,0x00,0x55,0x97,
    0x59,0x55,0x54,0x59,0x55,0x55,0x59,0x50,0x00,0x15,0x55,0x01,0x59,0x5d,0x54,0x44,
    0x11,0x14,0x51,0x41,0x5d,0x9d,0x55,0x57,0x56,0x55,0x55,0x55,0x9d,0x75,0x65,0x67,
    0x59,0x70,0x00,0x00,0x00,0x00,0x00,0x00,0x05,0xd6,0x75,0x64,0x00,0x00,0x00,0x50,
    0x00,0x00,0x00,0xd7,0x75,0x75,0x75,0x5d,0x95,0xdd,0xd5,0x00,0x11,0x91,0x65,0x45,
    0x44,0x44,0x44,0x50,0x15,0x56,0x55,0x55,0x65,0x45,0x70,0x04,0x44,0x51,0x44,0x44,
    0x45,0x65,0x56,0x59,0x19,0x15,0x04,0x10,0x04,0x10,0x00,0x05,0x75,0x06,0x74,0x65,
    0x45,0x40,0x00,0x00,0x01,0x11,0x00,0x40,0x44,0x10,0x00,0x00,0x37,0x77,0x5d,0x5d,
    0x40,0xc0,0x10,0x01,0x00,0x56,0x50,0x21,0x05,0x54,0x00,0x43,0x03,0x04,0x25,0x91,
    0x66,0x75,0x59,0x16,0x54,0x01,0x59,0x66,0x50,0x10,0x04,0x10,0x00,0x05,0xd4,0x54,
    0x15,0x99,0x75,0x75,0x65,0xdd,0x54,0x75,0x91,0x55,0x65,0x67,0x56,0x46,0x58,0x00,
    0x00,0x00,0x00,0x97,0x67,0x76,0x47,0x51,0xdd,0xd7,0x45,0xd1,0xd9,0xdd,0x96,0x5d,
    0x9d,0x5d,0xdd,0x47,0x55,0x56,0x5d,0xd5,0x9d,0xd4,0x14,0x44,0x50,0x01,0x55,0x75,
    0x55,0x17,0x55,0x55,0x91,0x65,0xd5,0x50,0x00,0x55,0x55,0x42,0x57,0x55,0x9d,0x94,
    0x05,0x11,0x15,0x01,0x55,0xd5,0x9d,0x9d,0x65,0x19,0xd9,0x19,0x55,0x56,0x45,0x15,
    0x57,0x50,0x00,0x00,0x00,0x00,0x00,0x00,0x09,0x65,0x51,0xd4,0x00,0x00,0x00,0x00,
    0x00,0x00,0x00,0x59,0x59,0xd7,0x51,0xd4,0x74,0x59,0x65,0x70,0x15,0x14,0x44,0x51,
    0x15,0x16,0x55,0x10,0x16,0x75,0x1d,0xdd,0x51,0x5b,0x00,0x15,0x55,0x14,0x55,0x11,
    0x59,0x91,0x99,0x75,0x65,0x66,0x01,0x01,0x00,0x41,0x10,0x15,0x56,0x15,0x55,0x5d,
    0x56,0x50,0x44,0x44,0x40,0x00,0x10,0x04,0x00,0x01,0x04,0x00,0x00,0xd1,0xd7,0x75,
    0x00,0x44,0x01,0x30,0x01,0x65,0xd0,0x00,0x15,0x64,0x10,0x00,0x44,0x13,0x05,0x55,
    0x95,0x58,0x65,0x64,0x54,0x02,0x55,0x55,0x40,0x41,0x00,0x01,0x04,0x41,0x45,0x98,
    0x19,0x75,0xd6,0x57,0x5d,0x56,0x45,0x59,0x56,0x76,0x5d,0xd5,0x65,0x55,0xd5,0x00,
    0x00,0x00,0x01,0x75,0xdd,0xd9,0xdd,0xd9,0xdb,0x7d,0xdd,0xdd,0x9d,0xd7,0x77,0x75,
    0xd7,0x75,0x96,0x59,0x47,0x67,0x55,0x67,0x56,0x54,0x11,0x11,0x10,0x00,0x59,0x55,
    0x95,0x55,0x65,0x95,0x55,0x55,0x54,0x50,0x00,0x15,0x45,0x41,0x75,0x99,0x45,0xd8,
    0x05,0x15,0x11,0x01,0x76,0x59,0x55,0xd5,0x45,0x55,0x5d,0x57,0x77,0x64,0x56,0x5d,
    0xb5,0x50,0x00,0x00,0x00,0x00,0x00,0x00,0x05,0x77,0x55,0x57,0x00,0x00,0x00,0x00,
    0x00,0x00,0x00,0x17,0x75,0x65,0x16,0x45,0x96,0x74,0x77,0x54,0x01,0x45,0x55,0x15,
    0x44,0x51,0x11,0x50,0x55,0x55,0x55,0x55,0xd5,0x90,0x01,0x51,0x11,0x45,0x11,0x14,
    0x64,0x56,0x74,0x59,0x91,0x94,0x11,0x10,0x10,0x00,0x00,0x57,0x64,0x19,0xd9,0xd5,
    0x9d,0x54,0x00,0x00,0x11,0x11,0x01,0x00,0x11,0x10,0x00,0x44,0x00,0x1d,0x75,0xd4,
    0x0c,0x03,0x10,0x11,0x05,0x5d,0x50,0x41,0x50,0x5c,0x0c,0x40,0x00,0x31,0x06,0x76,
    0x5d,0x15,0x46,0x45,0x44,0x00,0x56,0x45,0x41,0x00,0x11,0x10,0x00,0x01,0x67,0x44,
    0x15,0xd5,0x51,0x45,0x55,0x91,0x56,0x54,0x75,0x59,0xd5,0x5d,0x74,0x66,0x59,0x50,
    0x00,0x00,0x19,0xd9,0x75,0x74,0x75,0xdd,0xd5,0xd1,0x77,0x17,0x74,0x75,0xd7,0x5d,
    0x45,0x59,0x75,0xd7,0x55,0x55,0xdd,0x75,0x45,0x64,0x11,0x14,0x50,0x01,0x55,0x59,
    0x51,0x65,0x55,0x5d,0x59,0x75,0x95,0x50,0x00,0x15,0x55,0x40,0x55,0x75,0xd6,0x47,
    0x05,0x11,0x45,0x05,0x59,0x45,0xdd,0x59,0x57,0x67,0x65,0x9d,0x55,0x45,0x65,0xd5,
    0x56,0x54,0x00,0x00,0x00,0x00,0x00,0x00,0x17,0x55,0x1d,0x95,0x00,0x00,0x00,0x00,
    0x00,0x00,0x00,0x55,0x51,0xd1,0x6d,0x67,0x77,0x55,0xd5,0x96,0x00,0x51,0x11,0x44,
    0x51,0x45,0x51,0x40,0x59,0xd1,0x75,0x9d,0x55,0x00,0x15,0x14,0x51,0x11,0x51,0x44,
    0x55,0x9d,0x55,0x99,0x15,0xd4,0x10,0x41,0x01,0x11,0x05,0x59,0x54,0x55,0x5d,0x50,
    0x00,0x04,0x11,0x11,0x00,0x00,0x10,0x04,0x00,0x00,0x40,0x00,0x44,0x1f,0x5d,0x50,
    0x31,0x04,0x0c,0x00,0x16,0x75,0x60,0x05,0x00,0x14,0x04,0x00,0x4d,0x04,0x01,0x59,
    0xd6,0x66,0x54,0x56,0x54,0x01,0x55,0x55,0x00,0x11,0x00,0x01,0x10,0x40,0x51,0x54,
    0x16,0x51,0x95,0x56,0x76,0x55,0x9d,0x75,0x59,0xd5,0x5d,0x96,0x55,0x75,0xd5,0xd5,
    0x00,0x04,0x5d,0x5d,0xdd,0x1d,0xdd,0x1d,0x7d,0x17,0x77,0x77,0x5d,0xdd,0x75,0xd4,
    0x5d,0xdd,0xd4,0x55,0x9d,0xb5,0x56,0x54,0x57,0x54,0x14,0x44,0x44,0x00,0x57,0x55,
    0x55,0x56,0x75,0xd5,0x95,0x55,0x59,0x50,0x00,0x55,0x45,0x41,0x67,0x55,0x5d,0x54,
    0x05,0x14,0x51,0x01,0x97,0x55,0x56,0x51,0x99,0x5d,0x51,0x55,0x91,0x95,0xd7,0x59,
    0x14,0x65,0x00,0x00,0x00,0x00,0x00,0x00,0x15,0x9d,0x59,0x75,0x00,0x00,0x00,0x00,
    0x00,0x00,0x00,0x67,0x65,0x59,0xd7,0x75,0xd5,0xdd,0x77,0x75,0x40,0x16,0x44,0x51,
    0x14,0x51,0x15,0x01,0x57,0x55,0x97,0x55,0x60,0x00,0x51,0x45,0x15,0x54,0x45,0x11,
    0x91,0x65,0x19,0x65,0x66,0x50,0x11,0x00,0x10,0x00,0x05,0x75,0x17,0x5d,0xd5,0x00,
    0x44,0x00,0x00,0x00,0x11,0x11,0x01,0x00,0x40,0x40,0x04,0x10,0x00,0x75,0xd7,0x70,
    0x10,0x00,0x41,0x10,0x55,0x56,0x51,0x14,0x15,0x04,0x00,0x14,0x00,0x00,0x41,0x95,
    0x65,0x65,0xd9,0x65,0x14,0x00,0x59,0xd4,0x04,0x00,0x10,0x40,0x00,0x04,0x16,0x14,
    0x15,0x55,0x76,0x75,0x54,0x75,0xd5,0x96,0x5d,0x5d,0xd5,0x75,0xd9,0x55,0x5d,0x59,
    0x55,0x55,0x97,0x74,0x59,0xdd,0xd7,0x77,0x53,0x77,0x77,0x5d,0xf7,0x5d,0xc7,0x46,
    0x75,0x95,0x45,0x76,0x55,0x57,0x65,0x15,0x95,0x94,0x11,0x14,0x50,0x01,0x55,0x65,
    0xd6,0x55,0x55,0x55,0x5d,0x64,0x55,0x60,0x00,0x15,0x55,0x40,0x55,0x64,0x64,0x45,
    0x04,0x44,0x45,0x01,0x75,0x5d,0x91,0x55,0x75,0xd5,0x15,0xd9,0x55,0x5d,0x55,0x65,
    0x65,0x75,0x00,0x00,0x00,0x00,0x00,0x00,0x59,0xd6,0x75,0xd5,0x80,0x00,0x00,0x00,
    0x00,0x00,0x01,0x5d,0x77,0x77,0x5d,0x5d,0x74,0x77,0x59,0x47,0x50,0x05,0x55,0x15,
    0x45,0x15,0x45,0x01,0x65,0x59,0x55,0x54,0x00,0x05,0x54,0x51,0x44,0x45,0x51,0x44,
    0x59,0xd6,0x51,0x51,0x95,0x40,0x44,0x11,0x01,0x10,0x55,0x95,0x51,0x65,0x54,0x25,
    0x55,0x54,0x04,0x44,0x00,0x00,0x10,0x40,0x04,0x04,0x00,0x00,0x41,0xd1,0xdd,0x40,
    0x01,0x10,0x04,0x01,0x67,0x51,0x55,0x50,0x59,0x44,0x10,0x34,0x04,0x01,0x00,0x51,
    0x91,0x91,0x65,0x51,0x54,0x01,0x55,0x54,0x00,0x41,0x00,0x04,0x11,0x00,0x1d,0x74,
    0x19,0xd9,0xd5,0x59,0xd5,0x59,0x59,0x75,0xd5,0x95,0x64,0x56,0x57,0x77,0x65,0x97,
    0x56,0x67,0x75,0xd7,0x77,0x47,0x74,0x77,0x77,0x77,0x45,0xdd,0x45,0xdd,0x96,0x5d,
    0x59,0xd1,0x59,0x97,0x47,0x75,0x51,0x59,0x76,0x54,0x14,0x44,0x44,0x00,0x59,0x55,
    0x55,0x75,0x59,0x59,0x55,0x55,0x5d,0x50,0x00,0x14,0x51,0x41,0x59,0x45,0x55,0x94,
    0x05,0x51,0x45,0x05,0x55,0xd5,0xd5,0x9d,0x55,0x59,0x59,0x54,0x76,0x75,0x9d,0x77,
    0x5d,0x59,0x70,0x00,0x00,0x00,0x00,0x01,0x67,0x5d,0x5d,0x5d,0x40,0x00,0x00,0x00,
    0x00,0x00,0x01,0x96,0x5d,0x95,0xd7,0x74,0x67,0x59,0x1d,0xd5,0x94,0x04,0x44,0x44,
    0x51,0x44,0x51,0x05,0x5d,0x75,0xd5,0xc0,0x00,0x55,0x11,0x14,0x54,0x51,0x14,0x44,
    0x75,0x45,0x40,0x15,0x74,0x41,0x01,0x00,0x10,0x00,0x5d,0x5d,0x92,0x54,0x50,0x55,
    0x99,0x55,0x40,0x01,0x11,0x11,0x00,0x04,0x00,0x40,0x41,0x04,0x01,0xdd,0x75,0x01,
    0x10,0x0c,0x40,0x05,0x55,0x95,0xd5,0x05,0x55,0x48,0x0c,0x14,0x00,0x10,0x10,0x56,
    0x55,0x56,0x51,0x95,0x94,0x02,0x5d,0x50,0x10,0x10,0x11,0x00,0x00,0x11,0x05,0x16,
    0x15,0x5d,0x59,0xd5,0x67,0x57,0x57,0x55,0x65,0x19,0x15,0x9d,0x45,0x59,0x5d,0x75,
    0x75,0xd5,0x5d,0x4d,0x9d,0xdd,0x71,0xdd,0x37,0x77,0xdd,0xd8,0xdd,0xd4,0xdd,0xd7,
    0x77,0x57,0x75,0xd5,0x55,0x59,0x15,0x97,0x55,0x18,0x11,0x11,0x10,0x01,0x55,0x75,
    0x96,0x56,0x55,0x95,0xd6,0x56,0x55,0x50,0x00,0x15,0x55,0x40,0x57,0x56,0x74,0x76,
    0x04,0x44,0x51,0x01,0x66,0x59,0x59,0x56,0x76,0x45,0x95,0xd5,0x57,0x55,0xd6,0x55,
    0x75,0xd7,0x54,0x00,0x00,0x00,0x00,0x05,0x75,0x75,0xd5,0xd6,0x50,0x00,0x00,0x00,
    0x00,0x00,0x05,0x75,0xd5,0x1d,0x9d,0x99,0xdd,0x91,0x75,0x77,0x75,0x01,0x51,0x55,
    0x14,0x55,0x14,0x05,0x95,0x55,0x50,0x00,0x15,0x51,0x55,0x45,0x11,0x45,0x45,0x11,
    0x59,0x96,0x00,0x06,0x59,0x41,0x10,0x11,0x01,0x05,0x55,0xd5,0x41,0x75,0x41,0x67,
    0x57,0x65,0x50,0x40,0x00,0x00,0x11,0x00,0x40,0x00,0x00,0x00,0x01,0xd3,0x54,0x00,
    0x03,0x10,0x08,0x16,0x75,0x5d,0x56,0x16,0x76,0x45,0x00,0x56,0x0c,0x14,0x00,0x95,
    0x19,0x19,0x15,0x19,0x14,0x00,0x55,0x50,0x01,0x01,0x00,0x11,0x11,0x00,0x16,0x54,
    0x17,0x55,0x95,0x67,0x55,0x95,0x9d,0x67,0x51,0x55,0x59,0x55,0x59,0xd4,0x54,0x57,
    0x59,0x77,0x97,0x67,0x74,0x76,0xd7,0x67,0x75,0xdd,0x1d,0xdd,0x77,0x77,0x5d,0x76,
    0x75,0x19,0x5d,0x5d,0xd9,0x95,0x65,0xd5,0x65,0x5c,0x45,0x14,0x50,0x00,0x56,0x55,
    0x55,0x55,0x75,0x55,0x55,0x75,0x59,0x50,0x00,0x15,0x15,0x40,0x59,0x65,0x59,0x64,
    0x05,0x15,0x11,0x41,0x5d,0x54,0x57,0x75,0x54,0x55,0xdd,0x67,0x65,0x65,0x59,0x17,
    0x56,0x75,0x65,0x00,0x00,0x00,0x00,0x57,0x5d,0xd6,0x51,0x65,0xd4,0x00,0x00,0x00,
    0x00,0x00,0x17,0x5d,0x47,0x5d,0xd1,0xd1,0x77,0x17,0x5d,0x99,0x59,0x00,0x54,0x44,
    0x45,0x11,0x44,0x15,0x75,0xd5,0x00,0x01,0x51,0x14,0x44,0x51,0x54,0x51,0x11,0x51,
    0x91,0x44,0x05,0x0d,0x95,0x01,0x11,0x00,0x10,0x01,0x76,0x59,0x5d,0x59,0x06,0x55,
    0x55,0x56,0x54,0x11,0x11,0x11,0x00,0x44,0x04,0x10,0x41,0x04,0x07,0x47,0x74,0x0c,
    0x41,0x01,0x00,0x55,0x59,0xd5,0x94,0x15,0x55,0x44,0x00,0x55,0x00,0x55,0x04,0x19,
    0x59,0x65,0x66,0x55,0x54,0x01,0x56,0x60,0x40,0x10,0x10,0x00,0x00,0x10,0x04,0x45,
    0x05,0x99,0x77,0x55,0x1d,0x75,0xd5,0x45,0x55,0x9d,0x97,0x74,0x65,0x65,0x95,0x9d,
    0x9d,0x5d,0x75,0x35,0xd1,0xd7,0x1d,0xdc,0x5d,0xd1,0x77,0x74,0x75,0xd1,0xd1,0xdd,
    0x51,0x5d,0xd5,0xd5,0x5d,0x47,0x5d,0x5d,0x77,0x50,0x51,0x11,0x10,0x01,0x55,0x59,
    0x75,0xd7,0x55,0x75,0x96,0x55,0x55,0x50,0x00,0x15,0x54,0x41,0x55,0x5d,0x9d,0xd5,
    0x01,0x44,0x54,0x41,0x95,0x15,0x95,0x59,0x15,0x65,0x55,0x55,0x97,0x5d,0x95,0x75,
    0x91,0x59,0xdd,0x50,0x00,0x00,0x07,0x65,0xd5,0x64,0x59,0xd1,0x56,0x00,0x00,0x00,
    0x00,0x00,0x59,0x67,0x59,0xd6,0x57,0x5d,0xd5,0xf5,0xd8,0x77,0x45,0x40,0x45,0x45,
    0x51,0x54,0x50,0x16,0x55,0x50,0x00,0x55,0x45,0x45,0x15,0x14,0x45,0x15,0x54,0x44,
    0x56,0x54,0x10,0x41,0x64,0x34,0x00,0x10,0x00,0x50,0x55,0x14,0x55,0x95,0x25,0x75,
    0x80,0x00,0x54,0x00,0x00,0x00,0x44,0x00,0x00,0x00,0x00,0x00,0x1d,0x1d,0x50,0x10,
    0x30,0x00,0x81,0x59,0xd5,0x59,0x50,0x59,0xd9,0xc5,0x05,0x65,0x51,0x55,0x57,0x16,
    0x64,0x51,0x51,0x44,0x64,0x00,0x55,0x40,0x04,0x01,0x01,0x11,0x04,0x01,0x05,0x5d,
    0x05,0x75,0xd5,0x45,0x56,0x59,0x51,0x56,0x76,0x55,0xd5,0x55,0x9d,0x5d,0x77,0x55,
    0x75,0xd6,0x47,0x5d,0x47,0x74,0x77,0x75,0xdd,0xdd,0xd9,0xc7,0x5d,0xdd,0x77,0x54,
    0x75,0xd5,0x66,0x51,0x95,0x55,0x95,0x96,0x55,0x50,0x44,0x45,0x10,0x00,0x59,0x55,
    0x55,0x55,0x59,0x55,0x55,0x56,0x75,0x60,0x00,0x14,0x55,0x50,0x67,0x55,0x54,0x47,
    0x04,0x45,0x05,0x01,0x75,0x67,0x5d,0x95,0x67,0x5d,0x9d,0x85,0x75,0x65,0x1d,0x59,
    0x57,0x5d,0x56,0x56,0xc4,0x0d,0x15,0x77,0x6d,0xd5,0xdd,0x55,0x9d,0x40,0x00,0x00,
    0x00,0x01,0x75,0xd5,0xdd,0x74,0x75,0xdd,0x77,0x77,0x77,0x5d,0x5d,0x50,0x14,0x51,
    0x14,0x45,0x10,0x55,0xd7,0x40,0x05,0x51,0x94,0x51,0x44,0x51,0x51,0x44,0x45,0x45,
    0x45,0x18,0x11,0x10,0x54,0x11,0x11,0x01,0x10,0x54,0x19,0x55,0x99,0x14,0x17,0x54,
    0x00,0x00,0x05,0x04,0x44,0x44,0x00,0x44,0x41,0x04,0x10,0x41,0x07,0x77,0x40,0x01,
    0x04,0x10,0x05,0x75,0x5d,0x94,0x41,0x55,0x5d,0x45,0x55,0x5d,0x55,0x09,0x65,0x05,
    0x45,0x65,0x15,0x95,0x44,0x01,0x59,0x41,0x00,0x40,0x10,0x00,0x00,0x40,0x07,0x45,
    0x05,0x55,0x59,0x59,0xd9,0x75,0x16,0x67,0x55,0xdd,0x5d,0x9d,0x57,0x55,0xd5,0x74,
    0x54,0x64,0x57,0x97,0xdd,0x77,0x5d,0xc7,0x77,0x1d,0xdd,0x17,0x77,0x47,0x46,0x47,
    0x5d,0x9d,0xd1,0x65,0x74,0x67,0x59,0x75,0x19,0x90,0x45,0x11,0x50,0x01,0x55,0xd7,
    0x59,0x65,0x95,0x65,0xd4,0x55,0x56,0x50,0x00,0x15,0x45,0x40,0x55,0x9d,0xd9,0x55,
    0x05,0x11,0x51,0x40,0x56,0x55,0x65,0x47,0x55,0x95,0x55,0x59,0xd6,0x51,0x55,0xd4,
    0x75,0x94,0x74,0x75,0x55,0x55,0x6d,0xd6,0x57,0x47,0x55,0xd9,0xd5,0x50,0x00,0x00,
    0x00,0x05,0x97,0x5d,0x67,0x59,0xdd,0x1f,0x77,0x1d,0x77,0x17,0x76,0x50,0x16,0x45,
    0x45,0x51,0x50,0x59,0x55,0x40,0x56,0x14,0x45,0x14,0x55,0x14,0x54,0x54,0x51,0x11,
    0x59,0x50,0x41,0x04,0x14,0x04,0x00,0x10,0x01,0x75,0x05,0x9d,0x75,0x5c,0x55,0x94,
    0x00,0x00,0x05,0x40,0x00,0x00,0x44,0x00,0x00,0x00,0x00,0x00,0x1d,0x1d,0x43,0x10,
    0x00,0x81,0x05,0x56,0x55,0x45,0x75,0x9d,0xd5,0x06,0x59,0xd5,0x90,0x00,0x55,0x05,
    0x96,0x51,0x64,0x51,0x54,0x02,0x55,0x40,0x10,0x04,0x01,0x04,0x44,0x04,0x41,0x59,
    0x49,0x9d,0x14,0x65,0x57,0x55,0x65,0xd5,0x67,0x55,0x95,0x16,0x75,0x91,0x59,0xd5,
    0x9d,0x75,0xdd,0x74,0x76,0x47,0x77,0x5d,0xdd,0xdd,0xdd,0xdd,0xdd,0x1d,0xe7,0x75,
    0xd9,0xd6,0x55,0xd7,0x55,0x95,0x75,0xd5,0x54,0x71,0x11,0x14,0x10,0x00,0x55,0x55,
    0x55,0x55,0x57,0x55,0x55,0x67,0x55,0x50,0x00,0x15,0x54,0x50,0x5d,0x55,0x5d,0x1d,
    0x01,0x54,0x44,0x40,0x55,0xdd,0x5d,0x55,0x75,0x77,0x46,0x75,0x54,0x55,0x9d,0x65,
    0x59,0xd5,0x95,0xdd,0xde,0xde,0x5d,0x77,0x75,0x65,0x9d,0x67,0x5d,0x95,0x00,0x00,
    0x02,0x55,0x75,0x94,0x75,0x1d,0x76,0x74,0x5d,0xdf,0x51,0xf5,0x97,0x5c,0x14,0x51,
    0x11,0x14,0x40,0x57,0x5d,0x41,0x51,0x45,0x51,0x45,0x11,0x45,0x11,0x45,0x15,0x51,
    0x94,0x60,0x10,0x44,0x10,0x41,0x11,0x01,0x05,0xd5,0x45,0xd6,0x57,0x50,0x67,0x50,
    0x00,0x00,0x01,0x41,0x11,0x10,0x00,0x41,0x04,0x10,0x41,0x04,0xdd,0xf7,0x00,0x03,
    0x10,0x0c,0x16,0x75,0xd9,0x55,0x55,0x55,0x59,0x05,0x75,0x65,0x41,0x54,0x9d,0x05,
    0x45,0x15,0x95,0x56,0x14,0x00,0x56,0x41,0x01,0x00,0x40,0x00,0x00,0x40,0x05,0x11,
    0xc1,0x55,0x65,0x5d,0xd5,0x47,0x5d,0x5d,0x45,0x64,0x51,0x55,0x54,0x56,0x75,0x67,
    0x56,0x5d,0x67,0x77,0x5d,0xf7,0x5d,0x1d,0xd1,0xd9,0xd1,0xdd,0x74,0x67,0x75,0xd9,
    0x75,0x75,0x1d,0x5d,0x66,0x77,0x55,0x51,0x95,0x41,0x44,0x44,0x50,0x01,0x59,0x65,
    0x96,0x5d,0x65,0x59,0x65,0x55,0x59,0x50,0x00,0x14,0x55,0x40,0x56,0x76,0x54,0x66,
    0x04,0x44,0x51,0x40,0x5d,0x56,0x56,0x76,0x59,0xd5,0x57,0x57,0x65,0x75,0xd5,0x9d,
    0xd7,0x5d,0xdd,0x59,0x75,0x75,0xd7,0x64,0x51,0xdd,0xd7,0x45,0x65,0x75,0x54,0x81,
    0x15,0x5d,0x97,0x75,0x97,0x77,0x51,0xdf,0x75,0xc5,0xdf,0x77,0x45,0xd4,0x05,0x15,
    0x55,0x45,0x50,0x65,0x55,0x41,0x65,0x51,0x14,0x51,0x51,0x11,0x54,0x51,0x44,0x44,
    0x46,0x51,0x11,0x11,0x00,0x44,0x00,0x10,0x00,0x19,0x59,0x55,0xd5,0x51,0x55,0x40,
    0x00,0x00,0x00,0x50,0x00,0x04,0x44,0x10,0x00,0x00,0x00,0x00,0x44,0x45,0x04,0x41,
    0x01,0x10,0x55,0x59,0x54,0x67,0x67,0x67,0x65,0x16,0x57,0x51,0x05,0x64,0x15,0x46,
    0x55,0x59,0x11,0x11,0x54,0x01,0x55,0x40,0x10,0x10,0x04,0x44,0x40,0x04,0x05,0x95,
    0x41,0xd9,0x97,0x55,0x67,0x55,0x95,0x96,0x56,0x55,0x65,0x9d,0xd9,0x75,0x51,0x95,
    0xdd,0xd7,0x75,0x4d,0xd4,0x5d,0xd1,0xdd,0xb7,0x77,0x77,0x77,0x61,0xdc,0x5d,0x77,
    0x51,0xd7,0x56,0x75,0x91,0x55,0x64,0x65,0x75,0x41,0x11,0x45,0x10,0x00,0x55,0x55,
    0x55,0xd5,0x55,0x55,0x56,0x56,0x55,0x50,0x00,0x15,0x45,0x50,0x65,0x55,0x19,0x75,
    0x01,0x45,0x14,0x40,0x15,0x95,0x17,0x55,0xd5,0x59,0x95,0x65,0x5d,0x59,0x59,0x15,
    0x75,0x16,0x57,0x77,0x5d,0xd9,0xdd,0x1d,0x76,0x55,0x75,0x57,0x51,0x59,0x95,0x55,
    0x57,0x59,0x75,0x5d,0x75,0xc5,0xdd,0x77,0x77,0x7d,0xdd,0xd5,0xd7,0x54,0x05,0x44,
    0x44,0x51,0x10,0x55,0xd1,0x60,0x51,0x15,0x45,0x14,0x55,0x54,0x45,0x14,0x54,0x51,
    0x59,0x40,0x44,0x04,0x01,0x11,0x11,0x00,0x51,0x01,0x65,0xd1,0x51,0x81,0x9d,0x40,
    0x00,0x00,0x00,0x54,0x11,0x00,0x00,0x01,0x04,0x10,0x41,0x01,0xdd,0xdc,0x00,0x00,
    0x20,0x01,0x59,0xd5,0x15,0x55,0x55,0x75,0x55,0x05,0x75,0x55,0x16,0x54,0x59,0x41,
    0x44,0x45,0x55,0x55,0x14,0x00,0x59,0x41,0x01,0x01,0x00,0x00,0x04,0x40,0x44,0x74,
    0x53,0x45,0x75,0x9d,0x95,0x99,0x75,0x75,0xd5,0xdd,0x5d,0x56,0x57,0x59,0xd5,0xd1,
    0x65,0x45,0x9d,0xd5,0x9f,0x75,0xc7,0x77,0x47,0x5d,0x1d,0xd4,0x77,0x75,0xd1,0xd4,
    0x65,0x65,0x75,0x54,0x55,0xd9,0x15,0x57,0x59,0x04,0x44,0x44,0x50,0x01,0x57,0x5d,
    0x75,0x55,0x97,0x51,0x75,0x75,0x51,0x50,0x00,0x15,0x54,0x50,0x57,0x67,0x57,0x51,
    0x04,0x51,0x11,0x10,0x15,0x75,0x65,0x65,0x64,0x51,0x76,0x51,0x96,0x75,0xd5,0x5d,
    0x96,0x5d,0x1d,0x91,0xd9,0x1d,0x16,0x57,0x67,0x78,0x51,0xe5,0xd6,0xd5,0x75,0x59,
    0x99,0x75,0xd4,0x67,0x51,0xbd,0xd7,0x71,0xdd,0x1f,0x5c,0x7d,0x65,0x19,0x01,0x95,
    0x14,0x45,0x60,0x95,0x55,0x50,0x55,0x44,0x51,0x55,0x10,0x15,0x11,0x45,0x11,0x44,
    0x65,0x41,0x01,0x11,0x40,0x40,0x00,0x01,0x75,0x50,0xd5,0x56,0x65,0x45,0x55,0x00,
    0x00,0x00,0x00,0x14,0x00,0x44,0x44,0x40,0x00,0x00,0x00,0x01,0x1d,0xdc,0x30,0x4c,
    0x01,0x0d,0x65,0x51,0x59,0xdd,0x9d,0x56,0x47,0x16,0x56,0x64,0x17,0x54,0x15,0x41,
    0x55,0x54,0x44,0x45,0x54,0x01,0x55,0x40,0x10,0x10,0x11,0x10,0x40,0x04,0x05,0x45,
    0xd0,0x5f,0x55,0xd5,0x74,0x57,0x57,0x55,0x67,0x56,0x75,0xd9,0x15,0x65,0x67,0x56,
    0x51,0x99,0xd4,0x6d,0xc5,0xdd,0xd9,0xd9,0xdd,0xd1,0xdd,0x47,0x5d,0x77,0x59,0x45,
    0xdd,0xd1,0x97,0x45,0x75,0x55,0x5d,0x9d,0x55,0x04,0x51,0x11,0x10,0x00,0x55,0x55,
    0x55,0x65,0x55,0x55,0x55,0x55,0x15,0x50,0x00,0x14,0x55,0x40,0x65,0x55,0x64,0x65,
    0x01,0x14,0x54,0x50,0x16,0x59,0xd7,0x51,0x45,0x95,0x54,0x55,0x45,0x56,0x51,0xd5,
    0x45,0xd5,0xd4,0x55,0x91,0x75,0x77,0x77,0x75,0xd5,0xd6,0x5d,0x65,0x5d,0x59,0xd7,
    0x57,0x57,0x59,0xd5,0x19,0xdd,0xdd,0xdd,0xdd,0xdd,0x17,0xd4,0x77,0x55,0x01,0x44,
    0x45,0x51,0x10,0x17,0x65,0x90,0x11,0x15,0x15,0x10,0x00,0x24,0x54,0x51,0x54,0x55,
    0x51,0x80,0x44,0x44,0x11,0x11,0x11,0x05,0x16,0x54,0x17,0x65,0x5d,0x49,0xd9,0x00,
    0x00,0x00,0x00,0xd5,0x04,0x00,0x00,0x10,0x41,0x04,0x10,0x41,0xdc,0x70,0x10,0x04,
    0x40,0x05,0x5d,0xd5,0x95,0x55,0x56,0x45,0x55,0x55,0xd5,0x10,0x55,0x9c,0x59,0x41,
    0x45,0x15,0x55,0x54,0x44,0x00,0x57,0x71,0x01,0x01,0x00,0x00,0x04,0x00,0x17,0x5d,
    0x58,0xd5,0x1d,0x59,0x15,0x75,0x65,0x91,0x75,0x65,0x56,0x55,0x5d,0x9d,0x15,0x67,
    0x75,0xd7,0x5d,0x57,0x77,0x5c,0x5d,0xdd,0x17,0x77,0x74,0x76,0xd7,0x5d,0xdd,0xdd,
    0x57,0x57,0x5d,0x59,0x59,0xd1,0xd5,0xd5,0x94,0x11,0x14,0x51,0x44,0x01,0x59,0x66,
    0x59,0x55,0x16,0x59,0x96,0x59,0x55,0x90,0x00,0x15,0x45,0x50,0x16,0x46,0x56,0x77,
    0x05,0x45,0x11,0x14,0x05,0xd5,0x55,0x65,0x95,0x76,0x55,0x59,0xd7,0x45,0xd5,0x64,
    0x5d,0x76,0x75,0xdd,0xd7,0x5d,0xdd,0xdd,0x1d,0x77,0x67,0x56,0x77,0x57,0x65,0x65,
    0x75,0x65,0x45,0x77,0x5d,0x47,0x45,0x9f,0x46,0x71,0xdd,0xf6,0x5d,0x9d,0x01,0x55,
    0x51,0x14,0x54,0x05,0x5d,0x50,0x14,0x45,0x44,0x00,0x15,0x55,0x15,0x14,0x45,0x11,
    0x96,0x41,0x11,0x01,0x10,0x40,0x00,0x17,0x65,0xd5,0x05,0x9d,0xd6,0x55,0x55,0x00,
    0x00,0x00,0x00,0x15,0x40,0x44,0x44,0x00,0x00,0x00,0x00,0x07,0x40,0x00,0x41,0x00,
    0x04,0x16,0x55,0x59,0x77,0x67,0x45,0x56,0x59,0x9d,0x59,0x51,0x67,0x54,0x97,0x61,
    0x54,0x51,0x45,0x15,0x54,0x01,0x55,0x50,0x00,0x10,0x10,0x44,0x40,0x44,0x01,0x14,
    0x44,0x11,0x91,0x95,0x59,0x96,0x45,0x16,0x56,0x51,0xd5,0x1d,0xd5,0x55,0x5d,0x95,
    0x59,0x75,0x16,0xdd,0xd6,0xdd,0xb7,0x51,0x77,0x5d,0xd7,0x67,0x77,0x75,0x91,0x56,
    0x75,0x75,0x75,0x97,0x65,0x55,0x65,0x59,0x14,0x11,0x44,0x44,0x50,0x00,0x55,0x55,
    0x55,0x15,0x55,0x55,0x55,0x15,0x59,0x50,0x00,0x14,0x55,0x50,0x57,0x55,0xdd,0x15,
    0x01,0x11,0x44,0x41,0x01,0x51,0x91,0x97,0x5d,0x55,0xc8,0xd5,0x55,0x59,0x59,0xd5,
    0xd6,0x5d,0x5d,0x9d,0xf7,0x77,0x47,0x64,0xf7,0x4d,0x75,0xdd,0x55,0x19,0x5d,0xd7,
    0x57,0x51,0x97,0x59,0x97,0x7d,0xdd,0xd1,0xf7,0x77,0x67,0x45,0xd5,0x15,0x41,0x11,
    0x14,0x45,0x45,0x01,0x55,0xd4,0x15,0x50,0x00,0x25,0x64,0x44,0x51,0x45,0x51,0x51,
    0x45,0x04,0x40,0x44,0x44,0x11,0x10,0x74,0x5d,0x59,0x41,0x55,0x65,0x76,0x46,0x00,
    0x00,0x00,0x00,0x15,0x50,0x00,0x00,0x44,0x10,0x41,0x04,0x04,0x05,0xc0,0x00,0xc8,
    0x40,0x55,0xd9,0x97,0x55,0x55,0x59,0xd4,0x05,0x55,0x97,0x5d,0x55,0x50,0x55,0x41,
    0x45,0x55,0x55,0x51,0x54,0x00,0x59,0x50,0x44,0x01,0x00,0x00,0x04,0x00,0x10,0x05,
    0x55,0x06,0xd7,0x47,0x57,0x5d,0x56,0x55,0xd5,0x15,0x67,0x55,0x67,0x47,0x65,0xdd,
    0x17,0x5d,0x67,0x5d,0x75,0x45,0xd7,0x77,0x77,0x75,0xdd,0xdd,0x75,0x18,0x75,0xe0,
    0x02,0x57,0x59,0x15,0x77,0x67,0x5d,0x91,0x5c,0x14,0x44,0x51,0x10,0x01,0x56,0x75,
    0x9d,0x59,0x65,0xd6,0x75,0x55,0x95,0x50,0x00,0x15,0x51,0x40,0x15,0x65,0x55,0x74,
    0x05,0x44,0x51,0x11,0x00,0x55,0x55,0x75,0x55,0x20,0x00,0x01,0x76,0x65,0xd7,0x5d,
    0x67,0x46,0xd9,0xd7,0x45,0xd9,0xf6,0x77,0x75,0xdd,0xd7,0x54,0x75,0x65,0x15,0x55,
    0x95,0x15,0xd6,0x75,0xdd,0x74,0xd7,0x77,0x77,0x7d,0xdd,0xd9,0xd1,0x76,0x41,0x45,
    0x91,0x51,0x15,0x40,0x5d,0x54,0x04,0x40,0x05,0x54,0x55,0x51,0x44,0x54,0x44,0x44,
    0x59,0x41,0x11,0x10,0x11,0x10,0x00,0x51,0x55,0x55,0x52,0x46,0x51,0x54,0x55,0x00,
    0x00,0x00,0x00,0x59,0x90,0x44,0x44,0x00,0x00,0x00,0x00,0x10,0x55,0x54,0x10,0x10,
    0x03,0x59,0x54,0x55,0x66,0x46,0x65,0x58,0x05,0xd9,0x45,0x55,0xb6,0x50,0x5d,0x50,
    0x54,0x44,0x51,0x55,0x14,0x01,0x55,0x90,0x00,0x40,0x11,0x10,0x40,0x40,0x14,0x40,
    0x25,0x05,0x47,0x76,0xd9,0x55,0xd5,0xd9,0x45,0x59,0x75,0x66,0x55,0x95,0x5d,0x55,
    0x75,0xd6,0x75,0xd4,0x5f,0x5d,0x74,0x5d,0xdd,0x1d,0x19,0x77,0x51,0x95,0xd7,0x00,
    0x00,0x05,0x95,0x77,0x55,0x45,0x95,0x15,0x50,0x44,0x45,0x11,0x10,0x00,0x55,0x55,
    0x55,0x55,0x55,0x55,0x55,0x65,0x57,0x50,0x00,0x15,0x15,0x50,0x59,0x77,0x64,0x59,
    0x01,0x15,0x11,0x11,0x00,0x56,0x77,0x55,0x80,0x00,0x00,0x00,0x55,0xd7,0x59,0x65,
    0xd5,0x5d,0x45,0x1d,0x3d,0x9d,0x1f,0x77,0x4d,0x71,0x65,0x19,0x5d,0x9d,0x5d,0x9d,
    0x46,0x59,0x77,0x51,0x75,0xdd,0xf5,0x17,0x75,0xd4,0x75,0x9d,0x67,0x59,0xc0,0x51,
    0x14,0x55,0x44,0x50,0x05,0x55,0x04,0x01,0x54,0x45,0x11,0x14,0x55,0x14,0x55,0x55,
    0x95,0x04,0x11,0x05,0x04,0x41,0x01,0x19,0x94,0x00,0x15,0x55,0x15,0x95,0x65,0x00,
    0x00,0x00,0x00,0x55,0x54,0x00,0x00,0x41,0x10,0x10,0x40,0x41,0x5d,0x55,0x01,0x00,
    0xc1,0x57,0x65,0x76,0x51,0x55,0xd7,0x50,0x05,0x57,0x56,0x59,0x55,0x10,0x56,0x50,
    0x55,0x55,0x55,0x15,0x54,0x00,0x59,0x54,0x10,0x04,0x00,0x00,0x04,0x00,0x44,0x44,
    0x01,0x43,0x75,0x11,0x47,0x46,0x6d,0x74,0x76,0x75,0xd6,0x5d,0x1d,0x76,0xd5,0x1d,
    0x9d,0x64,0x5d,0x45,0x95,0xdd,0xdd,0xd9,0xd6,0x5d,0x77,0x45,0x1d,0xdd,0x50,0x1d,
    0xdd,0x01,0x47,0x55,0x91,0x55,0x75,0x59,0x41,0x11,0x11,0x11,0x44,0x01,0x59,0x59,
    0x56,0x59,0x75,0x97,0x59,0x57,0x55,0x50,0x00,0x15,0x54,0x50,0x15,0x55,0x5d,0x85,
    0x05,0x11,0x44,0x44,0x50,0x05,0x55,0x58,0x00,0x01,0x50,0xc0,0x16,0x55,0x45,0xd7,
    0x5d,0xd7,0x5d,0x75,0xdd,0xdd,0xf4,0x5d,0xdd,0x9f,0x77,0x5d,0xd6,0x55,0xd5,0xd6,
    0x55,0xd7,0x55,0xd7,0x51,0x77,0x77,0x77,0x74,0x75,0xdb,0x47,0x75,0x9d,0x41,0x65,
    0x45,0x11,0x15,0x14,0x01,0x59,0x00,0x15,0x91,0x51,0x54,0x45,0x11,0x45,0x11,0x11,
    0x45,0x01,0x04,0x40,0x41,0x10,0x10,0x75,0x50,0x00,0x01,0x65,0x59,0x76,0x5d,0x00,
    0x00,0x00,0x00,0x67,0x75,0x04,0x44,0x05,0x54,0x00,0x04,0x05,0x56,0x75,0x80,0x04,
    0x05,0x95,0x5d,0x55,0x15,0x9d,0x55,0x50,0x05,0x95,0x65,0x40,0x5d,0x51,0x65,0xd0,
    0x51,0x54,0x51,0x51,0x44,0x01,0x55,0x54,0x01,0x00,0x41,0x04,0x40,0x41,0x11,0x11,
    0x00,0x10,0x51,0x97,0x74,0x74,0x44,0x53,0x67,0x56,0x55,0x15,0x56,0x55,0x51,0x65,
    0xd6,0x45,0xd4,0x5b,0x78,0x67,0x65,0x9d,0x47,0x77,0x64,0x5d,0x97,0x5d,0xc3,0x71,
    0xdf,0x70,0x15,0x65,0x56,0x76,0x59,0xd5,0xc1,0x45,0x11,0x14,0x50,0x00,0x55,0xd5,
    0xd5,0x55,0x55,0x55,0x55,0xd5,0x65,0x50,0x00,0x14,0x55,0x50,0x59,0xd9,0x15,0x5d,
    0x01,0x44,0x44,0x44,0x10,0x01,0x59,0x00,0x04,0x55,0x03,0x5c,0x01,0x74,0x56,0x51,
    0x64,0x65,0xd7,0x5d,0xdc,0x77,0x47,0x74,0xf7,0x74,0x5d,0x65,0x64,0x75,0x66,0x54,
    0x76,0x5d,0x6d,0x65,0x97,0x61,0xd1,0x9d,0x45,0xdd,0x75,0x55,0xd7,0x55,0x40,0x51,
    0x51,0x51,0x45,0x45,0x00,0x40,0x05,0x51,0x14,0x54,0x45,0x51,0x54,0x51,0x54,0x51,
    0x59,0x04,0x41,0x11,0x10,0x40,0x11,0x65,0xc0,0x00,0x00,0x5d,0x97,0x57,0x55,0x40,
    0x00,0x00,0x03,0x55,0x55,0x00,0x00,0x15,0x75,0x01,0x00,0x15,0xd9,0x59,0x40,0x40,
    0x15,0x76,0x55,0x9d,0x57,0x55,0x91,0x94,0x15,0x76,0x5d,0x40,0x55,0x91,0x9d,0x50,
    0x55,0x15,0x55,0x55,0x54,0x00,0x57,0x55,0x00,0x10,0x00,0x00,0x04,0x01,0x11,0x14,
    0x51,0x04,0x17,0x74,0x5d,0x9d,0xd5,0xc1,0x85,0x65,0xd1,0x59,0xd5,0x19,0x16,0x5d,
    0x51,0x5d,0x65,0xd5,0xd5,0xdd,0x1d,0x1d,0xdd,0xd6,0x45,0xd9,0xdd,0xd5,0x07,0x1d,
    0x34,0xdc,0x05,0xdd,0x19,0x57,0x51,0x55,0x04,0x44,0x51,0x44,0x44,0x01,0x55,0x55,
    0x56,0x5d,0x65,0x96,0x5d,0x56,0x55,0x60,0x00,0x15,0x45,0x50,0x15,0x55,0x5b,0x46,
    0x04,0x51,0x11,0x11,0x11,0x00,0x34,0x00,0x45,0x5c,0x07,0xf4,0x00,0x55,0x9d,0x56,
    0x75,0x77,0x67,0x76,0xc7,0x5d,0xdf,0x75,0xd1,0x5f,0x75,0xdd,0xd5,0x5d,0x95,0x15,
    0x55,0xd5,0xd5,0xdd,0xdd,0x57,0x1d,0xd7,0x6d,0x67,0x51,0xf7,0x51,0x77,0x41,0x14,
    0x54,0x44,0x50,0x44,0x50,0x00,0x54,0x65,0x45,0x11,0x51,0x14,0x45,0x14,0x45,0x14,
    0x95,0x04,0x44,0x44,0x44,0x10,0x73,0x45,0x00,0x00,0x00,0xd5,0x75,0x45,0x75,0x80,
    0x00,0x00,0x01,0x5d,0x19,0x41,0x10,0x17,0x55,0x40,0x00,0x56,0x57,0x55,0x70,0x30,
    0x56,0x55,0xd1,0x55,0x95,0x67,0x55,0x55,0x56,0x55,0x15,0x00,0x65,0x55,0x55,0x90,
    0x51,0x51,0x45,0x14,0x54,0x01,0x55,0x65,0x41,0x01,0x11,0x11,0x00,0x04,0x44,0x44,
    0x44,0x40,0x05,0x91,0x85,0x1d,0x47,0x05,0x74,0x75,0x56,0x75,0x67,0x57,0x59,0xd5,
    0x15,0xd6,0x77,0x6d,0x77,0x55,0x75,0xd4,0x57,0x47,0x5d,0xdd,0x75,0x46,0x07,0x77,
    0x4d,0xc5,0xc1,0x55,0x57,0x75,0x55,0x94,0x11,0x11,0x11,0x11,0x10,0x00,0x59,0x65,
    0x95,0x55,0x55,0x75,0x55,0x65,0x5d,0x50,0x00,0x14,0x54,0x50,0x17,0x67,0x55,0x15,
    0x01,0x11,0x10,0x44,0x44,0x40,0x00,0x05,0x5d,0x80,0x3d,0xfd,0xc0,0x16,0x55,0xdd,
    0x57,0x59,0x1d,0x91,0x77,0xdd,0xd1,0xdd,0xdd,0xd7,0x59,0x56,0x47,0x56,0x45,0x67,
    0x67,0x59,0x5d,0x55,0x46,0xdd,0xd7,0x76,0x77,0x75,0x19,0x5d,0x96,0x51,0x40,0x45,
    0x05,0x15,0x14,0x55,0x00,0x15,0x45,0x14,0x55,0x45,0x15,0x45,0x51,0x45,0x51,0x45,
    0x45,0x04,0x10,0x10,0x11,0x01,0x41,0x54,0x00,0x00,0x00,0x16,0x56,0x56,0x59,0x50,
    0x00,0x00,0x05,0x54,0x55,0x50,0x00,0x55,0x65,0x50,0x41,0x75,0x75,0x47,0x50,0x01,
    0x65,0xd9,0x55,0xd9,0x76,0x55,0x67,0x65,0x65,0xd9,0x55,0x00,0x57,0x76,0x75,0x54,
    0x55,0x55,0x55,0x55,0x44,0x00,0x59,0x55,0x50,0x10,0x00,0x00,0x10,0x14,0x51,0x11,
    0x14,0x44,0x00,0x57,0x5d,0xd4,0x5c,0x10,0x5d,0xd7,0x65,0x57,0x55,0x75,0x65,0x5d,
    0x66,0x5d,0x5d,0x57,0x59,0xd2,0x5d,0x75,0xdd,0x5d,0xdd,0x77,0x51,0xd7,0x34,0xd3,
    0xdd,0x1f,0x41,0x66,0x75,0x59,0x19,0x50,0x14,0x51,0x44,0x44,0x50,0x01,0x55,0x55,
    0x5d,0x65,0x9d,0x55,0x96,0x55,0xd5,0x50,0x00,0x15,0x55,0x50,0x55,0x55,0x9d,0x67,
    0x05,0x11,0x11,0x11,0x11,0x10,0x00,0x59,0x15,0x01,0xdf,0x7f,0x70,0x05,0x76,0x57,
    0x75,0x91,0x54,0x57,0xdd,0x17,0x7d,0xd7,0x4d,0xdd,0x91,0xd1,0x55,0xb5,0x5d,0x75,
    0x75,0x64,0x66,0x47,0x55,0x75,0x75,0x9d,0x15,0xd1,0x9d,0xd4,0x75,0xd5,0x81,0x44,
    0x52,0x41,0x05,0x00,0x01,0x44,0x51,0x45,0x11,0x14,0x44,0x51,0x14,0x51,0x14,0x51,
    0x59,0x04,0x44,0x44,0x44,0x05,0x41,0x64,0x00,0x00,0x00,0x05,0x75,0xd5,0xd5,0xd4,
    0x00,0x00,0x15,0x40,0x53,0x54,0x11,0x5d,0x91,0x90,0x01,0x57,0x56,0x55,0x50,0x41,
    0x5d,0x57,0x65,0x51,0x55,0xd1,0x75,0x5d,0x9d,0x57,0x65,0x01,0x59,0x57,0x59,0x10,
    0x51,0x14,0x51,0x45,0x54,0x01,0x55,0x9d,0x54,0x01,0x04,0x11,0x01,0x11,0x11,0x45,
    0x11,0x11,0x00,0x35,0xd9,0x19,0xc0,0x58,0x14,0x45,0x5d,0xd9,0x76,0x59,0x77,0x56,
    0x5d,0xd7,0x45,0xdd,0x85,0x75,0xdd,0x1d,0xd9,0xd9,0x77,0x55,0x17,0x64,0x1d,0xc7,
    0x4d,0xf4,0x70,0x57,0x56,0x45,0x57,0x40,0x44,0x44,0x45,0x14,0x44,0x00,0x57,0x5d,
    0x55,0x55,0x55,0x59,0x55,0x51,0x55,0x50,0x00,0x15,0x14,0x50,0x19,0xd1,0x54,0x75,
    0x01,0x11,0x11,0x10,0x44,0x00,0x05,0x91,0xdc,0x0d,0xf7,0xdf,0xdc,0x00,0x55,0xd9,
    0x51,0xd7,0x75,0xed,0x73,0x77,0x47,0x77,0x77,0x59,0x17,0x57,0x77,0x54,0x57,0x56,
    0x56,0x55,0x75,0xd9,0xb7,0x5d,0xdb,0x75,0x77,0x57,0x75,0xd9,0x51,0x67,0x40,0x44,
    0x44,0x51,0x52,0x00,0x15,0x55,0x14,0x51,0x54,0x55,0x55,0x15,0x45,0x15,0x45,0x14,
    0x95,0x04,0x11,0x11,0x04,0x07,0x41,0x54,0x00,0x00,0x00,0x05,0x59,0x5d,0x51,0x56,
    0x00,0x01,0x55,0x05,0x81,0x54,0x01,0x65,0x55,0x54,0x07,0x65,0x65,0xd9,0x94,0x05,
    0x95,0x75,0x5d,0x95,0xd9,0x56,0x56,0x55,0x55,0x95,0x5d,0x65,0x97,0x65,0x51,0x54,
    0x15,0x55,0x55,0x54,0x54,0x00,0x59,0x55,0x65,0x00,0x00,0x40,0x04,0x44,0x44,0x44,
    0x44,0x51,0x40,0x00,0x51,0x74,0x05,0x95,0x0d,0x6d,0x15,0x55,0x95,0xd7,0x55,0x9d,
    0xd5,0x65,0x59,0x94,0x5d,0xd9,0xd6,0x5d,0x74,0x74,0x55,0x1d,0x9d,0x74,0xd3,0x74,
    0xdc,0x77,0xdc,0x15,0x67,0x56,0x75,0x41,0x44,0x45,0x11,0x44,0x50,0x01,0x55,0x55,
    0x96,0x51,0x56,0x55,0x14,0x55,0x59,0x50,0x00,0x15,0x55,0x50,0x15,0x56,0x75,0x91,
    0x01,0x10,0x44,0x44,0x40,0x00,0x57,0x45,0x50,0x1f,0xdf,0xf4,0x77,0x40,0x15,0x5d,
    0x16,0x75,0x9d,0x57,0x77,0xdd,0x7d,0x1d,0xb5,0xdd,0x75,0xb5,0x65,0x75,0x9d,0x67,
    0x55,0xd7,0x54,0x57,0x56,0x76,0x75,0x51,0xdd,0xb5,0xd7,0x51,0xd6,0x75,0x42,0x44,
    0x45,0x11,0x20,0x05,0x58,0x44,0x51,0x54,0x45,0x11,0x11,0x44,0x51,0x51,0x11,0x45,
    0x45,0x04,0x41,0x00,0x40,0x41,0x59,0x90,0x00,0x00,0x00,0x05,0x94,0x56,0x55,0x95,
    0x5d,0x15,0x64,0x14,0x15,0x95,0x05,0x5d,0x19,0xd5,0x05,0x5d,0x51,0x55,0x50,0x15,
    0x76,0x56,0x55,0x75,0x51,0x75,0x75,0x19,0xd7,0x51,0x95,0x55,0x75,0x51,0x95,0x9c,
    0x55,0x14,0x51,0x45,0x54,0x01,0x55,0xd6,0x55,0x51,0x00,0x00,0x11,0x11,0x14,0x51,
    0x11,0x11,0x15,0x00,0x00,0x00,0x16,0x47,0x40,0x54,0x66,0x77,0x51,0x65,0x67,0x55,
    0x67,0x51,0xdd,0x45,0xd6,0x5d,0x47,0x76,0x5d,0x5d,0xd1,0x99,0xd7,0x50,0x77,0x1d,
    0xf7,0x4d,0x1c,0x35,0x15,0x65,0x55,0x04,0x45,0x11,0x14,0x44,0x44,0x00,0x59,0x95,
    0x55,0x55,0x95,0x75,0x55,0x56,0x55,0x60,0x00,0x14,0x51,0x54,0x16,0x65,0x56,0x75,
    0x01,0x11,0x10,0x44,0x00,0x15,0x76,0x5d,0xc0,0x7d,0xfd,0xcf,0xff,0xf0,0x01,0x95,
    0x65,0x5d,0xd7,0xb5,0xdd,0xf7,0x53,0x76,0x5d,0x97,0x5d,0x59,0xd7,0x59,0xd5,0x95,
    0x40,0x01,0x15,0x75,0x77,0x51,0x5d,0x1d,0x75,0x46,0x75,0x16,0x67,0x51,0x00,0x51,
    0x11,0x14,0x00,0x51,0x15,0x51,0x45,0x11,0x51,0x54,0x54,0x55,0x14,0x51,0x54,0x51,
    0x59,0x04,0x10,0x44,0x40,0x50,0x75,0x50,0x00,0x00,0x00,0x05,0xd5,0x65,0x19,0x76,
    0x55,0x56,0x5c,0x50,0x56,0x75,0x75,0xd5,0x55,0x59,0x07,0x56,0x75,0x9d,0x14,0x19,
    0x55,0xd4,0x74,0x59,0xd5,0x97,0x55,0x55,0x65,0x55,0x76,0x77,0x56,0x55,0x75,0x54,
    0x15,0x55,0x55,0x55,0x14,0x00,0x55,0x55,0x75,0x55,0x55,0x00,0x11,0x14,0x44,0x44,
    0x51,0x44,0x44,0x51,0x00,0x1d,0x64,0x5d,0x54,0x06,0x77,0x55,0x65,0x51,0x75,0x46,
    0x45,0xd6,0x57,0x5d,0x67,0x47,0x5d,0x64,0x75,0xd5,0x99,0xdd,0x75,0x94,0xcd,0xfc,
    0x44,0xdc,0x75,0x05,0x5d,0x77,0x50,0x11,0x11,0x14,0x44,0x45,0x10,0x01,0x55,0x59,
    0xd4,0x59,0x5d,0x55,0x65,0x95,0x59,0x50,0x00,0x15,0x55,0x10,0x15,0x5d,0x9d,0x16,
    0x01,0x11,0x11,0x10,0x01,0x14,0x64,0x45,0x03,0xdf,0xdf,0x77,0x77,0x77,0x00,0x57,
    0x5d,0xd6,0x45,0x51,0xb1,0xd4,0x77,0x5d,0xd4,0x75,0xd7,0x45,0x45,0x95,0x59,0x44,
    0x00,0x00,0x09,0x59,0xd5,0x17,0x75,0xd7,0x58,0x5d,0x51,0x67,0x5d,0x55,0xc0,0x11,
    0x44,0x40,0x05,0x15,0x44,0x45,0x14,0x54,0x54,0x45,0x11,0x44,0x51,0x14,0x45,0x14,
    0x45,0x04,0x44,0x44,0x41,0x50,0x57,0x50,0x00,0x00,0x00,0x05,0x5d,0x91,0x57,0x55,
    0xd6,0x65,0xd0,0x61,0x75,0x56,0x56,0x59,0x9d,0xd5,0x05,0x15,0x55,0x55,0x54,0x57,
    0x75,0x65,0x55,0x95,0x65,0x75,0x64,0x67,0x51,0x9d,0x55,0x55,0x65,0x19,0x59,0xd4,
    0x51,0x45,0x14,0x51,0x54,0x01,0x59,0x65,0x55,0x95,0x55,0x00,0x14,0x44,0x51,0x11,
    0x11,0x11,0x11,0x11,0x50,0x05,0x45,0xd4,0x65,0x01,0xd1,0x66,0x5d,0xd6,0x54,0x57,
    0x55,0x65,0xd9,0xd6,0x75,0x55,0xd6,0xd7,0x5d,0x91,0xdd,0x54,0x51,0xd0,0x74,0x77,
    0x7d,0xf7,0xd3,0x49,0x96,0x55,0x50,0x44,0x51,0x44,0x44,0x51,0x10,0x00,0x57,0x55,
    0x55,0x55,0x55,0x59,0x55,0x5d,0x55,0x50,0x00,0x14,0x51,0x54,0x17,0x55,0x55,0x75,
    0x01,0x11,0x11,0x00,0x11,0x5d,0x45,0xd4,0x07,0x7d,0xf7,0xff,0xff,0xfd,0xc0,0x05,
    0x97,0x64,0x5b,0x77,0x57,0x1d,0x96,0xd7,0x45,0xdd,0x65,0x9d,0x97,0x47,0x47,0x54,
    0x01,0x30,0x00,0x97,0x51,0x65,0x91,0x66,0x75,0xd7,0x76,0x75,0xd5,0x19,0x04,0x04,
    0x51,0x00,0x51,0x51,0x15,0x51,0x51,0x45,0x11,0x51,0x54,0x51,0x45,0x45,0x51,0x45,
    0x55,0x01,0x10,0x41,0x05,0x54,0x15,0x90,0x00,0x00,0x00,0x25,0x95,0x55,0x95,0x91,
    0x59,0x5d,0x51,0x41,0x59,0x15,0x75,0x45,0x55,0x65,0x41,0x67,0x67,0x76,0x65,0x9d,
    0x59,0x17,0x65,0x76,0x5d,0x56,0x55,0x55,0x95,0x56,0x47,0x64,0x5d,0x57,0x5d,0x58,
    0x15,0x55,0x55,0x55,0x44,0x00,0x55,0xd7,0x59,0x55,0xd5,0x00,0x11,0x11,0x11,0x44,
    0x44,0x45,0x14,0x44,0x41,0x00,0x5d,0x85,0x87,0x50,0x17,0x45,0xd5,0x65,0xd5,0x99,
    0x77,0x5d,0x75,0x67,0x5d,0xdd,0x9d,0x45,0xd4,0x75,0x75,0xdd,0x75,0x50,0xdf,0x44,
    0xd3,0x44,0x77,0xc1,0x5d,0x45,0x01,0x11,0x11,0x11,0x45,0x11,0x10,0x01,0x55,0x5d,
    0x59,0x65,0xd6,0x55,0x75,0xd5,0x9d,0x50,0x00,0x15,0x55,0x50,0x15,0x9d,0xd8,0x51,
    0x01,0x11,0x10,0x00,0x55,0xd4,0x5d,0x50,0x37,0xff,0x7f,0x77,0x77,0x47,0xd0,0x01,
    0x75,0x45,0xd5,0xd5,0xdd,0xd7,0x77,0x75,0xdd,0x59,0x1d,0x57,0x5d,0x55,0x55,0x40,
    0x1d,0xd7,0x40,0x35,0x66,0x77,0x57,0x77,0x5d,0x75,0x97,0x5d,0x51,0x67,0x04,0x01,
    0x20,0x09,0x54,0x55,0x44,0x45,0x14,0x51,0x54,0x54,0x45,0x14,0x54,0x51,0x14,0x51,
    0x45,0x04,0x04,0x10,0x14,0x45,0x25,0x14,0x00,0x00,0x00,0x15,0xd9,0x1d,0x75,0x55,
    0x94,0x55,0x95,0x45,0x95,0x64,0x54,0x57,0x46,0x51,0x41,0x55,0x45,0x55,0xd5,0x55,
    0x95,0x59,0x5d,0x95,0x16,0x45,0x19,0xd9,0x5d,0xd9,0x55,0x55,0x55,0x9d,0x65,0x14,
    0x54,0x51,0x14,0x45,0x54,0x01,0x59,0x55,0x55,0x75,0x55,0x00,0x14,0x51,0x44,0x45,
    0x14,0x51,0x11,0x11,0x0d,0xa0,0x15,0x5d,0x5d,0x97,0x01,0x74,0x59,0x5d,0x67,0x57,
    0x56,0x45,0x94,0x5d,0x45,0x99,0x14,0x5d,0x65,0x5b,0x5d,0x45,0xd7,0x58,0x44,0xdd,
    0xf7,0x7d,0xc4,0x41,0x55,0x54,0x04,0x45,0x14,0x44,0x44,0x44,0x50,0x00,0x59,0x55,
    0x95,0x55,0x55,0x5d,0x55,0x55,0x55,0x50,0x00,0x15,0x15,0x14,0x25,0x55,0x55,0xd6,
    0x01,0x11,0x00,0x05,0x74,0x46,0x74,0x40,0xbf,0x77,0xf7,0xff,0xfc,0xff,0x7f,0x00,
    0x16,0x5d,0x77,0x61,0x75,0x75,0xdd,0x6d,0x67,0x9d,0x54,0x75,0xd5,0x9d,0x9d,0x03,
    0x5d,0xcd,0xf0,0x05,0xd7,0x55,0xdd,0x5d,0x46,0x5d,0xd5,0xd6,0x76,0x74,0x05,0x80,
    0x00,0x54,0x45,0x11,0x15,0x51,0x45,0x45,0x15,0x11,0x51,0x45,0x45,0x15,0x45,0x14,
    0x51,0x41,0x11,0x10,0x55,0x55,0x05,0x54,0x00,0x00,0x00,0x16,0x55,0x56,0x59,0x19,
    0x45,0x75,0x16,0x55,0x77,0x55,0x95,0x95,0x59,0x16,0x71,0x9d,0x56,0x64,0x5d,0xd9,
    0x47,0x65,0xd5,0x45,0x55,0x59,0x55,0x5d,0x15,0x54,0x66,0x46,0x75,0xd5,0x45,0x54,
    0x15,0x55,0x55,0x54,0x54,0x00,0x55,0x65,0x97,0x55,0x95,0x00,0x11,0x11,0x11,0x11,
    0x11,0x11,0x11,0x14,0x07,0xb7,0x02,0x44,0x45,0x19,0x40,0x97,0x45,0xd5,0x75,0x75,
    0x65,0x59,0x45,0xd5,0xd7,0x45,0x75,0x97,0x77,0x95,0xd4,0x59,0x66,0x50,0xdd,0xf3,
    0x44,0xd3,0x7d,0xd3,0x64,0x50,0x45,0x11,0x44,0x51,0x11,0x11,0x10,0x01,0x55,0x95,
    0x57,0x5d,0x65,0xd5,0x65,0x96,0x55,0x60,0x00,0x15,0x51,0x54,0x17,0x66,0x46,0x45,
    0x01,0x10,0x00,0x56,0x45,0x67,0x59,0x43,0x77,0xfd,0xfc,0x77,0x77,0x77,0xf7,0x70,
    0x01,0x57,0x59,0x57,0x67,0x6d,0x75,0xd4,0x75,0x75,0xdd,0x65,0x64,0x56,0x55,0x01,
    0xdd,0x74,0x77,0x01,0x65,0xdd,0x66,0x75,0xd7,0x75,0x46,0x51,0x55,0xd4,0x04,0x50,
    0x05,0x15,0x11,0x51,0x51,0x14,0x54,0x51,0x44,0x54,0x54,0x54,0x51,0x44,0x51,0x44,
    0x45,0x04,0x41,0x00,0x44,0x51,0x41,0x97,0x00,0x00,0x00,0x55,0x47,0x65,0xd5,0x57,
    0x56,0x59,0x55,0xd9,0x55,0x45,0xd9,0x76,0x65,0x57,0x51,0x56,0x75,0xd5,0x55,0x67,
    0x55,0x75,0x64,0x59,0xdd,0xd5,0xdd,0x95,0x59,0x95,0x5d,0x57,0x59,0x59,0x56,0x64,
    0x14,0x45,0x14,0x55,0x44,0x01,0x57,0x55,0x45,0x59,0x55,0x00,0x14,0x44,0x44,0x44,
    0x44,0x44,0x44,0x44,0x18,0x49,0x80,0x56,0x59,0x74,0x54,0x05,0x9d,0x67,0x56,0x59,
    0xd1,0xd7,0x5d,0x64,0x59,0x5d,0xd7,0x75,0x59,0x74,0x59,0x9d,0xd4,0x5c,0x73,0x77,
    0x7d,0xf4,0x44,0xd0,0x55,0x40,0x51,0x14,0x44,0x45,0x14,0x51,0x50,0x00,0x55,0x59,
    0x75,0x55,0x55,0x56,0x55,0x55,0x75,0x50,0x00,0x11,0x55,0x50,0x15,0x51,0x57,0x59,
    0x01,0x40,0x05,0x64,0x59,0xd5,0x16,0x03,0xfd,0xdf,0xdd,0xff,0x3f,0xff,0x4f,0xdc,
    0x00,0x75,0x9d,0x1d,0x74,0x57,0x51,0x9d,0x67,0x51,0x66,0x74,0x5d,0x75,0x14,0x05,
    0xdf,0x7f,0x4d,0xc0,0x5d,0x59,0xd7,0x59,0x65,0x58,0x5d,0xd6,0x76,0x44,0x15,0x00,
    0x16,0x44,0x54,0x54,0x45,0x45,0x15,0x14,0x55,0x15,0x11,0x45,0x14,0x55,0x14,0x54,
    0x55,0x41,0x11,0x01,0x55,0x55,0x41,0x75,0x00,0x00,0x01,0x67,0x55,0x9d,0x5d,0x9d,
    0x65,0xd5,0xd9,0x57,0x64,0x59,0x57,0x55,0xd7,0x75,0xd0,0x67,0x59,0x59,0xd9,0x95,
    0x76,0x51,0xd5,0x97,0x55,0x65,0x55,0x45,0x97,0x47,0x55,0xd5,0x54,0x51,0xd7,0x54,
    0x55,0x55,0x55,0x45,0x54,0x00,0x55,0x5d,0x55,0x95,0x75,0x00,0x11,0x14,0x51,0x45,
    0x14,0x51,0x45,0x10,0x7b,0xac,0x9c,0x05,0xd1,0xd5,0x95,0x40,0x14,0x45,0x64,0x5d,
    0x55,0x65,0xd6,0x5d,0x67,0x56,0x59,0x5d,0x14,0x5d,0x75,0xd5,0x45,0xd4,0x1d,0x13,
    0x1c,0x47,0xdd,0x30,0x54,0x05,0x11,0x44,0x45,0x11,0x11,0x14,0x10,0x01,0x59,0xd5,
    0x55,0x65,0x96,0x55,0x51,0x67,0x56,0x50,0x00,0x15,0x14,0x54,0x06,0x55,0x95,0x1d,
    0x01,0x00,0x16,0x75,0xdd,0x47,0x44,0x07,0x77,0xfd,0xff,0xdd,0xdd,0xdd,0xf7,0xf7,
    0x40,0x05,0x75,0xd7,0x59,0xdd,0x19,0xd7,0x75,0x16,0x75,0xd5,0xd5,0x97,0x50,0x1d,
    0xd1,0xd4,0xdd,0xc0,0x56,0x75,0x45,0xd1,0xdd,0xd5,0x95,0x67,0x51,0x1c,0x10,0x01,
    0x64,0x55,0x15,0x11,0x51,0x15,0x44,0x55,0x11,0x44,0x54,0x51,0x45,0x11,0x45,0x11,
    0x44,0x40,0x44,0x05,0x45,0x14,0x05,0x95,0x50,0x00,0x15,0x55,0x99,0x55,0x95,0xd5,
    0x5d,0x51,0x57,0x65,0x45,0x65,0xd5,0x91,0x51,0x59,0x12,0x55,0x54,0x55,0x57,0x51,
    0x59,0xd5,0x67,0x75,0x67,0x51,0x9d,0x59,0x75,0x55,0x9d,0x67,0x65,0x95,0x65,0x74,
    0x14,0x51,0x45,0x54,0x54,0x01,0x59,0x95,0x95,0x57,0x55,0x00,0x14,0x44,0x44,0x44,
    0x44,0x44,0x44,0x43,0xa1,0x19,0xe7,0x01,0x65,0x11,0xd2,0x5c,0x0d,0x74,0x75,0x55,
    0x19,0xdd,0x57,0x56,0x75,0xdd,0xd7,0x65,0x9d,0x75,0x97,0x5d,0x97,0x54,0x37,0xf5,
    0xf7,0x7d,0x34,0x50,0x50,0x11,0x11,0x11,0x11,0x11,0x44,0x45,0x10,0x00,0x55,0x57,
    0x56,0x55,0x55,0x65,0x15,0x55,0x55,0x50,0x00,0x15,0x55,0x54,0x15,0xd9,0x76,0x55,
    0x40,0x04,0x17,0x51,0x51,0x99,0x94,0x3f,0xff,0x7c,0x77,0xff,0xff,0xf3,0xdf,0x7f,
    0xdc,0x00,0x56,0x76,0x45,0xd6,0x67,0x75,0x91,0x67,0x5d,0x5d,0x67,0x59,0x50,0xdd,
    0xdd,0xdd,0xf1,0xd0,0x17,0x51,0x5d,0x55,0x56,0x47,0x77,0x51,0x59,0x50,0x40,0x05,
    0x15,0x11,0x44,0x54,0x55,0x44,0x55,0x11,0x54,0x55,0x15,0x14,0x51,0x54,0x51,0x51,
    0x55,0x41,0x00,0x14,0x55,0x54,0x15,0x59,0x94,0xc1,0x01,0x9d,0x75,0xd1,0x45,0x59,
    0x15,0x96,0x65,0x51,0x56,0x5d,0x64,0x56,0x55,0x91,0x60,0x5d,0x95,0x9d,0x91,0x56,
    0x75,0x67,0x45,0x57,0x5d,0x65,0xd6,0x57,0x55,0x99,0x56,0x55,0x75,0x76,0x5d,0x54,
    0x15,0x55,0x54,0x55,0x44,0x00,0x55,0x55,0x59,0x65,0x55,0x00,0x11,0x11,0x11,0x11,
    0x11,0x11,0x11,0x01,0x1e,0xb2,0x39,0x80,0x17,0x59,0x45,0xd5,0x40,0x16,0x46,0x76,
    0x5d,0x55,0xd9,0x75,0xd5,0x65,0x45,0xd1,0x75,0x97,0x51,0x65,0xd5,0x97,0x11,0x1c,
    0x44,0xd3,0x71,0xfc,0x01,0x44,0x44,0x44,0x51,0x44,0x45,0x11,0x10,0x01,0x55,0x65,
    0x65,0x56,0x5d,0x55,0x56,0x55,0x95,0x50,0x00,0x14,0x51,0x50,0x25,0x57,0x57,0x49,
    0xd0,0x10,0x5d,0x17,0x65,0x11,0x50,0x1d,0xdd,0xc7,0xfd,0xd1,0xdd,0xdd,0xfd,0x37,
    0xf7,0x00,0x05,0x59,0xdd,0x77,0x75,0x51,0xd6,0x75,0xd5,0x16,0x55,0x17,0x60,0x77,
    0x77,0x47,0x74,0xdc,0x05,0x57,0x65,0xdb,0x74,0x55,0x56,0x75,0xd1,0xc0,0x00,0x56,
    0x45,0x54,0x55,0x15,0x11,0x15,0x11,0x54,0x45,0x11,0x44,0x51,0x45,0x11,0x14,0x51,
    0x45,0x41,0x11,0x55,0x45,0x40,0x59,0xd7,0x55,0x55,0x10,0x56,0x54,0x56,0x59,0x95,
    0x65,0x75,0x74,0x56,0x65,0xd5,0x45,0x65,0xd9,0xd7,0x53,0x55,0xdd,0x55,0x15,0x9d,
    0x51,0xd5,0x97,0x75,0xd5,0x15,0x55,0x15,0x64,0x57,0x75,0x1d,0x97,0x55,0xd4,0x64,
    0x54,0x51,0x45,0x44,0x54,0x01,0x59,0x76,0x55,0xd5,0x65,0x00,0x14,0x44,0x45,0x14,
    0x51,0x44,0x45,0x06,0xe4,0x79,0xd2,0xd8,0x05,0x91,0x9d,0x46,0x54,0x01,0xd4,0x45,
    0xd5,0x91,0x64,0x5d,0x51,0xd1,0x59,0x57,0x57,0x5d,0x75,0xd1,0x77,0x75,0x3d,0xf7,
    0xdd,0xf7,0x1f,0x50,0x01,0x11,0x14,0x51,0x10,0x45,0x11,0x44,0x50,0x00,0x59,0x55,
    0x55,0x75,0x55,0x75,0x95,0x75,0x51,0x50,0x00,0x15,0x55,0x14,0x15,0x95,0x65,0x17,
    0x59,0x50,0x59,0x75,0x95,0x77,0x40,0xff,0x7f,0xdf,0x7f,0x3f,0xfc,0xff,0xd3,0xdf,
    0x7f,0x7c,0x00,0xd5,0x57,0x65,0x5d,0xd9,0x67,0x5d,0x51,0x67,0x46,0x55,0x40,0x74,
    0x74,0x77,0x1d,0xc4,0x05,0xd9,0x75,0x95,0x65,0x77,0x75,0x16,0x47,0x40,0x01,0x45,
    0x54,0x45,0x01,0x51,0x54,0x51,0x44,0x45,0x11,0x54,0x55,0x14,0x51,0x55,0x45,0x11,
    0x54,0x41,0x01,0x44,0x55,0x05,0x41,0x65,0x76,0x54,0x11,0x75,0x45,0x65,0x57,0x46,
    0x5d,0x97,0x55,0x97,0x5d,0x59,0x56,0x5d,0x57,0x45,0x10,0x59,0x55,0xd1,0x59,0x57,
    0x56,0x47,0x75,0xd9,0x46,0x5d,0x91,0x67,0x55,0x75,0x55,0x55,0x45,0x91,0x55,0x5c,
    0x15,0x55,0x54,0x55,0x54,0x00,0x55,0x55,0x45,0x56,0x55,0x00,0x11,0x15,0x11,0x11,
    0x11,0x11,0x44,0x1e,0x4b,0x8b,0x8b,0x47,0x01,0x75,0x14,0x64,0x75,0x80,0x1d,0x74,
    0x67,0x56,0x55,0x65,0x16,0x56,0x77,0x75,0x9d,0x45,0x96,0x55,0x55,0x59,0x04,0x4d,
    0x3c,0x47,0x74,0xc1,0x41,0x11,0x44,0x45,0x15,0x44,0x44,0x45,0x10,0x01,0x55,0xd6,
    0x5d,0x55,0xd6,0x55,0x56,0x56,0x55,0x50,0x00,0x15,0x15,0x54,0x05,0xdd,0x5d,0x65,
    0x11,0xd0,0x74,0x55,0x47,0x55,0x83,0x77,0xf7,0xfd,0xf7,0x77,0x77,0x77,0x7d,0xfd,
    0x37,0xdd,0x00,0x01,0xdd,0x47,0x45,0x9d,0xd5,0xd5,0xd6,0x75,0x57,0x76,0x41,0xdd,
    0xdd,0xdd,0xf3,0x77,0x05,0x97,0x59,0x1d,0x17,0x59,0x65,0x64,0x5d,0x40,0x15,0x50,
    0x05,0x14,0x00,0x60,0x05,0x14,0x55,0x45,0x54,0x45,0x11,0x45,0x14,0x44,0x51,0x44,
    0x45,0x50,0x05,0x55,0x54,0x14,0x05,0x51,0x55,0x50,0x41,0x54,0x56,0x5d,0xd5,0x55,
    0xd5,0x45,0x65,0x75,0x55,0x94,0x65,0xd5,0x85,0x67,0x61,0x5d,0x46,0x56,0x57,0x75,
    0xb5,0x5d,0x5d,0x47,0x55,0xd5,0xd5,0x95,0x47,0x56,0x46,0x76,0x56,0x56,0x76,0x54,
    0x54,0x51,0x15,0x54,0x54,0x01,0x57,0x59,0x56,0x55,0x55,0x00,0x14,0x59,0x44,0x44,
    0x44,0x44,0x50,0x21,0x2d,0xd8,0x6e,0x2d,0x60,0x17,0x66,0x45,0xd1,0x57,0x00,0x65,
    0xd1,0xdd,0xdd,0xd6,0x5d,0x75,0xd5,0x59,0xd5,0x97,0x5d,0x77,0x74,0x65,0x0d,0xdc,
    0x77,0x7d,0x10,0x05,0x50,0x51,0x11,0x11,0x11,0x51,0x14,0x51,0x10,0x00,0x55,0x55,
    0x55,0x65,0x55,0x59,0x75,0x55,0x56,0x50,0x00,0x15,0x51,0x50,0x15,0x56,0x56,0x1d,
    0x65,0x60,0x55,0x64,0x56,0x11,0x01,0xfd,0xfd,0xdf,0xdf,0xff,0xff,0xff,0x3f,0xdf,
    0xff,0xff,0xf0,0x00,0x56,0x56,0x59,0xd5,0x77,0x5d,0x67,0x57,0x75,0x55,0x43,0x77,
    0x77,0x77,0x77,0x1d,0x0d,0x75,0x75,0x55,0x65,0x97,0x51,0xdd,0xd6,0x00,0x51,0x00,
    0x01,0x50,0x50,0x00,0x05,0x45,0x11,0x11,0x11,0x51,0x54,0x51,0x51,0x51,0x14,0x51,
    0x55,0x50,0x14,0x45,0x10,0x50,0x54,0xd6,0x74,0x61,0x45,0x99,0x65,0xd5,0x64,0x65,
    0x64,0x56,0x51,0x96,0x76,0x45,0x75,0x59,0x5d,0x11,0x50,0x65,0x55,0x65,0xd5,0x59,
    0x5d,0xd7,0x47,0x55,0x9d,0x65,0x59,0x77,0x55,0x65,0x57,0x54,0x75,0xdd,0x51,0xd0,
    0x45,0x55,0x54,0x45,0x44,0x00,0x55,0x95,0xd5,0x67,0x59,0x00,0x11,0x65,0x51,0x11,
    0x14,0x51,0x10,0x77,0xb8,0x8b,0xb4,0x68,0xb4,0x25,0x11,0x5d,0x97,0x75,0x50,0x01,
    0x57,0x45,0x16,0x5d,0x65,0x5d,0x5d,0x15,0x51,0x75,0x54,0x56,0x46,0x4d,0x43,0xc7,
    0x47,0x1c,0xc0,0x17,0x50,0x11,0x14,0x51,0x55,0x94,0x44,0x44,0x50,0x01,0x59,0x65,
    0xd6,0x55,0x65,0x55,0x55,0x97,0x55,0x50,0x00,0x14,0x55,0x54,0x16,0x65,0xd5,0x51,
    0xd1,0xd0,0x56,0x55,0x95,0x75,0x0f,0x7f,0x73,0xf7,0xf1,0xdd,0xdd,0xd1,0xdd,0xfd,
    0xdd,0x1d,0xdd,0x00,0x01,0x77,0x75,0x47,0x55,0x96,0x45,0x75,0x59,0xd1,0x41,0xd1,
    0xd1,0xdd,0x1d,0xf3,0x01,0x57,0x57,0x76,0x75,0xd5,0x16,0x45,0x18,0x01,0x65,0x09,
    0x50,0x41,0x54,0x05,0x41,0x11,0x54,0x55,0x45,0x14,0x45,0x15,0x14,0x45,0x45,0x11,
    0x44,0x50,0x55,0x55,0x41,0x41,0x60,0x55,0x59,0x51,0x06,0x57,0x5d,0x59,0x45,0x5d,
    0x95,0x65,0x15,0x75,0x15,0x57,0x51,0xd1,0x19,0xd7,0x42,0x57,0x67,0x5d,0x67,0x64,
    0x51,0xb6,0x75,0xed,0x16,0x5d,0x9d,0x55,0x66,0x5d,0xd9,0x45,0x59,0x54,0x65,0x54,
    0x54,0x51,0x45,0x55,0x54,0x01,0x59,0x51,0x56,0x55,0x55,0x00,0x11,0x11,0x91,0x45,
    0x11,0x11,0x10,0x4a,0x19,0xe7,0x4a,0xee,0xd2,0x01,0x57,0x46,0x46,0x46,0x15,0xc0,
    0x0d,0x5d,0xb4,0x47,0x77,0x65,0xd6,0x5d,0x16,0x57,0x45,0xd1,0xd9,0xd4,0x50,0x74,
    0xdd,0xc0,0x05,0xc5,0x14,0x14,0x44,0x44,0x46,0x45,0x14,0x44,0x44,0x00,0x55,0x5d,
    0x55,0x59,0x57,0x51,0x65,0x55,0x65,0x50,0x00,0x15,0x54,0x54,0x25,0x5d,0x51,0xd6,
    0x57,0x41,0x65,0x75,0x74,0x64,0x07,0xdf,0xdd,0xfd,0x1f,0xff,0xcf,0xff,0xff,0xd3,
    0xf3,0xfc,0xff,0x7c,0x00,0x15,0x5d,0xd5,0x87,0x45,0xd7,0x59,0x15,0x65,0x83,0x77,
    0x77,0x47,0x73,0x45,0xc1,0x65,0x91,0x57,0x57,0x51,0x67,0x51,0x94,0x05,0x14,0x15,
    0x58,0x05,0x94,0x55,0x41,0x54,0x45,0x11,0x14,0x45,0x51,0x44,0x45,0x51,0x51,0x44,
    0x55,0x55,0x44,0x51,0x41,0x05,0x01,0x67,0x65,0x91,0x35,0xd5,0x55,0x94,0x56,0x55,
    0x17,0x5d,0x59,0x59,0x58,0x75,0x19,0x17,0x51,0x45,0x71,0xdd,0x59,0x55,0x55,0x95,
    0xd7,0x51,0xdd,0x51,0x77,0x45,0xd5,0xd9,0xd5,0xd5,0x54,0x59,0xd4,0x75,0x75,0xd0,
    0x55,0x55,0x55,0x45,0x14,0x00,0x55,0xd5,0x65,0x75,0x45,0x00,0x14,0x56,0x44,0x51,
    0x44,0x44,0x40,0xad,0xe2,0x22,0xa7,0x84,0xb9,0xc2,0x76,0x64,0x51,0x65,0x6d,0x54,
    0x00,0x06,0x51,0x75,0x11,0x11,0x87,0x76,0x77,0x44,0x6d,0x9d,0x47,0x47,0x70,0x7d,
    0xf0,0x01,0xdf,0xc1,0x55,0x04,0x45,0x11,0x59,0x51,0x44,0x51,0x10,0x01,0x57,0x55,
    0x59,0x55,0x15,0x55,0x57,0x5d,0x57,0x50,0x00,0x14,0x55,0x54,0x17,0x55,0x16,0x47,
    0x45,0x42,0x5d,0x59,0x5d,0x9c,0x3d,0xf7,0xff,0x73,0xfd,0xdd,0xdd,0xdd,0xdd,0xfd,
    0xdd,0xdd,0xdf,0xdd,0x30,0x01,0xd5,0x9d,0x55,0x5d,0x59,0x65,0x67,0x5d,0x41,0xdd,
    0x1f,0x7d,0xdd,0xdf,0x01,0x5d,0x55,0x99,0x45,0x65,0xd1,0x17,0x50,0x14,0x50,0x15,
    0x14,0x15,0x75,0x59,0x41,0x11,0x51,0x54,0x51,0x51,0x14,0x55,0x51,0x14,0x44,0x51,
    0x51,0x45,0x55,0x55,0x05,0x04,0x15,0x59,0x51,0x70,0x15,0x5d,0x9d,0x45,0x65,0xd9,
    0x59,0x65,0x97,0x65,0xd5,0x59,0x9d,0x75,0x97,0x58,0x81,0x45,0x95,0xd8,0x19,0x77,
    0x59,0xd7,0x74,0x97,0x59,0x55,0x51,0x55,0x5d,0x51,0x85,0x65,0x75,0xd9,0xd6,0x50,
    0x45,0x14,0x51,0x55,0x54,0x01,0x59,0x55,0x57,0x55,0x55,0x00,0x11,0x64,0x51,0x04,
    0x11,0x11,0x41,0xd2,0x2d,0xde,0x7a,0x7a,0x48,0x50,0x14,0x45,0xd7,0x44,0x51,0x99,
    0x58,0x00,0x1d,0x5d,0x97,0x77,0x5d,0x11,0xd1,0xdd,0x9d,0x1d,0x1d,0x17,0x54,0x13,
    0x00,0x77,0xf7,0x41,0x75,0x05,0x11,0x14,0x51,0x14,0x45,0x11,0x50,0x00,0x55,0x56,
    0x55,0x15,0x56,0x59,0x65,0x55,0x45,0x50,0x00,0x15,0x45,0x50,0x15,0x9d,0x59,0xd5,
    0x18,0x41,0x55,0x97,0x64,0x50,0x1f,0xfd,0x1d,0xf7,0x7f,0xf3,0xff,0x3f,0xfc,0xdf,
    0xff,0xff,0xf7,0xff,0x7c,0x00,0x05,0x57,0x77,0x65,0xd7,0x51,0xd5,0x95,0x83,0x47,
    0x77,0x77,0x4d,0x37,0x41,0x95,0x19,0xd4,0x56,0x5d,0x95,0x9d,0x40,0x51,0x40,0x59,
    0x55,0x56,0x55,0x97,0x41,0x45,0x14,0x45,0x14,0x55,0x45,0x11,0x15,0x45,0x55,0x11,
    0x55,0x54,0x45,0x14,0x14,0x14,0x56,0x75,0x15,0x50,0x96,0x65,0x16,0x57,0x55,0x5d,
    0x97,0x57,0x5d,0x51,0x59,0xd4,0x74,0x00,0x00,0x00,0x05,0xd4,0x75,0x94,0x17,0x55,
    0x9d,0x74,0x75,0xf5,0xdd,0xdd,0x95,0x9d,0x15,0x95,0x57,0x5d,0xd9,0x51,0x64,0x50,
    0x55,0x55,0x55,0x14,0x54,0x00,0x55,0x66,0x55,0x56,0x55,0x00,0x14,0x45,0x84,0x40,
    0x01,0x44,0x41,0x2d,0xb4,0xa2,0xe2,0xe7,0xb7,0xb4,0x19,0x5d,0x46,0x5d,0xd6,0x1d,
    0x95,0x50,0x00,0x04,0x75,0x64,0x45,0x97,0x67,0x67,0x45,0xd1,0x97,0x5d,0x85,0x00,
    0x1d,0xfd,0xdf,0xd0,0x51,0x81,0x14,0x44,0x56,0x61,0x11,0x14,0x10,0x01,0x59,0x65,
    0x5d,0x56,0x55,0x55,0x55,0x96,0x55,0x50,0x00,0x15,0x55,0x54,0x25,0x55,0x95,0x46,
    0x55,0x81,0x75,0x15,0x85,0xd0,0xdd,0xd3,0xff,0x7f,0xdd,0xdd,0xdd,0xdd,0xdd,0xfd,
    0x1d,0xd1,0xf1,0xd3,0xdd,0xf0,0x00,0x95,0x96,0x5d,0x65,0x15,0x67,0x51,0x41,0xdd,
    0xdd,0x1d,0xdf,0x4d,0x01,0x76,0x5d,0x55,0x65,0xd1,0x1d,0x19,0x40,0x55,0x41,0x55,
    0x75,0x67,0x45,0x75,0x41,0x94,0x55,0x11,0x45,0x11,0x11,0x54,0x44,0x51,0x12,0x44,
    0x14,0x55,0x55,0x50,0x54,0x50,0x67,0x55,0x66,0x40,0x57,0x51,0x55,0x40,0x06,0x65,
    0x75,0x45,0x65,0x15,0x91,0x51,0x50,0x40,0x00,0x04,0x05,0x45,0x91,0x40,0x55,0x47,
    0x74,0x6d,0xdd,0xdd,0xd4,0x56,0x75,0xd5,0x66,0x76,0x75,0x9d,0x47,0x75,0xd5,0xd0,
    0x51,0x11,0x15,0x55,0x44,0x01,0x57,0x55,0x75,0x95,0x15,0x00,0x11,0x14,0x54,0x04,
    0x40,0x11,0x02,0x78,0x8a,0xdd,0xa7,0xa2,0x6e,0x29,0x07,0x46,0x64,0x46,0x45,0x74,
    0x47,0x65,0x50,0x00,0x03,0x1d,0x59,0xdd,0x14,0x45,0x1d,0x65,0xdd,0x84,0x00,0x0d,
    0xf7,0xdf,0xf7,0xdc,0x55,0x41,0x44,0x44,0x66,0x51,0x44,0x45,0x10,0x00,0x55,0x55,
    0xd5,0x55,0x65,0xd6,0x75,0x55,0x56,0x50,0x00,0x14,0x55,0x54,0x17,0x46,0x5d,0xd9,
    0x1d,0x01,0x59,0x59,0x5d,0x40,0x7f,0xf7,0x77,0xf7,0xff,0xff,0xff,0xfc,0xff,0x73,
    0xff,0x3f,0x7f,0xf7,0xff,0x74,0xc0,0x01,0x55,0x16,0x45,0x67,0x55,0x15,0x40,0x77,
    0x77,0x74,0x71,0xd3,0x41,0x55,0xd5,0xdd,0x9d,0x16,0x74,0x74,0x01,0x44,0x05,0x5c,
    0x57,0x50,0x17,0x41,0x41,0x55,0x01,0x54,0x51,0x51,0x54,0x45,0x55,0x14,0x44,0x51,
    0x55,0x45,0x14,0x50,0x59,0x61,0x55,0x67,0x57,0x50,0x59,0x55,0x94,0x0d,0x01,0x54,
    0x54,0x56,0x51,0x59,0xd5,0x99,0x01,0x15,0x55,0x55,0x41,0x59,0x15,0x01,0x67,0x55,
    0x55,0xdd,0x74,0x5d,0x45,0x9d,0x56,0x59,0x54,0x55,0xd7,0x54,0x59,0x19,0x77,0x50,
    0x55,0x55,0x51,0x45,0x54,0x01,0x65,0x5d,0x55,0x45,0x59,0x00,0x14,0x44,0x40,0x44,
    0x50,0x14,0x47,0x87,0x6d,0x22,0xee,0x7b,0xb9,0xb7,0x05,0x14,0x45,0x94,0x5d,0x15,
    0x76,0x1d,0xd5,0x64,0x00,0x00,0x0c,0x45,0x75,0x5d,0x74,0xd3,0x00,0x00,0x31,0xdf,
    0x7f,0x7d,0xfd,0xfc,0x19,0x40,0x44,0x51,0x15,0x14,0x45,0x11,0x10,0x01,0x56,0x75,
    0x55,0x99,0x55,0x55,0x55,0xd4,0x55,0x50,0x00,0x15,0x55,0x50,0x15,0x55,0xd5,0x91,
    0x75,0xc1,0x65,0xd7,0x46,0x40,0xf7,0x7f,0xfd,0xcd,0xdd,0x1d,0xd1,0xdd,0xdf,0x1d,
    0xdd,0xdf,0xf7,0x7f,0x47,0x3d,0xd0,0x00,0x05,0x57,0x57,0x55,0x9d,0x59,0x43,0x77,
    0x47,0xdd,0xdf,0x37,0x01,0x67,0x59,0x55,0x75,0x74,0x51,0x55,0x05,0x55,0x05,0x90,
    0x15,0x40,0x15,0x01,0x01,0x00,0x00,0x15,0x45,0x14,0x45,0x44,0x44,0x45,0x45,0x11,
    0x45,0x55,0x55,0x41,0x65,0x55,0x9d,0x45,0x95,0x51,0x65,0x19,0x74,0x1d,0xd3,0x5d,
    0x65,0x65,0x15,0x95,0x59,0x1c,0x00,0x05,0x45,0x14,0x50,0x1d,0x50,0x16,0x5d,0x6d,
    0xdd,0x47,0x77,0x74,0x77,0x57,0x45,0x45,0xd5,0x64,0x59,0xdd,0x9d,0x77,0x45,0x50,
    0x51,0x45,0x15,0x54,0x54,0x00,0x55,0x95,0x99,0x55,0x95,0x00,0x11,0x11,0x10,0x44,
    0x45,0x01,0x01,0xe8,0xb8,0xb9,0xb6,0x26,0xd2,0x4a,0x06,0x66,0x5d,0x1d,0x91,0x61,
    0xd1,0x54,0x67,0x5d,0x55,0xd0,0x00,0x00,0x00,0x00,0x00,0x00,0x01,0x14,0x1f,0xf7,
    0xdf,0xdf,0x77,0xdc,0x14,0x50,0x45,0x11,0x44,0x44,0x51,0x11,0x50,0x00,0x55,0x55,
    0x65,0x55,0xd6,0x59,0x59,0x55,0x65,0x50,0x00,0x15,0x55,0x54,0x25,0x9d,0x59,0x17,
    0x65,0x05,0x5d,0x55,0x14,0x41,0xdf,0xf7,0x7f,0x7f,0xf3,0xff,0x3f,0xff,0xf7,0xff,
    0xff,0xfd,0xcf,0x34,0xff,0x7f,0xfd,0xc0,0x00,0x25,0x59,0x77,0x56,0x77,0x50,0x74,
    0x7d,0x1d,0xc7,0x71,0xc1,0x75,0x5d,0x91,0xd1,0x19,0xd6,0xd0,0x15,0x10,0x15,0x40,
    0x15,0x05,0x35,0x01,0x00,0x00,0x00,0x00,0x55,0x15,0x51,0x15,0x15,0x51,0x11,0x11,
    0x54,0x44,0x45,0x41,0x5d,0xd6,0x56,0x56,0x76,0x56,0x5d,0x57,0x50,0x74,0x70,0x55,
    0x5d,0x5d,0x59,0x77,0x45,0x70,0x44,0x00,0x55,0x51,0x54,0x00,0x00,0x77,0x55,0x95,
    0x91,0xdd,0xdd,0xdd,0xd9,0xd9,0x57,0x56,0x5d,0x75,0x65,0x45,0xd7,0x5d,0xd7,0x71,
    0x55,0x55,0x54,0x55,0x44,0x01,0x57,0x55,0x55,0x95,0x55,0x00,0x11,0x44,0x41,0x11,
    0x11,0x41,0x4a,0x1e,0xd1,0x93,0xa2,0x7b,0xab,0xa6,0x05,0x55,0xd6,0x75,0x19,0x16,
    0x56,0x1d,0x46,0x16,0x76,0x55,0x55,0xd1,0x00,0x01,0x11,0x45,0x55,0x54,0xdd,0xdf,
    0x7d,0xf7,0xfd,0xf7,0x35,0x5c,0x51,0x14,0x45,0x14,0x44,0x51,0x10,0x01,0x59,0x59,
    0x55,0x95,0x55,0x57,0x55,0x65,0x57,0x50,0x00,0x15,0x55,0x44,0x15,0x56,0x55,0x75,
    0x11,0x01,0x95,0x91,0x65,0x03,0xfd,0xcf,0xdf,0xdd,0xdd,0xdd,0xdd,0xd1,0xcd,0xdd,
    0xd1,0xdc,0x77,0x7f,0x77,0xf4,0x7f,0x7f,0x00,0x00,0x55,0x65,0x45,0x55,0x60,0x77,
    0x77,0x77,0x7d,0x1d,0x05,0x56,0x45,0x76,0x46,0x74,0x65,0x50,0x10,0x00,0x15,0x00,
    0x56,0x05,0x14,0x10,0x00,0x06,0x54,0x00,0x05,0x51,0x14,0x51,0x44,0x44,0x44,0x44,
    0x45,0x55,0x55,0x05,0x95,0x65,0xd7,0x65,0x54,0x65,0xd5,0x9d,0x53,0x47,0x74,0x99,
    0xd6,0x65,0x97,0x55,0x57,0x01,0x11,0x44,0x05,0x15,0x15,0x44,0x0d,0x64,0x75,0xdd,
    0x76,0x77,0x47,0x47,0x75,0x75,0xd9,0x65,0xd6,0x56,0x74,0x59,0xd1,0xd1,0xd9,0x41,
    0x44,0x51,0x45,0x45,0x54,0x00,0x55,0x64,0x51,0x5d,0x65,0x00,0x14,0x45,0x01,0x14,
    0x44,0x40,0x01,0xe1,0x2b,0xee,0x76,0xe9,0x19,0xed,0x15,0x5d,0x51,0x54,0x5d,0x74,
    0x45,0x76,0x5d,0x74,0x51,0x1d,0xb4,0x55,0x55,0x55,0x55,0x55,0x55,0x54,0xf7,0xf7,
    0xf7,0xdf,0x7f,0x7d,0x05,0xd4,0x11,0x11,0x11,0x44,0x45,0x11,0x10,0x00,0x55,0xd5,
    0x65,0x5d,0x5d,0x75,0x51,0x56,0x55,0x50,0x00,0x15,0x54,0x00,0x01,0xd5,0x9d,0x19,
    0x65,0x05,0x5d,0x57,0x46,0x0d,0xdf,0x77,0xf4,0xff,0xff,0xff,0xff,0xff,0x7f,0xff,
    0xff,0xff,0xff,0xf7,0xff,0x4f,0xdc,0xdd,0xfc,0x00,0x03,0x56,0x5d,0xd1,0x90,0x1d,
    0xdd,0xdd,0x13,0xdc,0x05,0xd9,0x57,0x44,0x59,0x15,0x4c,0x00,0x00,0x10,0x94,0x04,
    0x14,0x15,0x00,0x50,0x19,0x55,0x55,0x40,0x00,0x05,0x95,0x44,0x51,0x45,0x14,0x51,
    0x55,0x15,0x15,0x05,0x76,0x5d,0x51,0x5d,0x15,0x5d,0x59,0xd5,0x41,0xdd,0x1c,0x15,
    0x65,0x17,0x5d,0x66,0x74,0x04,0x04,0x44,0x41,0x55,0x51,0x55,0x41,0x45,0x59,0x54,
    0x57,0x75,0xdd,0xd7,0x5d,0xd4,0x55,0xd5,0x59,0x17,0x55,0xdd,0x77,0x77,0x5d,0x41,
    0x55,0x55,0x55,0x54,0x54,0x01,0x59,0x55,0x55,0x55,0x55,0x00,0x11,0x11,0x04,0x44,
    0x51,0x10,0x47,0xae,0xb4,0x84,0xae,0x92,0xb8,0x98,0x17,0x55,0x55,0x55,0x55,0x95,
    0x64,0x51,0x14,0x51,0x96,0x51,0x55,0x9d,0x95,0x56,0x59,0x55,0x96,0x50,0x7f,0x7f,
    0x7d,0xfd,0xdd,0xf7,0xc5,0x44,0x11,0x44,0x51,0x11,0x44,0x44,0x50,0x01,0x55,0x56,
    0x54,0x55,0x55,0x55,0x55,0x65,0x75,0x50,0x00,0x55,0x50,0x00,0x00,0x05,0x55,0x91,
    0xdd,0x05,0x95,0x9d,0x9d,0x0d,0xfd,0xfd,0xfd,0xdd,0x1d,0xdd,0xdd,0x1f,0xdd,0xd1,
    0xdd,0xd1,0xdd,0xff,0x47,0xf7,0xfd,0xff,0x77,0x70,0x00,0x01,0x55,0x55,0x54,0x37,
    0x47,0x47,0xf7,0x47,0x05,0x97,0x74,0x56,0x47,0x53,0x00,0x00,0x55,0x54,0x50,0x14,
    0x10,0x55,0x01,0x55,0x15,0x55,0x55,0x55,0x00,0x00,0x00,0x55,0x14,0x44,0x44,0x44,
    0x45,0x51,0x55,0x05,0x54,0x55,0x15,0x95,0x67,0x56,0x45,0x59,0x07,0x71,0xdc,0x17,
    0x51,0x55,0x45,0x54,0x00,0x00,0x00,0x00,0x00,0x11,0x55,0x45,0x45,0xdd,0xd7,0x65,
    0x9d,0x5d,0xd7,0x77,0x9d,0x65,0x67,0x5d,0x15,0x5d,0x47,0x57,0x1d,0xd7,0x91,0x41,
    0x14,0x45,0x11,0x15,0x44,0x01,0x55,0x16,0x66,0x66,0x75,0x00,0x11,0x11,0x05,0x11,
    0x14,0x54,0x0e,0x12,0x1e,0x7a,0xe7,0xbb,0x9e,0x90,0x55,0x45,0x15,0x19,0x64,0x55,
    0x55,0x55,0x59,0x55,0x45,0xd5,0x19,0x55,0x5d,0x65,0x75,0x19,0x51,0x53,0xdd,0xf7,
    0xdf,0xdf,0xff,0x7d,0xc1,0x55,0x04,0x45,0x11,0x44,0x51,0x14,0x44,0x01,0x5d,0x55,
    0x75,0x56,0x65,0x96,0x59,0x57,0x55,0x50,0x00,0x15,0x50,0x55,0x10,0x00,0x19,0x75,
    0x16,0x09,0x75,0x14,0x54,0x0f,0x7c,0xdf,0x7f,0xff,0xff,0xcf,0xcf,0xf7,0xfc,0xff,
    0xf3,0xff,0xfc,0x74,0xff,0x7f,0x4f,0xdf,0x3f,0xf7,0xc0,0x00,0x0d,0x99,0xd4,0x07,
    0x74,0x77,0x4c,0xdc,0x16,0x5d,0x45,0x87,0x55,0x00,0x01,0x15,0x55,0x54,0x00,0x54,
    0x01,0x55,0x55,0x55,0x55,0x55,0x55,0x55,0x50,0x00,0x00,0x01,0x51,0x11,0x15,0x15,
    0x55,0x15,0x44,0x16,0x45,0x76,0x59,0x76,0x55,0x9d,0x57,0x55,0x07,0x1d,0x1c,0x55,
    0x95,0x9d,0x96,0x40,0x01,0x21,0x00,0x00,0x00,0x00,0x01,0x55,0x41,0x64,0x55,0x5d,
    0x75,0xd1,0x76,0x75,0xd4,0x5d,0x75,0x55,0x67,0x55,0x95,0xdd,0x77,0x47,0x76,0x41,
    0x55,0x55,0x55,0x54,0x54,0x00,0x59,0x55,0x55,0x55,0x55,0x00,0x14,0x44,0x04,0x45,
    0x11,0x05,0x06,0xe7,0xb8,0xa1,0xba,0x1a,0xe9,0xc0,0x59,0x55,0x59,0x55,0x15,0x50,
    0x00,0x35,0x55,0x65,0x55,0x55,0x55,0x14,0x55,0x51,0x55,0x55,0x15,0x43,0x7f,0x7d,
    0xfd,0xf7,0x77,0xdf,0x41,0xd9,0x04,0x51,0x14,0x45,0x11,0x44,0x50,0x00,0x55,0x97,
    0x55,0x65,0x55,0x55,0x55,0xd5,0x56,0x50,0x00,0x55,0x41,0x55,0x56,0x00,0x00,0x57,
    0x64,0x05,0x56,0x59,0xd8,0x07,0xdd,0xff,0x1d,0xdd,0xdd,0xdd,0xdd,0xfd,0x1d,0xdd,
    0xdd,0xdd,0xdf,0xff,0x77,0x37,0xdd,0xf1,0xdd,0xfd,0xdf,0x00,0x00,0x04,0x55,0x07,
    0x77,0x74,0xdd,0xd0,0x17,0x44,0x58,0x59,0x40,0x00,0x55,0x55,0x55,0x54,0x01,0x55,
    0x05,0x55,0x55,0x55,0x55,0x55,0x55,0x55,0x55,0x55,0x10,0x00,0x14,0x45,0x40,0x80,
    0x45,0x54,0x54,0x15,0x59,0x95,0x97,0x55,0x1d,0x55,0xd5,0x94,0x1d,0xdd,0xd0,0x19,
    0x45,0x75,0x55,0x00,0x44,0x00,0xd1,0x01,0x11,0x00,0x00,0x01,0x41,0xd5,0xd9,0x15,
    0xd7,0x67,0x6d,0x1d,0x45,0x97,0x56,0x46,0x55,0xd9,0x76,0x74,0x67,0x77,0x5d,0x45,
    0x11,0x45,0x15,0x15,0x54,0x01,0x55,0x97,0x5d,0x75,0x55,0x00,0x11,0x14,0x11,0x11,
    0x44,0x51,0x01,0x22,0x49,0x2e,0xd2,0xad,0x8a,0x01,0x54,0x56,0x55,0x51,0x54,0x00,
    0x00,0x00,0x05,0x5d,0x65,0x65,0x95,0x55,0x59,0x15,0x51,0x5d,0x55,0x41,0xf7,0xf7,
    0xdf,0x7f,0xfd,0xfd,0xd0,0x51,0x41,0x11,0x11,0x11,0x11,0x11,0x10,0x01,0x55,0x55,
    0x56,0x55,0x75,0x97,0x5d,0x55,0x65,0x50,0x00,0x15,0x05,0x66,0x65,0x54,0x00,0x05,
    0x45,0x05,0xd5,0x74,0x54,0x37,0xff,0xdd,0xff,0xcf,0xf3,0xff,0xff,0x73,0xff,0xfc,
    0xff,0x3f,0x37,0x47,0xff,0x7f,0xff,0x1f,0xfc,0x73,0xf7,0x77,0x00,0x00,0x01,0x81,
    0x77,0x7d,0x34,0x40,0x5d,0x56,0x45,0xd4,0x00,0x15,0x55,0x55,0x55,0x55,0x15,0x55,
    0x55,0x55,0x55,0x55,0x55,0x55,0x55,0x55,0x00,0x01,0x55,0x00,0x01,0x44,0x00,0x00,
    0x55,0x15,0x54,0x17,0x65,0x75,0xd5,0x45,0x56,0x46,0x59,0x54,0x1d,0xd1,0xd0,0x57,
    0x57,0x54,0x50,0x04,0xc0,0xcc,0x00,0x90,0x08,0x47,0x44,0x00,0x05,0x44,0x57,0x59,
    0x59,0x75,0xd5,0x57,0x59,0xd5,0x94,0x55,0xdd,0x51,0x5d,0x5b,0x74,0x5d,0x17,0x41,
    0x55,0x55,0x51,0x54,0x54,0x00,0x5d,0x55,0x55,0x54,0x65,0x00,0x11,0x14,0x14,0x51,
    0x11,0x11,0x0a,0xdb,0xbb,0xb4,0xa9,0xe8,0x64,0x15,0x55,0x55,0x45,0x15,0x40,0x04,
    0x49,0x20,0x00,0x55,0x5d,0x51,0x51,0x75,0x95,0x55,0xd5,0x55,0x5d,0x0f,0x7f,0x7f,
    0x7f,0xdd,0xdf,0x7f,0xf0,0x55,0x41,0x44,0x45,0x14,0x44,0x45,0x10,0x00,0x59,0x75,
    0x95,0x5d,0x55,0x55,0x55,0x65,0x55,0x50,0x00,0x54,0x16,0x55,0x55,0x55,0x50,0x00,
    0x97,0x05,0x67,0x59,0x18,0x0d,0xdd,0xff,0x77,0x77,0x77,0x74,0x74,0xdd,0xdd,0xdd,
    0xdd,0xdd,0xfc,0xff,0x71,0xf4,0x77,0xf7,0x77,0xf7,0x7f,0xff,0x7d,0x30,0x00,0x00,
    0x1d,0xd3,0x71,0xc0,0x74,0x74,0x5d,0x40,0x0d,0x55,0x55,0x55,0x55,0x55,0x55,0x55,
    0x55,0x55,0x55,0x55,0x55,0x55,0x55,0x40,0x00,0x00,0x01,0x55,0x00,0x51,0x02,0x10,
    0x45,0x51,0x44,0x15,0x9d,0x59,0x51,0x96,0x75,0x55,0x40,0x44,0xdc,0x77,0x10,0x55,
    0x65,0x99,0x40,0xd0,0x08,0x02,0x00,0x01,0x01,0x30,0x20,0x4c,0x00,0x56,0x75,0x5d,
    0xd4,0x5d,0x47,0xdd,0x9d,0x75,0x45,0x67,0x55,0x96,0xd4,0x75,0xdd,0xdd,0xdd,0x05,
    0x14,0x51,0x55,0x45,0x44,0x01,0x55,0x76,0x66,0x55,0x55,0x00,0x14,0x40,0x04,0x44,
    0x45,0x11,0x07,0x88,0x44,0x4a,0xde,0xb6,0xec,0x15,0x9d,0x45,0x55,0x55,0x01,0x88,
    0x90,0x46,0x40,0x15,0x15,0x15,0x55,0x55,0x45,0x5d,0x55,0x91,0x55,0x37,0xf7,0xdf,
    0xdd,0xff,0xf7,0xdd,0xdc,0x5d,0x40,0x45,0x11,0x44,0x51,0x44,0x50,0x01,0x55,0x55,
    0x55,0xd5,0x59,0x75,0x96,0x54,0x51,0x50,0x00,0x10,0x15,0xdd,0xdd,0x99,0x55,0x40,
    0x01,0x06,0x55,0x91,0x64,0x1f,0xf3,0x77,0xff,0xff,0xff,0xff,0xfd,0xff,0xff,0x3f,
    0xf3,0xff,0x77,0x77,0x37,0xff,0xfd,0xff,0xff,0x7f,0xc7,0x77,0xdf,0xdf,0x30,0x00,
    0x00,0x07,0x1c,0x0d,0x56,0x65,0xd6,0x00,0x55,0x55,0x55,0x55,0x55,0x55,0x55,0x55,
    0x55,0x55,0x55,0x55,0x55,0x55,0x54,0x00,0x14,0x50,0x00,0x15,0x40,0x18,0x25,0x55,
    0x54,0x55,0x54,0x59,0x55,0xd4,0x56,0x5d,0x59,0x18,0x00,0x00,0x77,0x47,0x71,0x67,
    0x51,0x54,0x00,0x40,0x80,0x80,0x23,0x00,0xc0,0x04,0x04,0x21,0x10,0x09,0x56,0x55,
    0x45,0x96,0x5d,0x65,0xd7,0x59,0xd6,0x55,0x64,0x5d,0x55,0xd1,0x77,0x77,0x65,0x05,
    0x55,0x55,0x14,0x55,0x54,0x01,0x59,0x55,0x55,0x19,0x65,0x00,0x11,0x01,0x11,0x14,
    0x51,0x14,0x01,0xb7,0xae,0xed,0x2b,0x4a,0x40,0x55,0x55,0x57,0x5d,0x50,0x21,0x11,
    0x08,0x80,0x84,0x01,0x55,0x55,0xd6,0x51,0x55,0x15,0x59,0x55,0x94,0x3d,0xfd,0xf7,
    0xff,0x77,0x7d,0xf3,0x70,0x54,0x50,0x51,0x44,0x45,0x14,0x45,0x10,0x00,0x55,0x96,
    0x51,0x55,0x95,0x55,0x55,0x55,0x55,0x50,0x00,0x50,0x59,0x55,0x55,0x55,0xd5,0x58,
    0x00,0x05,0x5d,0x45,0xd0,0x37,0x77,0xf3,0x74,0x77,0x47,0x47,0x7f,0xdd,0xd1,0xdd,
    0x1d,0xd3,0xcf,0xff,0x7f,0x77,0x4f,0x74,0x71,0xf4,0x7f,0x3f,0xfd,0xfd,0xdf,0xcc,
    0x00,0x00,0x00,0x04,0xc4,0x47,0x60,0x01,0x55,0x55,0x55,0x55,0x55,0x55,0x55,0x55,
    0x55,0x55,0x55,0x55,0x55,0x55,0x50,0x05,0x55,0x55,0x50,0x05,0x54,0x00,0x15,0x55,
    0x45,0x51,0x54,0x17,0x75,0x45,0x9d,0x56,0x45,0x54,0x1d,0xdd,0xd1,0xdd,0xc1,0x55,
    0x95,0x40,0x08,0x03,0x00,0x08,0x00,0x8c,0x20,0xc0,0x80,0xc0,0x08,0x00,0xd5,0xd9,
    0x96,0x77,0x75,0xdd,0x45,0x5d,0x55,0xdd,0x75,0x55,0xdd,0x57,0x5d,0x76,0xdd,0x05,
    0x11,0x11,0x55,0x51,0x54,0x00,0x55,0x94,0x5d,0x55,0x55,0x00,0x14,0x04,0x44,0x45,
    0x11,0x44,0x07,0x88,0x4b,0x4b,0xa4,0xad,0x05,0x57,0x51,0x55,0x55,0x40,0x44,0x22,
    0x11,0x18,0x49,0x00,0x55,0x59,0x55,0x15,0x5d,0x55,0x94,0x55,0x50,0xdf,0x77,0xfd,
    0xdf,0xff,0xdf,0xdd,0xc0,0x19,0x50,0x44,0x45,0x11,0x11,0x11,0x10,0x01,0x59,0x55,
    0x55,0x59,0x57,0x59,0x45,0x96,0x56,0x50,0x00,0x01,0x55,0x99,0x99,0xdd,0x59,0x95,
    0x40,0x00,0x15,0x5d,0x54,0x3f,0xff,0x77,0xff,0xfc,0xff,0xff,0xd1,0xf0,0xff,0xff,
    0xff,0xf7,0x77,0x77,0xf7,0x3c,0xf7,0x3f,0xf7,0xcf,0xf7,0x74,0x7f,0x1f,0xf7,0x77,
    0xfc,0xc0,0x00,0x00,0x00,0x00,0x00,0x15,0x50,0x01,0x15,0x55,0x55,0x55,0x55,0x55,
    0x55,0x55,0x55,0x55,0x55,0x55,0x40,0x55,0x55,0x55,0x54,0x00,0x55,0x00,0x55,0x15,
    0x55,0x15,0x14,0xd5,0x58,0x55,0x55,0xd9,0x57,0x50,0x77,0x47,0x47,0x4d,0x05,0xdd,
    0x59,0x00,0x01,0x00,0x23,0x00,0x40,0x02,0x00,0x80,0x0c,0x01,0x0d,0x10,0x05,0x5d,
    0x5d,0x55,0x59,0x54,0x56,0x75,0x9d,0x56,0x56,0x76,0x56,0x19,0xd4,0x64,0x54,0x15,
    0x55,0x55,0x45,0x15,0x14,0x01,0x59,0x45,0x55,0x59,0xd5,0x00,0x10,0x14,0x45,0x11,
    0x14,0x44,0x41,0x9e,0xe4,0xad,0x2e,0x98,0x05,0x65,0x55,0x91,0x15,0x08,0x82,0x11,
    0x22,0x04,0x84,0x90,0x16,0x55,0x45,0x56,0x55,0x59,0x45,0x51,0x50,0x7d,0xff,0x7f,
    0xf7,0x77,0xf7,0xf7,0x05,0x14,0x50,0x44,0x51,0x11,0x11,0x44,0x50,0x00,0x55,0x75,
    0xd6,0x55,0x75,0x55,0x55,0x75,0x65,0x50,0x00,0x05,0x9d,0x55,0x55,0x55,0x95,0x75,
    0x55,0x00,0x00,0x65,0x1c,0x1d,0x1f,0xff,0x77,0x77,0x77,0x77,0x3f,0x70,0x77,0x77,
    0x77,0x7f,0xff,0x3c,0x7f,0x7d,0xfd,0xdd,0xff,0x77,0x7f,0xff,0xd1,0xfd,0xff,0xdf,
    0x77,0x77,0xf4,0xcc,0x30,0x00,0x01,0x54,0x00,0x00,0x01,0x55,0x55,0x55,0x55,0x55,
    0x55,0x55,0x55,0x55,0x55,0x54,0x01,0x55,0x55,0x55,0x55,0x40,0x15,0x40,0x55,0x51,
    0x45,0x55,0x54,0x16,0x45,0x67,0x66,0x51,0xd5,0x90,0x74,0x74,0x7d,0xdd,0x05,0x56,
    0x50,0x01,0x00,0x32,0x00,0x10,0x0c,0x80,0x04,0x08,0xc0,0x80,0xc0,0x0d,0x00,0x55,
    0xd5,0xdd,0x17,0x45,0x67,0x55,0x15,0x95,0xd5,0x55,0x19,0x75,0xdd,0xdd,0x74,0x11,
    0x14,0x54,0x55,0x55,0x54,0x00,0x55,0x55,0x96,0x55,0x55,0x00,0x10,0x44,0x51,0x41,
    0x11,0x10,0x82,0x38,0x4b,0x86,0xb6,0xd0,0x55,0x54,0x55,0x55,0x04,0x04,0x44,0x88,
    0x44,0x48,0x48,0x44,0x05,0x45,0x55,0x55,0x45,0x94,0x55,0x55,0x43,0xdf,0xdd,0xdd,
    0xdf,0xfd,0xfd,0x1f,0x15,0x05,0xd4,0x14,0x44,0x51,0x44,0x45,0x10,0x01,0x57,0x55,
    0x55,0x65,0x55,0x64,0x59,0x55,0x55,0x50,0x00,0x05,0x55,0xdd,0xdd,0x99,0x5d,0x56,
    0x55,0x5c,0x00,0x01,0x94,0x3f,0xf7,0x47,0xcf,0xff,0xff,0xfd,0xdf,0xc0,0x3f,0xcf,
    0xfc,0xf4,0x77,0x77,0xf7,0xf7,0xdf,0xff,0xd3,0xff,0xf4,0x77,0xff,0xdf,0x47,0xfd,
    0xfd,0xcf,0x4f,0x77,0x47,0xd0,0x05,0x40,0x00,0x44,0x00,0x05,0x55,0x55,0x55,0x55,
    0x55,0x55,0x55,0x55,0x55,0x54,0x05,0x55,0x55,0x55,0x55,0x50,0x05,0x40,0x14,0x55,
    0x55,0x11,0x44,0x15,0x56,0x56,0x51,0x55,0x67,0x53,0x77,0x77,0xdd,0x1c,0x16,0x65,
    0x01,0x45,0x0c,0x00,0x0c,0x03,0x08,0x02,0x00,0xc0,0x08,0x0c,0x00,0xc0,0x40,0x15,
    0x65,0x55,0x65,0x59,0xd5,0x65,0x59,0x75,0x64,0x76,0x57,0x5d,0x65,0x57,0x54,0x15,
    0x55,0x45,0x51,0x44,0x54,0x01,0x5d,0x65,0x59,0x75,0x65,0x00,0x10,0x44,0x44,0x41,
    0x44,0x40,0x41,0x92,0xb9,0x2c,0x6d,0x81,0x59,0xd5,0x51,0x45,0x10,0x48,0x88,0x44,
    0x88,0x84,0x84,0x89,0x01,0x57,0x59,0xd4,0x55,0x45,0x56,0x45,0x41,0xfd,0xff,0xff,
    0xf7,0x77,0x47,0xf0,0x55,0x05,0x54,0x11,0x11,0x11,0x11,0x11,0x10,0x01,0x55,0x59,
    0x65,0x57,0x56,0x55,0x55,0x65,0xd7,0x50,0x00,0x15,0x99,0x55,0x55,0x57,0x56,0x65,
    0xd9,0x95,0x60,0x00,0x04,0x07,0x7c,0xfd,0xdd,0xd1,0xdd,0x1f,0xf4,0x70,0x77,0x77,
    0x47,0x7f,0xf3,0xff,0x4f,0x4f,0xf1,0xf4,0xf7,0x7d,0x3f,0xfc,0x77,0xf4,0xfd,0x1c,
    0xd3,0xf4,0xf4,0xcc,0xfd,0x00,0x15,0x00,0x15,0x55,0x50,0x01,0x55,0x55,0x55,0x55,
    0x55,0x55,0x55,0x55,0x55,0x50,0x15,0x55,0x55,0x55,0x55,0x55,0x05,0x50,0x15,0x55,
    0x45,0x55,0x54,0x17,0x65,0xd5,0xd5,0xd9,0x75,0x50,0x47,0x1d,0x11,0xd4,0x15,0x50,
    0x05,0x04,0x02,0x20,0x82,0x30,0x80,0x20,0x30,0x08,0x00,0x20,0x88,0x00,0x04,0x01,
    0x5d,0x91,0x9d,0x95,0x5d,0x77,0x57,0x59,0x15,0x59,0x75,0x56,0x47,0x75,0xd8,0x51,
    0x45,0x55,0x15,0x55,0x54,0x00,0x55,0x57,0x55,0x56,0x55,0x00,0x10,0x45,0x11,0x10,
    0x44,0x41,0x23,0xbb,0x4b,0x9b,0xa8,0x05,0xd5,0x55,0x15,0x55,0x00,0x04,0x44,0x88,
    0x44,0x48,0x48,0x42,0x40,0x55,0x55,0x55,0x59,0x55,0x65,0x55,0x0f,0x7f,0x77,0x77,
    0x7f,0xff,0xfd,0xc1,0x51,0x05,0x14,0x11,0x45,0x14,0x51,0x44,0x50,0x00,0x55,0x95,
    0x56,0x75,0x55,0x55,0x97,0x55,0x55,0x50,0x00,0x59,0x57,0x66,0x64,0x65,0x65,0x5d,
    0x55,0x55,0x55,0x40,0x00,0x0d,0xf7,0x7f,0xff,0xff,0xff,0xf7,0x4f,0xd0,0xff,0xfc,
    0xff,0xdd,0xdd,0xdc,0xf7,0xf7,0x7f,0x4f,0x7f,0xc7,0xdd,0xdf,0xfd,0xcf,0x7f,0xfd,
    0xfd,0x3f,0x4f,0xdf,0x4c,0x01,0x54,0x01,0x55,0x55,0x55,0x00,0x55,0x55,0x55,0x55,
    0x55,0x55,0x55,0x55,0x55,0x40,0x55,0x55,0x55,0x55,0x55,0x55,0x01,0x54,0x05,0x45,
    0x54,0x51,0x45,0x05,0x5d,0x67,0x59,0x57,0x56,0x50,0xdd,0xd1,0xdf,0x70,0x55,0x00,
    0x14,0x14,0x20,0x00,0x00,0x08,0x03,0x03,0x08,0x80,0x4c,0x00,0x00,0x88,0x03,0x00,
    0x55,0x65,0x55,0x77,0x65,0x55,0x9d,0x51,0x5d,0x97,0x54,0x74,0x55,0x91,0x90,0x55,
    0x54,0x51,0x54,0x51,0x44,0x01,0x59,0x95,0x67,0x55,0x45,0x00,0x11,0x11,0x14,0x50,
    0x45,0x04,0x81,0x12,0xe1,0x38,0x70,0x15,0x54,0x51,0x56,0x55,0x08,0x00,0x01,0x11,
    0x22,0x21,0x21,0x24,0x24,0x15,0x91,0x45,0x55,0x56,0x54,0x54,0x37,0xdf,0xff,0xff,
    0xdd,0xd1,0xdf,0x05,0x55,0x46,0x65,0x04,0x44,0x44,0x44,0x45,0x10,0x01,0x59,0x54,
    0x55,0x55,0x65,0x19,0x55,0x51,0x59,0x50,0x02,0x55,0xd5,0x55,0x45,0x5d,0x5d,0xd5,
    0x67,0x76,0x56,0x55,0x00,0x00,0x7f,0xdd,0xdd,0x1d,0xd1,0xfc,0xf7,0xc0,0x74,0x77,
    0x77,0xcf,0x3f,0xcd,0xff,0x7c,0xdf,0xf7,0xf7,0x7f,0xfc,0xf7,0x73,0x77,0xf7,0x7f,
    0xdf,0xd3,0xf4,0xcc,0xd0,0x05,0x50,0x15,0x55,0x55,0x55,0x40,0x15,0x55,0x55,0x55,
    0x55,0x55,0x55,0x55,0x55,0x01,0x55,0x55,0x55,0x55,0x55,0x55,0x40,0x55,0x01,0x55,
    0x45,0x55,0x55,0x05,0x95,0x51,0x57,0x45,0x45,0x14,0x07,0x77,0x75,0xc1,0x50,0x05,
    0x10,0x54,0x00,0x32,0x31,0x00,0x00,0x10,0x00,0x00,0x02,0x04,0x20,0x00,0xc0,0x84,
    0x16,0x5d,0xd9,0xd5,0x5d,0xd9,0x55,0x95,0x65,0x75,0x45,0x65,0x77,0x56,0x50,0x44,
    0x45,0x55,0x45,0x55,0x54,0x01,0x55,0x75,0x55,0x45,0x55,0x00,0x01,0x11,0x44,0x44,
    0x11,0x08,0x40,0xad,0x1b,0xa1,0x81,0x55,0x45,0x55,0x65,0x75,0x04,0x60,0x80,0x00,
    0x84,0x44,0x84,0x81,0x08,0x05,0x55,0x56,0x01,0x55,0x15,0x54,0x1f,0x77,0x77,0x77,
    0x7f,0x3f,0x70,0x15,0xd5,0x41,0x75,0x04,0x51,0x11,0x11,0x11,0x10,0x01,0x55,0x75,
    0x65,0x56,0x55,0x55,0x75,0x95,0x95,0x50,0x01,0x5d,0x66,0x74,0x56,0x55,0x95,0x59,
    0xd5,0x55,0xd5,0x59,0x50,0x00,0x37,0xff,0x3f,0xff,0xff,0x77,0x7d,0xf0,0xff,0xff,
    0xfd,0xdd,0xdd,0xdf,0x74,0xf7,0xf7,0x7f,0x73,0xf7,0x47,0x73,0xdf,0xff,0x7f,0xdd,
    0x33,0x37,0x1f,0x77,0x00,0x55,0x40,0x55,0x55,0x55,0x55,0x54,0x05,0x55,0x55,0x55,
    0x55,0x55,0x55,0x55,0x55,0x05,0x55,0x55,0x55,0x55,0x55,0x55,0x50,0x15,0x01,0x51,
    0x55,0x14,0x51,0x41,0x50,0x55,0x91,0x59,0x59,0x55,0x40,0x0c,0xc3,0x41,0x00,0x54,
    0x53,0x54,0x0c,0x80,0x00,0x05,0x42,0x00,0x84,0x32,0x30,0x00,0x03,0x0c,0x20,0x00,
    0x01,0x55,0x55,0x59,0xd5,0x54,0x75,0x76,0x57,0x54,0x59,0x5d,0x59,0x75,0x50,0x55,
    0x55,0x14,0x55,0x14,0x54,0x00,0x59,0x56,0x45,0x56,0x55,0x00,0x41,0x14,0x44,0x44,
    0x14,0x04,0x90,0x78,0xb8,0x74,0x05,0x59,0x55,0x59,0x54,0x55,0x42,0x19,0x12,0x00,
    0x00,0x22,0x48,0x48,0x44,0x41,0x55,0x40,0x00,0x15,0x55,0x50,0xf7,0xff,0xff,0xff,
    0xdd,0xdd,0x01,0x55,0x56,0x41,0x51,0x05,0x11,0x45,0x14,0x51,0x50,0x00,0x5d,0x55,
    0x57,0x65,0x59,0x59,0x55,0x55,0x55,0x50,0x05,0x95,0x55,0x55,0x65,0x76,0x51,0x95,
    0x59,0x9d,0x67,0x57,0x65,0x40,0x01,0xd1,0xdd,0xdd,0x1f,0xff,0xff,0x40,0x77,0x74,
    0x7c,0xff,0xfc,0xff,0xff,0x7f,0x73,0xf7,0x37,0x73,0xff,0xf7,0xf7,0x77,0xf4,0xf3,
    0xdd,0xf0,0x33,0xcc,0x01,0x55,0x01,0x55,0x55,0x55,0x55,0x55,0x05,0x55,0x55,0x55,
    0x55,0x55,0x55,0x55,0x54,0x15,0x55,0x55,0x55,0x55,0x55,0x55,0x50,0x15,0x40,0x55,
    0x45,0x55,0x55,0x40,0x40,0x99,0x55,0x97,0x55,0xd9,0x51,0x00,0x00,0x04,0x05,0x50,
    0x41,0x66,0x00,0x01,0x00,0x55,0x50,0x08,0x00,0x20,0x02,0x08,0xc0,0x42,0x02,0x0c,
    0x01,0x76,0x77,0x55,0x59,0x95,0x59,0x15,0xd5,0x65,0x57,0x65,0xd7,0x5b,0x41,0x51,
    0x45,0x55,0x51,0x55,0x54,0x01,0x55,0xd5,0x56,0x65,0x75,0x00,0x01,0x44,0x45,0x11,
    0x05,0x12,0x20,0xa1,0x87,0xa0,0x15,0x54,0x56,0x55,0x15,0x55,0x09,0x02,0x24,0x66,
    0x10,0x00,0x01,0x11,0x22,0x00,0x54,0x00,0x51,0x01,0x5d,0x43,0x7f,0x77,0x77,0x77,
    0x3f,0x70,0x15,0x55,0x15,0x41,0x55,0x41,0x11,0x11,0x45,0x11,0x10,0x01,0x55,0x59,
    0x65,0x55,0x15,0xd5,0x65,0x96,0x5d,0x50,0x05,0x59,0xdd,0x99,0x57,0x55,0x15,0x5d,
    0x94,0x55,0x55,0x95,0x77,0x58,0x00,0x37,0xff,0xf3,0xf7,0x47,0x47,0xc3,0xff,0x3f,
    0xdd,0xdd,0x1d,0xdd,0x1f,0xf4,0xf7,0x4f,0x7f,0xf7,0x77,0x7f,0x7c,0xfc,0x7f,0x77,
    0xfc,0x00,0x00,0x10,0x05,0x54,0x05,0x55,0x55,0x55,0x55,0x55,0x55,0x55,0x55,0x55,
    0x55,0x55,0x55,0x55,0x54,0x15,0x55,0x55,0x55,0x55,0x55,0x55,0x54,0x15,0x50,0x15,
    0x55,0x14,0x44,0x50,0x44,0x17,0x76,0x55,0x9d,0x55,0xd5,0x55,0x55,0x00,0x55,0x41,
    0x45,0x55,0x00,0x40,0x05,0x56,0x50,0x00,0x32,0x00,0x00,0x30,0x20,0x00,0x00,0xc0,
    0x80,0x15,0x55,0x9d,0x94,0x5d,0x95,0x59,0x5d,0x97,0x65,0x5d,0x65,0x95,0x41,0x55,
    0x54,0x45,0x15,0x45,0x14,0x00,0x5d,0x54,0x55,0x57,0x55,0x00,0x04,0x44,0x51,0x14,
    0x00,0x21,0x10,0x77,0xba,0x00,0x56,0x45,0x55,0x1d,0x55,0x45,0x40,0x91,0x22,0x08,
    0x49,0x20,0x00,0x00,0x84,0x50,0x50,0x15,0x15,0x01,0x55,0x43,0x77,0xff,0xff,0xdd,
    0xdd,0x01,0x55,0x75,0x54,0x51,0xd1,0x81,0x14,0x44,0x44,0x44,0x44,0x01,0x56,0x55,
    0x55,0x51,0x55,0x57,0x55,0x75,0x55,0x50,0x15,0xd5,0x55,0x45,0xd9,0x65,0x59,0xd5,
    0x45,0x66,0x46,0x76,0x56,0x75,0x40,0x0d,0xdd,0x1d,0xff,0xff,0xfd,0x01,0xdd,0xdd,
    0xff,0xf3,0xff,0xf3,0xfd,0x3f,0x7f,0xf7,0xf7,0x7f,0xf3,0xf4,0xf7,0x77,0xf7,0xfd,
    0x13,0x05,0x44,0x00,0x55,0x50,0x15,0x55,0x55,0x55,0x55,0x55,0x55,0x55,0x55,0x55,
    0x55,0x55,0x55,0x55,0x55,0x55,0x55,0x55,0x55,0x55,0x55,0x55,0x55,0x05,0x50,0x15,
    0x45,0x55,0x55,0x40,0x05,0x15,0x55,0xd1,0x56,0x67,0x59,0x55,0x50,0x14,0x05,0x85,
    0x06,0x75,0x50,0x00,0x95,0x95,0xd4,0x32,0x00,0x01,0x01,0x02,0x02,0x08,0x20,0x08,
    0x00,0x15,0x99,0x55,0x45,0x55,0x77,0x57,0x55,0x45,0x5d,0xd5,0x91,0x45,0xc5,0x11,
    0x45,0x55,0x54,0x55,0x54,0x01,0x55,0x65,0x67,0x55,0x55,0x00,0x04,0x45,0x11,0x45,
    0x40,0x12,0x20,0x22,0x18,0x05,0x65,0x55,0x75,0x55,0x5d,0x55,0x41,0x22,0x11,0x84,
    0x88,0x46,0x64,0x00,0x00,0x20,0x01,0x11,0x44,0x50,0x55,0x0d,0xfd,0xdd,0xdd,0xff,
    0x70,0x15,0x75,0x55,0x95,0x50,0x55,0x41,0x44,0x51,0x11,0x14,0x50,0x00,0x55,0x75,
    0xd6,0x55,0x59,0x65,0x5d,0x55,0xd6,0x50,0x59,0x59,0x99,0x56,0x55,0x5d,0x95,0x59,
    0x56,0x57,0x55,0x55,0xd1,0x17,0x54,0x00,0xff,0xff,0x74,0x77,0x4f,0xc3,0xf3,0xff,
    0x47,0x77,0x77,0xdd,0xdf,0x77,0xf7,0x7f,0x7c,0xf4,0xdd,0xcd,0xff,0xff,0x73,0x7f,
    0xf0,0x15,0x55,0x01,0x55,0x40,0x55,0x55,0x55,0x55,0x55,0x55,0x55,0x55,0x55,0x55,
    0x55,0x55,0x55,0x55,0x55,0x55,0x55,0x55,0x55,0x55,0x55,0x55,0x55,0x01,0x54,0x05,
    0x54,0x51,0x45,0x44,0x06,0x16,0x45,0x56,0x45,0x15,0x55,0x9c,0x00,0x10,0x49,0x05,
    0x15,0x56,0x57,0x45,0x59,0x75,0x54,0x00,0x20,0xc1,0x50,0x00,0x00,0x00,0xc1,0x00,
    0x33,0x01,0x57,0x46,0x56,0x76,0x55,0x95,0x74,0x56,0x75,0x64,0x55,0x5d,0x05,0x55,
    0x55,0x45,0x15,0x51,0x44,0x00,0x56,0x55,0x55,0x65,0x95,0x00,0x05,0x11,0x11,0x10,
    0x40,0x48,0x44,0x9e,0x70,0x16,0xd4,0x57,0x54,0x55,0x15,0x96,0x42,0x12,0x22,0x12,
    0x12,0x21,0x11,0x99,0x00,0x00,0x05,0x14,0x55,0x14,0x14,0x37,0xdf,0xff,0xf7,0x74,
    0x01,0x57,0x54,0x51,0x5d,0x50,0x5d,0x40,0x44,0x44,0x51,0x44,0x44,0x01,0x59,0x55,
    0x55,0x75,0x95,0x55,0x55,0x59,0x55,0x40,0x55,0x97,0x54,0x65,0x76,0x55,0x76,0x64,
    0x65,0xd5,0x67,0x65,0x56,0x64,0x65,0x00,0x07,0x77,0xff,0xfc,0xdd,0x01,0xdd,0xdc,
    0xff,0xff,0xfc,0x7f,0xf3,0xff,0x4f,0x37,0x37,0x7f,0x7f,0xdf,0xd1,0xd3,0xf7,0xc7,
    0x01,0x55,0x14,0x05,0x55,0x40,0x55,0x55,0x55,0x55,0x55,0x55,0x55,0x55,0x55,0x55,
    0x55,0x55,0x55,0x55,0x55,0x55,0x55,0x55,0x55,0x55,0x55,0x55,0x55,0x05,0x45,0x01,
    0x45,0x55,0x54,0x04,0x05,0x05,0x59,0xd9,0x59,0x5d,0x9d,0x00,0x10,0x50,0x54,0x14,
    0x19,0xd5,0x75,0x55,0x97,0x56,0x64,0x20,0x00,0x01,0x55,0x01,0x31,0x32,0x00,0x30,
    0x80,0x01,0x75,0x55,0xd5,0x57,0x51,0x77,0x55,0x97,0x56,0x55,0x77,0x55,0x05,0x14,
    0x51,0x55,0x51,0x55,0x54,0x01,0x55,0x59,0xd6,0x55,0x59,0x00,0x41,0x11,0x14,0x45,
    0x10,0x84,0x88,0x21,0xc1,0x5d,0x45,0x55,0x55,0x65,0x55,0x45,0x50,0x48,0x44,0x84,
    0x46,0x44,0x84,0x84,0x65,0x90,0x11,0x45,0x11,0x44,0x04,0x0d,0xf7,0x77,0x7c,0x00,
    0x15,0x55,0x55,0x55,0x55,0x50,0x59,0x41,0x11,0x15,0x11,0x11,0x10,0x00,0x55,0xd6,
    0x59,0x55,0x57,0x56,0x59,0x95,0x51,0x41,0x65,0x75,0x45,0x5d,0x55,0xd9,0x55,0x55,
    0x5d,0x59,0x75,0x51,0x94,0x45,0x9d,0x04,0x00,0x3d,0xd1,0xdd,0xfc,0x0d,0xff,0xc7,
    0x77,0x47,0x47,0xf7,0x1d,0xd3,0xf7,0x7f,0x7f,0xf7,0xf4,0xf7,0xff,0xfd,0xff,0x7d,
    0x01,0x51,0x50,0x15,0x55,0x01,0x55,0x55,0x55,0x55,0x55,0x55,0x55,0x55,0x55,0x55,
    0x55,0x55,0x55,0x55,0x55,0x55,0x55,0x55,0x55,0x55,0x55,0x55,0x55,0x41,0x55,0x01,
    0x55,0x14,0x54,0x05,0x05,0x05,0x55,0x57,0x5d,0x55,0x00,0x01,0x10,0x54,0x54,0x14,
    0x15,0x67,0x55,0x99,0x75,0x65,0x15,0x03,0x21,0x01,0x55,0x40,0x00,0x00,0x13,0x08,
    0x01,0x00,0x55,0x9d,0x5d,0xd5,0x65,0x55,0x99,0x75,0x65,0x1d,0x55,0x94,0x15,0x55,
    0x55,0x14,0x55,0x11,0x44,0x00,0x59,0xd5,0x55,0x74,0x55,0x00,0x01,0x14,0x44,0x51,
    0x40,0x48,0x44,0x18,0x05,0xd4,0x55,0x75,0x16,0x51,0x64,0x55,0x50,0x91,0x21,0x92,
    0xa1,0x19,0x1a,0x46,0x12,0x10,0x54,0x51,0x54,0x55,0x05,0x00,0x03,0x00,0x00,0x11,
    0x55,0xd4,0x56,0x59,0x14,0x50,0x51,0x50,0x51,0x45,0x44,0x45,0x10,0x01,0x55,0x55,
    0x55,0x16,0x55,0x65,0x75,0x51,0x55,0x01,0x5d,0x56,0x56,0x55,0x9d,0x54,0x67,0x76,
    0x55,0x97,0x56,0x55,0x75,0x5d,0x14,0x35,0x00,0x03,0xf7,0xf3,0x74,0x07,0xdd,0xff,
    0xff,0xff,0xff,0x73,0x7f,0xf7,0x7f,0xf7,0xf7,0x1c,0x7f,0x7f,0x77,0x7f,0x47,0xf3,
    0x05,0x55,0x50,0x15,0x54,0x05,0x55,0x55,0x55,0x55,0x55,0x55,0x55,0x55,0x55,0x55,
    0x55,0x55,0x55,0x55,0x55,0x55,0x55,0x55,0x55,0x55,0x55,0x55,0x55,0x41,0x59,0x40,
    0x45,0x55,0x40,0x45,0x05,0x00,0x1d,0x65,0x55,0x20,0x01,0x14,0x41,0x50,0x50,0x50,
    0x56,0x55,0x65,0x55,0x55,0x55,0x57,0x00,0x00,0x01,0x9d,0x54,0x08,0x20,0x00,0x80,
    0x10,0x30,0x16,0x55,0x95,0x66,0x57,0x65,0x57,0x56,0x51,0x56,0x76,0x74,0x14,0x51,
    0x45,0x55,0x45,0x55,0x54,0x01,0x55,0x56,0x59,0x55,0x55,0x00,0x11,0x44,0x45,0x11,
    0x11,0x21,0x22,0x34,0x16,0x45,0x85,0x55,0x55,0x15,0x55,0x57,0x50,0x4a,0x44,0x84,
    0x44,0x88,0x48,0x61,0x84,0x41,0x45,0x14,0x45,0x11,0x05,0x50,0x00,0x00,0x45,0x55,
    0x55,0x55,0x65,0x15,0x55,0x54,0x97,0x50,0x44,0x44,0x51,0x44,0x50,0x00,0x59,0x65,
    0x15,0x55,0x65,0x57,0x55,0x55,0x95,0x05,0x56,0x75,0x65,0xd9,0x56,0x65,0x55,0x55,
    0xd9,0x75,0x65,0x19,0x56,0xd6,0x74,0x16,0x5c,0x00,0x0d,0xdf,0xf0,0x3f,0x73,0x77,
    0x74,0x77,0x77,0xf7,0xf7,0x7f,0xf4,0x7c,0x7f,0x7f,0xf7,0xf4,0xf3,0xd3,0xff,0x74,
    0x15,0x55,0x40,0x55,0x54,0x05,0x55,0x55,0x55,0x55,0x55,0x55,0x55,0x55,0x55,0x55,
    0x55,0x55,0x55,0x55,0x55,0x55,0x55,0x55,0x55,0x55,0x55,0x55,0x55,0x41,0x45,0x50,
    0x55,0x15,0x00,0x41,0x49,0x00,0x00,0x11,0x00,0x00,0x51,0x11,0x01,0x50,0x51,0x50,
    0x59,0x76,0x51,0x74,0x00,0x1d,0x75,0x08,0x10,0xc1,0x56,0x55,0x00,0x02,0x30,0x03,
    0x00,0x00,0x05,0x75,0x59,0x5d,0x75,0x5d,0x15,0x65,0xd5,0x97,0x55,0x50,0x55,0x55,
    0x55,0x14,0x55,0x14,0x54,0x01,0x5d,0x65,0x45,0xd5,0x95,0x00,0x40,0x45,0x11,0x11,
    0x42,0x12,0x21,0x00,0x5d,0x19,0x5d,0x91,0x65,0x55,0xd5,0xd5,0x50,0x91,0x28,0x61,
    0x26,0x46,0x11,0x12,0x19,0x01,0x51,0x45,0x51,0x55,0x46,0x55,0x55,0x55,0x55,0x55,
    0x65,0x15,0x51,0x55,0x59,0x54,0x15,0x10,0x44,0x45,0x44,0x45,0x10,0x01,0x55,0x55,
    0x59,0x65,0x57,0x55,0x54,0x55,0x54,0x25,0x95,0x56,0x5d,0x57,0x65,0x5d,0x9d,0x91,
    0x57,0x56,0x51,0x57,0x65,0x44,0x54,0x07,0x55,0x40,0x00,0xc7,0x70,0x1f,0xf7,0xff,
    0xcf,0xfc,0xff,0x7f,0x7c,0xf4,0x7f,0xf7,0xf7,0xf7,0x73,0x7f,0x77,0xf7,0x77,0x30,
    0x15,0x45,0x01,0x55,0x50,0x15,0x55,0x55,0x55,0x55,0x55,0x55,0x55,0x55,0x55,0x55,
    0x55,0x55,0x55,0x55,0x55,0x55,0x55,0x55,0x55,0x55,0x55,0x55,0x55,0x51,0x55,0x54,
    0x45,0x51,0x44,0x52,0x45,0x00,0x00,0x00,0x01,0x04,0x44,0x44,0x45,0x54,0x71,0x52,
    0x57,0x55,0x15,0x00,0x00,0x01,0x55,0x00,0x03,0x05,0x65,0x75,0x40,0x80,0x02,0x00,
    0x20,0x88,0x01,0x56,0x75,0xd5,0x56,0x55,0x67,0x5d,0x59,0x75,0x64,0x50,0x51,0x45,
    0x11,0x55,0x51,0x55,0x54,0x00,0x55,0x54,0x55,0x59,0x59,0x00,0x10,0x44,0x44,0x44,
    0x41,0x22,0x12,0x05,0x94,0x51,0x15,0x55,0x51,0x5d,0x51,0x54,0x54,0x18,0x46,0x18,
    0x48,0x61,0x86,0x24,0x49,0x05,0x14,0x54,0x44,0x44,0x41,0x55,0x55,0x55,0x55,0xd6,
    0x5d,0x59,0x15,0x5d,0x15,0xd4,0x14,0x54,0x14,0x56,0x51,0x11,0x10,0x01,0x5d,0x75,
    0x95,0x57,0x55,0x65,0x65,0x67,0x58,0x15,0xdd,0x91,0x55,0x95,0x51,0xd5,0x55,0x56,
    0x65,0x65,0x15,0x95,0x75,0x9d,0x84,0x15,0x11,0x54,0x40,0x00,0xc0,0x77,0x7f,0x47,
    0x77,0x77,0x74,0xf4,0xf7,0x7f,0xf7,0x7f,0x73,0x7c,0xf7,0xc7,0xfd,0xff,0xf3,0x70,
    0x55,0x55,0x05,0x55,0x50,0x55,0x55,0x55,0x55,0x55,0x55,0x55,0x55,0x55,0x55,0x55,
    0x55,0x55,0x55,0x55,0x55,0x55,0x55,0x55,0x54,0x55,0x55,0x55,0x55,0x55,0x51,0x44,
    0x54,0x55,0x45,0x10,0x55,0x05,0x04,0x44,0x54,0x11,0x11,0x11,0x05,0x50,0x41,0x51,
    0x75,0x65,0x50,0x05,0x55,0x50,0x15,0x03,0x20,0x05,0x5d,0x59,0x5c,0x0c,0x80,0xc8,
    0x00,0x00,0xc1,0x65,0x55,0x64,0x64,0x76,0x55,0x55,0x97,0x56,0x45,0x41,0x55,0x55,
    0x55,0x45,0x15,0x45,0x14,0x01,0x59,0x95,0x56,0x55,0xd5,0x00,0x00,0x44,0x14,0x51,
    0x02,0x11,0x21,0x05,0xd1,0x65,0xd1,0x59,0x15,0x95,0x55,0x65,0x54,0x12,0x91,0x24,
    0x91,0x24,0x61,0x86,0x10,0x14,0x45,0x11,0x55,0x15,0x05,0x16,0x55,0x56,0x5d,0x55,
    0x15,0x55,0x55,0x55,0x55,0x54,0x15,0x58,0x11,0x19,0x14,0x44,0x50,0x00,0x55,0x55,
    0x57,0x55,0x65,0x57,0x55,0x55,0x50,0x5d,0x55,0x55,0xd9,0x76,0x55,0x59,0xd9,0x19,
    0x5d,0x51,0x59,0x76,0x57,0x54,0x5c,0x1d,0x9b,0x75,0xd0,0x00,0x03,0xff,0x37,0xff,
    0xff,0xff,0xff,0x7f,0x7f,0xf7,0x4f,0xc7,0xf7,0xc7,0x7f,0x7f,0x7c,0x74,0x77,0xc0,
    0x55,0x55,0x05,0x55,0x50,0x55,0x55,0x55,0x55,0x55,0x55,0x55,0x55,0x55,0x55,0x55,
    0x55,0x55,0x55,0x55,0x55,0x55,0x55,0x55,0x50,0x05,0x55,0x55,0x55,0x55,0x55,0x55,
    0x45,0x45,0x41,0x04,0x55,0x05,0xc5,0x55,0x50,0x44,0x44,0x44,0x05,0x50,0x45,0x41,
    0x56,0x51,0xc1,0x55,0x95,0x96,0x05,0x40,0x00,0x16,0x55,0x95,0x94,0x04,0x1d,0x11,
    0x0c,0x80,0x00,0x57,0x64,0x55,0x55,0x55,0xd9,0x19,0x45,0x75,0x55,0x85,0x14,0x51,
    0x45,0x55,0x54,0x55,0x54,0x00,0x55,0x5d,0x65,0x5d,0x55,0x00,0x14,0x44,0x05,0x11,
    0x04,0x88,0x84,0x81,0x65,0xd1,0x65,0x95,0x55,0x51,0x45,0x55,0x54,0x24,0x4a,0x49,
    0x24,0x84,0x84,0x49,0x18,0x15,0x51,0x50,0x44,0x45,0x04,0x55,0x75,0xd5,0xd5,0x51,
    0x55,0x45,0x59,0xd5,0x51,0x55,0x1d,0xd4,0x11,0x56,0x65,0x14,0x44,0x01,0x56,0x59,
    0x75,0x65,0x57,0x55,0x59,0x65,0x50,0x55,0x99,0xd9,0x57,0x55,0xd9,0x95,0x51,0x57,
    0x55,0x15,0x97,0x55,0xd5,0x45,0xd4,0x19,0x14,0x51,0x54,0x0c,0x07,0x77,0x7f,0x77,
    0x77,0x47,0x47,0xc7,0xf4,0xf3,0xf7,0x7f,0x7f,0x7f,0xf7,0xf7,0xc7,0xff,0xff,0x01,
    0x55,0x44,0x05,0x55,0x41,0x55,0x55,0x55,0x55,0x55,0x55,0x55,0x55,0x55,0x55,0x55,
    0x55,0x55,0x55,0x55,0x55,0x55,0x55,0x55,0x40,0x01,0x55,0x55,0x55,0x55,0x54,0x55,
    0x55,0x54,0x41,0x44,0x11,0x25,0x05,0x14,0x41,0x11,0x11,0x11,0x15,0x54,0x05,0x41,
    0x95,0x14,0x15,0x99,0x59,0x55,0x41,0x58,0x01,0x55,0xd9,0x45,0x51,0x01,0x00,0x00,
    0x88,0x0c,0x80,0x15,0x55,0x67,0x67,0x65,0x55,0x54,0x57,0x54,0x65,0x05,0x55,0x55,
    0x54,0x51,0x45,0x51,0x44,0x01,0x57,0x55,0x57,0x55,0x55,0x00,0x11,0x11,0x00,0x45,
    0x08,0x48,0x48,0x41,0x91,0x46,0x47,0x51,0x59,0x15,0x56,0x45,0x14,0x12,0x11,0x12,
    0x49,0x18,0x61,0x92,0x40,0x51,0x14,0x50,0x15,0x51,0x05,0x45,0x55,0x59,0x55,0x15,
    0x54,0x55,0xd5,0x51,0x95,0x94,0x15,0x94,0x11,0x91,0x59,0x51,0x50,0x00,0x55,0x57,
    0x55,0x56,0x75,0x65,0x95,0x55,0x40,0x59,0x55,0x56,0x75,0x59,0x55,0x74,0x55,0x95,
    0x66,0x59,0x75,0x65,0x64,0x5d,0x90,0x14,0x75,0xd9,0x1c,0x1d,0xff,0xf3,0xf4,0xfc,
    0xf3,0xff,0xff,0x7f,0x4f,0x77,0x7f,0xf7,0x37,0xf7,0xd3,0x7c,0x7f,0x7d,0xd1,0x01,
    0x55,0x55,0x05,0x55,0x41,0x55,0x55,0x55,0x55,0x55,0x55,0x55,0x55,0x55,0x55,0x55,
    0x55,0x55,0x55,0x55,0x55,0x55,0x55,0x55,0x00,0x00,0x55,0x55,0x55,0x55,0x55,0x45,
    0x44,0x55,0x51,0x71,0x41,0x15,0x05,0x55,0x41,0x11,0x11,0x11,0x15,0x50,0x15,0x41,
    0x5d,0x50,0x59,0x57,0x5d,0x75,0x50,0x55,0x55,0x65,0x54,0x55,0x00,0x00,0x00,0x20,
    0x04,0x00,0x00,0x05,0x9d,0x55,0x55,0x51,0x91,0x9d,0x55,0x65,0x57,0x14,0x51,0x44,
    0x55,0x55,0x55,0x15,0x54,0x01,0x65,0x65,0x95,0x65,0x99,0x01,0x11,0x45,0x50,0x10,
    0x11,0x21,0x22,0x01,0x46,0x57,0x5d,0x55,0x75,0x56,0x65,0x55,0x54,0x26,0x48,0xa4,
    0x92,0x86,0x18,0x84,0x61,0x45,0x45,0x10,0x01,0x15,0x00,0x5d,0x65,0x95,0x45,0x55,
    0x65,0x55,0x54,0x55,0x55,0x45,0x04,0x45,0x05,0x66,0x46,0x44,0x10,0x01,0x59,0xd5,
    0x56,0x55,0x55,0x55,0x51,0x75,0x41,0x57,0x64,0x65,0x56,0x51,0x67,0x55,0x99,0x76,
    0x5d,0x57,0x56,0x5d,0x45,0x64,0x50,0x96,0x51,0x91,0x90,0xf3,0x1d,0x1d,0xfd,0xdd,
    0xdd,0xdd,0xdf,0xf7,0xf7,0xff,0xf4,0x7f,0x7c,0x7f,0x7f,0xc7,0xf7,0xf4,0xff,0x05,
    0x55,0x55,0x05,0x55,0x05,0x55,0x55,0x55,0x55,0x55,0x55,0x55,0x55,0x55,0x55,0x55,
    0x55,0x55,0x55,0x55,0x55,0x55,0x55,0x55,0x00,0x01,0x55,0x55,0x55,0x55,0x55,0x55,
    0x55,0x45,0x10,0x50,0x35,0x64,0x14,0x45,0x04,0x44,0x12,0x10,0x15,0x54,0x05,0x45,
    0x95,0x41,0x57,0x75,0x55,0x96,0x58,0x55,0x59,0x5d,0x95,0x54,0x00,0xc8,0xc8,0x03,
    0x03,0x42,0x0c,0x05,0x56,0x76,0x76,0x55,0x55,0xd5,0x9d,0x97,0x64,0x15,0x55,0x55,
    0x45,0x11,0x11,0x54,0x54,0x00,0x55,0x55,0x75,0x54,0x55,0x01,0x11,0x10,0x44,0x00,
    0x12,0x12,0x11,0xa0,0x54,0x74,0x45,0x15,0x55,0x75,0x51,0x45,0x94,0x12,0x19,0x12,
    0x11,0x11,0x05,0x46,0x01,0x11,0x11,0x50,0x50,0x44,0x50,0x55,0x51,0x51,0x55,0x59,
    0x55,0x65,0x15,0x55,0x14,0x55,0x05,0x55,0x16,0x45,0x96,0x45,0x44,0x00,0x55,0x56,
    0x55,0x75,0x59,0x64,0x55,0x55,0x01,0x65,0x55,0x5d,0x15,0x15,0x95,0x65,0x57,0x55,
    0xd5,0x9d,0x65,0xd6,0x56,0x5d,0x90,0x5d,0x19,0x17,0x40,0x7d,0xff,0xff,0x7f,0xff,
    0xff,0xfc,0xfd,0x3f,0x7f,0x77,0x4f,0xf7,0xf7,0xf4,0xf7,0x7f,0x7f,0x4f,0x70,0x15,
    0x55,0x15,0x05,0x55,0x05,0x55,0x55,0x55,0x55,0x55,0x55,0x55,0x55,0x55,0x55,0x55,
    0x55,0x55,0x55,0x55,0x55,0x55,0x55,0x55,0x00,0x00,0x55,0x55,0x55,0x55,0x54,0x51,
    0x45,0x55,0x50,0x54,0x16,0x54,0x15,0x55,0x04,0x44,0x04,0x44,0x15,0x54,0x01,0x41,
    0x56,0x05,0x95,0x56,0x75,0x5d,0x54,0x19,0x97,0x55,0x76,0x5c,0x0c,0x00,0x00,0xc0,
    0x80,0x20,0x10,0x01,0x75,0x55,0x54,0x76,0x75,0x59,0x55,0x45,0x50,0x51,0x45,0x14,
    0x55,0x55,0x55,0x45,0x54,0x01,0x59,0x19,0x56,0x45,0x55,0x04,0x44,0x45,0x11,0x00,
    0x21,0x22,0x22,0x10,0x75,0xd5,0x94,0x57,0x51,0x54,0x55,0x55,0x54,0x24,0x48,0x49,
    0x28,0x62,0x00,0x91,0x05,0x55,0x54,0x50,0x60,0x55,0x14,0x11,0x95,0x55,0x40,0x00,
    0x05,0x5d,0x55,0x65,0x55,0x55,0x05,0x91,0x04,0x59,0x18,0x51,0x10,0x01,0x56,0x55,
    0x65,0x56,0x55,0x55,0x56,0x55,0x05,0x97,0x76,0x55,0x66,0x59,0x74,0x5d,0x9d,0x65,
    0x59,0x55,0x5d,0x55,0x65,0xd4,0x50,0x15,0x5d,0x75,0x03,0xcc,0xdd,0xdf,0xd1,0xd1,
    0xdd,0x1d,0xd3,0x74,0xf4,0xf3,0xf7,0x73,0x7f,0x7f,0x7f,0xf7,0xf4,0xf7,0xf4,0x15,
    0x55,0x55,0x05,0x54,0x15,0x55,0x55,0x55,0x55,0x55,0x55,0x55,0x55,0x55,0x55,0x55,
    0x55,0x55,0x55,0x55,0x55,0x55,0x55,0x54,0x00,0x01,0x55,0x55,0x55,0x55,0x55,0x55,
    0x54,0x51,0x54,0x14,0x55,0xd4,0x14,0x51,0x04,0x44,0x91,0x10,0x55,0x54,0x41,0x45,
    0x74,0x15,0x76,0x65,0x56,0x75,0xd5,0x35,0x75,0x67,0x55,0xd0,0x02,0x08,0x20,0x20,
    0x0c,0x03,0x00,0x01,0x57,0x64,0x75,0x55,0x59,0xd7,0x76,0x56,0x41,0x55,0x55,0x55,
    0x51,0x45,0x45,0x54,0x54,0x00,0x55,0x55,0x15,0x55,0x95,0x04,0x51,0x44,0x45,0x50,
    0x12,0x21,0x12,0x20,0x59,0x11,0x19,0x55,0x95,0x95,0x57,0x59,0x14,0x12,0x91,0xa1,
    0x86,0x19,0x60,0x06,0x04,0x44,0x45,0x41,0x94,0x11,0x44,0x15,0x55,0x00,0x00,0x21,
    0x05,0xd5,0x59,0x45,0x75,0x65,0x05,0x15,0xc1,0x66,0x65,0x11,0x10,0x00,0x55,0x75,
    0x51,0x65,0x75,0x15,0x95,0x74,0x05,0x75,0x55,0xd9,0x55,0x57,0x55,0x55,0x55,0x5d,
    0x94,0x76,0x55,0x91,0xd5,0x65,0xd0,0x56,0x54,0x64,0x0d,0xf7,0xf3,0xf7,0x3f,0xff,
    0xcf,0xff,0xff,0xff,0x7f,0x77,0x7f,0xf7,0xc7,0xc7,0xf4,0x7f,0x7f,0x7f,0x40,0x15,
    0x55,0x45,0x01,0x54,0x15,0x55,0x55,0x55,0x55,0x55,0x55,0x55,0x55,0x55,0x55,0x55,
    0x55,0x55,0x55,0x55,0x55,0x55,0x55,0x55,0x00,0x01,0x55,0x55,0x55,0x55,0x55,0xd5,
    0x45,0x55,0x14,0x14,0x66,0x50,0x55,0x55,0x10,0x11,0x04,0x44,0x55,0x50,0x10,0x05,
    0x94,0x56,0x55,0x15,0x65,0x55,0x65,0x05,0x56,0x55,0x65,0x40,0x80,0x00,0x02,0x02,
    0x02,0x00,0x02,0x00,0x59,0x55,0x56,0x67,0x45,0x55,0x55,0xd5,0x45,0x14,0x51,0x45,
    0x15,0x54,0x54,0x55,0x44,0x01,0x56,0x5d,0x59,0x59,0x57,0x04,0x44,0x45,0x10,0x44,
    0x48,0x44,0x88,0x44,0x14,0x59,0x74,0x65,0x51,0x45,0x15,0x51,0x54,0x24,0x48,0x44,
    0x44,0x48,0x96,0x01,0x15,0x51,0x45,0x01,0x66,0x04,0x55,0x05,0x10,0x03,0x66,0x5a,
    0x41,0x55,0x15,0x55,0x56,0x55,0x45,0x75,0x41,0x14,0x51,0x11,0x50,0x01,0x59,0x56,
    0x55,0x55,0x55,0x59,0x5d,0x54,0x16,0x56,0x66,0x57,0x67,0x75,0x59,0x99,0xd9,0xd5,
    0x45,0x55,0x19,0x55,0x5d,0x91,0x90,0x97,0x76,0x44,0x0c,0xcc,0x77,0x71,0xdd,0xdd,
    0xdd,0xdd,0xdd,0xdf,0xf7,0xff,0xf7,0x7f,0x7f,0x7f,0x7f,0xf4,0xf7,0xf4,0xf0,0x55,
    0x55,0x55,0x05,0x54,0x15,0x55,0x55,0x50,0x05,0x55,0x55,0x55,0x55,0x55,0x55,0x55,
    0x55,0x55,0x55,0x55,0x55,0x55,0x55,0x55,0x00,0x05,0x55,0x55,0x55,0x55,0x55,0x51,
    0x55,0x11,0x55,0x05,0x55,0xd4,0x51,0x14,0x00,0x44,0x11,0x10,0x55,0x50,0x44,0x05,
    0x55,0x65,0xd9,0x50,0x00,0x15,0x95,0x45,0xd5,0x1d,0x45,0x40,0x0c,0x83,0x20,0x00,
    0x30,0x31,0x20,0x00,0x95,0x19,0xd9,0x54,0x01,0x67,0x64,0x59,0x05,0x55,0x55,0x55,
    0x54,0x55,0x55,0x45,0x54,0x01,0x65,0x55,0x55,0xd5,0xd5,0x11,0x11,0x11,0x15,0x10,
    0x12,0x22,0x12,0x20,0x15,0x91,0xd5,0xd4,0x55,0x55,0x59,0x15,0x74,0x12,0x19,0x28,
    0x62,0x84,0x49,0x40,0x11,0x14,0x54,0x06,0x65,0x05,0x11,0x04,0x00,0x66,0xbb,0xb7,
    0x81,0x55,0x54,0x5d,0x45,0x45,0x09,0xd4,0x41,0x15,0x91,0x14,0x10,0x01,0x57,0x55,
    0x16,0x5d,0x65,0x95,0xd5,0x54,0x15,0x95,0x45,0x45,0x5d,0x56,0x57,0x5d,0x55,0x64,
    0x56,0x66,0x57,0x46,0x65,0x57,0x40,0x55,0x51,0x50,0x37,0xdf,0xff,0xdf,0xff,0xf3,
    0xff,0xf3,0xff,0x37,0x4f,0x7d,0x3c,0xf7,0xf7,0xf7,0xc7,0x7f,0x73,0x7f,0x40,0x55,
    0x54,0x54,0x05,0x54,0x55,0x55,0x55,0x40,0x01,0x55,0x55,0x55,0x55,0x55,0x55,0x55,
    0x55,0x55,0x55,0x55,0x55,0x55,0x55,0x55,0x40,0x15,0x55,0x55,0x55,0x55,0x55,0x15,
    0x45,0x55,0x45,0x41,0x6d,0x50,0x55,0x55,0x04,0x44,0x11,0x10,0x55,0x50,0x44,0x06,
    0x76,0x5d,0x55,0x00,0x00,0x01,0x51,0x41,0x65,0x56,0x56,0x40,0xc0,0x02,0x00,0xc8,
    0x02,0x00,0x00,0x30,0x15,0x55,0x57,0x50,0x70,0x55,0x45,0x54,0x14,0x45,0x14,0x51,
    0x45,0x45,0x11,0x54,0x54,0x00,0x57,0x59,0x95,0x55,0x54,0x04,0x51,0x44,0x44,0x50,
    0x48,0x48,0x48,0x44,0x27,0x75,0x44,0x45,0x59,0x5d,0x55,0x57,0x50,0x99,0x21,0x86,
    0x18,0x64,0x84,0x90,0x45,0x45,0x40,0x56,0x49,0x05,0x55,0x00,0x26,0xbb,0x66,0x7a,
    0x41,0x51,0x65,0x55,0x55,0x55,0x41,0x51,0x41,0x46,0x45,0x11,0x44,0x00,0x55,0x65,
    0x55,0x55,0x55,0x55,0x56,0x50,0x19,0x77,0x56,0x56,0x55,0x95,0xd5,0x55,0x91,0x55,
    0x65,0x75,0x75,0x59,0x54,0x64,0x50,0x76,0x67,0x40,0xfc,0xf1,0xdd,0xfd,0xdd,0x1d,
    0xdd,0x1d,0xd1,0xfc,0xf7,0x37,0xdd,0xf3,0x7c,0x7f,0x7f,0xc7,0xf7,0xf4,0xc1,0x55,
    0x55,0x54,0x05,0x51,0x55,0x55,0x55,0x40,0x01,0x55,0x55,0x55,0x55,0x55,0x55,0x55,
    0x55,0x55,0x55,0x55,0x55,0x55,0x55,0x55,0x55,0x55,0x55,0x55,0x55,0x55,0x55,0x55,
    0x54,0x51,0x55,0x40,0x55,0x94,0x15,0x40,0x11,0x10,0x11,0x10,0x55,0x41,0x11,0x05,
    0x55,0xd5,0x50,0x00,0x00,0x00,0x15,0x41,0x5d,0x95,0x65,0x00,0x20,0x40,0x0c,0x00,
    0x80,0x20,0x30,0x00,0x16,0x76,0x75,0x50,0x5c,0x99,0x56,0x50,0x55,0x55,0x55,0x55,
    0x55,0x55,0x55,0x15,0x44,0x01,0x55,0x55,0x5d,0x99,0x64,0x14,0x44,0x51,0x44,0x40,
    0x84,0x84,0x84,0x89,0x05,0x14,0x65,0x95,0x94,0x55,0x91,0x45,0x80,0x48,0x44,0x44,
    0x44,0x49,0x12,0x10,0x51,0x11,0x01,0x69,0xd9,0x04,0x45,0x01,0x9e,0x76,0x2c,0xa1,
    0xe1,0x55,0x55,0x64,0x54,0x55,0x45,0x15,0x60,0x45,0x51,0x11,0x10,0x01,0x59,0x55,
    0x97,0x59,0x75,0xd6,0x55,0x50,0x97,0x55,0x65,0x75,0xd9,0x65,0x66,0x45,0x56,0x76,
    0x5d,0x57,0x56,0x65,0xd5,0x5d,0x70,0x55,0x11,0x03,0x47,0xdf,0xfc,0x7f,0xf3,0xff,
    0xf3,0xff,0xff,0x77,0x7f,0x7f,0x7f,0x77,0xf7,0xf7,0xf7,0x7f,0x7f,0x4f,0x01,0x55,
    0x55,0x50,0x15,0x55,0x55,0x55,0x55,0x00,0x01,0x55,0x55,0x55,0x55,0x55,0x55,0x55,
    0x55,0x55,0x55,0x55,0x55,0x55,0x55,0x55,0x55,0x55,0x55,0x55,0x55,0x55,0x55,0x45,
    0x45,0x55,0x44,0x54,0x15,0x58,0x14,0x41,0x11,0x10,0x84,0x40,0x40,0x00,0x01,0x05,
    0x9d,0x59,0x40,0x00,0x00,0x00,0x25,0x61,0x95,0x74,0x5d,0x42,0x00,0x03,0x01,0x0c,
    0x04,0x02,0x02,0x00,0x05,0x55,0x56,0x53,0x74,0x17,0x65,0x41,0x45,0x14,0x44,0x44,
    0x51,0x45,0x15,0x51,0x54,0x01,0x59,0x75,0xd5,0x57,0x54,0x11,0x11,0x14,0x45,0x10,
    0x48,0x48,0x48,0x48,0x05,0x66,0x47,0x45,0x55,0x51,0x57,0x64,0x41,0x86,0x18,0x92,
    0x89,0x21,0x86,0x41,0x15,0x54,0x05,0x11,0x99,0x81,0x45,0x06,0xe7,0xad,0x99,0xda,
    0x70,0x59,0x45,0x15,0x65,0x5d,0x41,0x59,0x41,0x11,0x11,0x44,0x50,0x00,0x55,0xd5,
    0x55,0x55,0x55,0x55,0x75,0x50,0x55,0x66,0x57,0x55,0x54,0x5d,0x45,0x59,0xd9,0x55,
    0xd5,0xd5,0x99,0x5d,0x67,0x56,0x00,0x65,0x75,0x03,0xfc,0xcf,0x47,0xdd,0x1d,0xdd,
    0xdd,0xdd,0xdf,0xff,0xf7,0xf4,0xf7,0xff,0x4f,0x7c,0x7c,0xf7,0x34,0xf4,0x05,0x55,
    0x51,0x40,0x55,0x55,0x55,0x55,0x55,0x00,0x01,0x55,0x55,0x55,0x55,0x55,0x55,0x55,
    0x55,0x55,0x55,0x55,0x55,0x55,0x55,0x55,0x55,0x55,0x55,0x55,0x55,0x55,0x55,0x55,
    0x55,0x14,0x55,0x54,0x06,0x74,0x50,0x04,0x44,0x44,0x11,0x10,0x01,0x11,0x00,0x05,
    0x55,0x95,0x80,0x00,0x00,0x00,0x01,0x50,0x59,0x55,0x95,0x40,0x08,0x20,0x80,0x00,
    0x00,0xc0,0x20,0x08,0x05,0xd9,0xd4,0x50,0x65,0x05,0x54,0x05,0x55,0x55,0x55,0x55,
    0x55,0x55,0x51,0x55,0x54,0x00,0x55,0x55,0x56,0x55,0x54,0x11,0x45,0x11,0x11,0x41,
    0x21,0x22,0x22,0x21,0x81,0xd1,0x5d,0x5e,0x45,0xd6,0x11,0x50,0x06,0x11,0x86,0x24,
    0x62,0x44,0x61,0x21,0x44,0x44,0x16,0x66,0x46,0x44,0x51,0x0b,0x4a,0xdb,0xbb,0xae,
    0xd0,0x55,0x55,0x55,0x55,0xd5,0x41,0x91,0x50,0x45,0x44,0x45,0x10,0x01,0x55,0x59,
    0xd6,0x5d,0x96,0x67,0x56,0x40,0x59,0x55,0x15,0x66,0x65,0x56,0x57,0x55,0x57,0x65,
    0x59,0x65,0x45,0x15,0x45,0x40,0x01,0x5d,0x94,0x0d,0x37,0xdc,0xff,0xf3,0xff,0xff,
    0x3f,0xff,0x37,0x47,0x73,0x7f,0x7c,0x77,0xf7,0xf7,0xf7,0x7f,0x7f,0x7c,0x05,0x55,
    0x55,0x40,0x55,0x55,0x55,0x55,0x55,0x00,0x01,0x55,0x55,0x55,0x55,0x55,0x55,0x55,
    0x55,0x55,0x55,0x55,0x55,0x55,0x55,0x55,0x55,0x55,0x55,0x55,0x55,0x55,0x55,0x14,
    0x45,0x55,0x51,0x45,0x41,0x54,0x00,0x51,0x11,0x10,0x44,0x01,0x55,0x55,0x55,0x09,
    0xd9,0x45,0x00,0x00,0x00,0x00,0x01,0x53,0x54,0x65,0x5d,0x40,0x00,0x00,0x00,0x11,
    0x0c,0x20,0x00,0x00,0x01,0x55,0x65,0x50,0x71,0x05,0x40,0x54,0x51,0x45,0x15,0x15,
    0x14,0x51,0x55,0x14,0x44,0x01,0x5d,0x99,0x95,0x16,0x54,0x14,0x44,0x44,0x44,0x42,
    0x12,0x11,0x24,0x44,0x41,0x54,0x74,0x64,0x5d,0x45,0x75,0x00,0x61,0x84,0x91,0x84,
    0x91,0x28,0x84,0x41,0x55,0x10,0x59,0x98,0x66,0x01,0x15,0x04,0x9d,0x89,0x86,0x91,
    0xa0,0x57,0x5d,0x5d,0x45,0x55,0x41,0x57,0x50,0x51,0x45,0x11,0x10,0x01,0x5d,0x55,
    0x55,0x55,0x55,0x55,0x55,0x41,0x5d,0xd1,0x59,0xd5,0x16,0x75,0x65,0x9d,0x95,0x51,
    0x97,0x51,0x56,0x59,0x56,0x00,0x06,0x55,0x10,0x0f,0xf3,0xcd,0xdd,0xdd,0xdd,0xdd,
    0xdd,0xdd,0xfc,0xff,0xf7,0xf7,0xf7,0xf3,0x7f,0x7f,0x7f,0xf7,0xf7,0xc4,0x15,0x55,
    0x51,0x01,0x55,0x55,0x55,0x55,0x55,0x40,0x05,0x55,0x55,0x55,0x55,0x55,0x55,0x55,
    0x55,0x55,0x55,0x55,0x55,0x55,0x55,0x55,0x55,0x55,0x55,0x55,0x55,0x55,0x55,0x55,
    0x54,0x51,0x15,0x55,0x45,0x94,0x04,0x44,0x44,0x84,0x10,0x15,0x99,0x99,0x65,0x55,
    0x54,0x54,0x00,0x00,0x00,0x00,0x00,0x50,0x55,0x5d,0xd5,0x50,0x31,0x30,0x05,0x55,
    0x02,0x01,0x0c,0x00,0x01,0x67,0x57,0x54,0xd7,0x45,0x01,0x45,0x55,0x55,0x51,0x51,
    0x55,0x55,0x11,0x55,0x54,0x01,0x55,0x55,0x51,0x55,0x64,0x11,0x11,0x14,0x51,0x41,
    0x21,0x22,0x22,0x22,0x20,0x76,0x59,0x15,0x14,0x51,0x50,0x04,0x18,0x61,0x22,0x49,
    0x24,0x91,0x49,0x04,0x44,0x54,0x18,0x46,0x66,0x41,0x44,0x19,0xeb,0x9b,0xab,0x7a,
    0xdc,0x55,0x55,0x95,0x55,0x45,0x41,0xd1,0x50,0x15,0x11,0x14,0x50,0x00,0x55,0x97,
    0x59,0xd6,0x51,0x45,0x65,0x41,0x95,0x55,0x95,0x51,0x57,0x56,0x5d,0x55,0xd1,0x95,
    0x75,0x56,0x75,0x75,0xd0,0x01,0x55,0x19,0x40,0x34,0x7d,0xff,0xff,0xff,0xff,0xf3,
    0xff,0xcf,0x77,0x77,0x7f,0x4f,0x4f,0x77,0xf7,0x37,0xc7,0x4f,0x4f,0x70,0x15,0x55,
    0x55,0x05,0x55,0x55,0x55,0x55,0x55,0x40,0x05,0x55,0x55,0x55,0x55,0x55,0x55,0x55,
    0x55,0x55,0x55,0x55,0x55,0x55,0x55,0x55,0x55,0x55,0x55,0x55,0x55,0x55,0x55,0x45,
    0x45,0x55,0x54,0x51,0x09,0x75,0x04,0x41,0x11,0x10,0x01,0x59,0x55,0x57,0x56,0x5d,
    0x95,0x54,0x00,0x00,0x00,0x00,0x00,0x50,0x59,0xd5,0x66,0x54,0x00,0x00,0x55,0x65,
    0x40,0x00,0x30,0x43,0x02,0x55,0x45,0x64,0x1d,0xc0,0x15,0x55,0x14,0x51,0x55,0x55,
    0x45,0x15,0x55,0x45,0x14,0x00,0x59,0x45,0x15,0x67,0x54,0x11,0x14,0x45,0x11,0x02,
    0x12,0x21,0x12,0x12,0x10,0x51,0x11,0x74,0x65,0x16,0x00,0x54,0x11,0x18,0x64,0x92,
    0x49,0x24,0x91,0x05,0x15,0x14,0x05,0x99,0x91,0x81,0x54,0x12,0x19,0xed,0xb6,0x27,
    0xa4,0x56,0x45,0x51,0x51,0x56,0x51,0x55,0x14,0x41,0x45,0x11,0x10,0x01,0x59,0x55,
    0x55,0x55,0x55,0x55,0x55,0x41,0x59,0x99,0x76,0x55,0x95,0x65,0x15,0x9d,0x55,0x76,
    0x56,0x65,0x59,0x56,0x40,0x15,0x65,0x5d,0x00,0x0f,0xcc,0xd1,0xdd,0xdd,0xdd,0x1d,
    0xdd,0xdf,0xff,0xff,0x34,0xf7,0xf7,0xff,0x7f,0x7d,0xff,0xf7,0xf4,0xc0,0x55,0x55,
    0x14,0x05,0x55,0x55,0x55,0x55,0x55,0x50,0x15,0x55,0x55,0x55,0x55,0x55,0x55,0x55,
    0x55,0x55,0x55,0x55,0x55,0x55,0x55,0x55,0x55,0x55,0x55,0x55,0x55,0x55,0x55,0x55,
    0x55,0x14,0x55,0x55,0x45,0x55,0x04,0x44,0x48,0x44,0x25,0x55,0xdd,0xd5,0x65,0xd5,
    0x76,0x50,0x00,0x00,0x00,0x00,0x00,0x14,0x5d,0x59,0x55,0xd5,0x40,0x15,0x59,0x55,
    0x00,0x8c,0x08,0x00,0x00,0x45,0x56,0x55,0x07,0x01,0xc1,0x45,0x55,0x55,0x14,0x51,
    0x55,0x51,0x14,0x55,0x54,0x01,0x55,0x55,0x56,0x55,0x55,0x04,0x44,0x51,0x14,0x41,
    0x22,0x12,0x21,0x21,0x20,0x95,0x65,0x16,0x51,0x70,0x05,0x65,0x24,0x86,0x11,0x24,
    0x92,0x49,0x24,0x05,0x44,0x45,0x19,0x99,0x19,0x41,0x10,0x7b,0x7b,0x98,0x9e,0xad,
    0x88,0x15,0x55,0x15,0x55,0x95,0x41,0xd1,0x64,0x14,0x51,0x11,0x10,0x01,0x55,0x75,
    0x96,0x59,0xd6,0x59,0x91,0x81,0x97,0x57,0x55,0xd9,0x76,0x5d,0x59,0x55,0x99,0x55,
    0xd5,0x17,0x67,0x65,0x40,0x56,0x5d,0x95,0x0d,0x37,0xdf,0xff,0xfc,0xf3,0xf3,0xff,
    0xf3,0xf7,0x47,0x77,0x7f,0x7f,0x7f,0x77,0x37,0xdf,0xdd,0xfd,0xff,0x40,0x55,0x55,
    0x50,0x05,0x55,0x55,0x55,0x55,0x55,0x55,0x55,0x55,0x55,0x55,0x55,0x55,0x55,0x55,
    0x55,0x55,0x55,0x55,0x55,0x55,0x55,0x55,0x55,0x55,0x55,0x55,0x55,0x55,0x55,0x17,
    0x45,0x55,0x45,0x15,0x01,0x45,0x41,0x11,0x11,0x10,0x56,0x65,0x55,0x67,0x5d,0x59,
    0x57,0x50,0x00,0x00,0x00,0x00,0x00,0x16,0x55,0x94,0x65,0x65,0x55,0x65,0x97,0x45,
    0x0c,0x02,0x00,0x02,0x00,0x00,0x95,0x59,0x40,0x16,0x41,0x54,0x51,0x45,0x55,0x55,
    0x45,0x15,0x55,0x45,0x14,0x01,0x59,0xd6,0x55,0x55,0x95,0x01,0x45,0x11,0x11,0x01,
    0x11,0x22,0x12,0x12,0x18,0x17,0x51,0x65,0x1c,0x00,0x56,0x56,0x06,0x49,0x28,0x49,
    0x24,0x92,0x48,0x14,0x55,0x51,0x06,0x46,0x6a,0x41,0x50,0x11,0xa6,0x29,0xe9,0xd8,
    0x98,0x15,0x15,0x55,0x15,0x51,0x51,0x57,0x54,0x11,0x11,0x45,0x10,0x00,0x57,0x55,
    0x51,0x55,0x55,0x55,0x55,0x01,0x75,0x45,0x65,0x57,0x55,0xd5,0x97,0x46,0x57,0x65,
    0x65,0x65,0x55,0x51,0x01,0x59,0xd5,0x44,0x04,0x0c,0xcd,0x1d,0xdd,0xdd,0xdd,0xdd,
    0xdd,0xf3,0xff,0xcf,0xf7,0xf7,0x37,0x3f,0x7f,0xcd,0xf3,0x73,0xd3,0x01,0x55,0x51,
    0x40,0x15,0x55,0x55,0x55,0x55,0x55,0x55,0x55,0x55,0x55,0x55,0x55,0x55,0x55,0x55,
    0x55,0x55,0x55,0x55,0x55,0x55,0x55,0x55,0x55,0x55,0x55,0x55,0x55,0x55,0x55,0x55,
    0x54,0x45,0x55,0x51,0x45,0x66,0x40,0x44,0x44,0x41,0x65,0x77,0x66,0x55,0x95,0x97,
    0x65,0x60,0x00,0x00,0x01,0x00,0x00,0x25,0x66,0x75,0x5d,0x59,0x96,0x55,0x55,0x59,
    0x80,0x20,0x00,0x30,0x00,0x5c,0x00,0x00,0x01,0x61,0x90,0x55,0x55,0x54,0x51,0x45,
    0x55,0x54,0x51,0x55,0x54,0x00,0x55,0x55,0x67,0x65,0x55,0x00,0x51,0x04,0x51,0x48,
    0x88,0x84,0x88,0x88,0x48,0x04,0x75,0xd0,0x00,0x15,0x59,0xdd,0x08,0x61,0x86,0x12,
    0x49,0x24,0x94,0x11,0x11,0x14,0x19,0xa6,0x14,0x41,0x14,0x27,0x2d,0xb6,0xb8,0xa9,
    0xe4,0x15,0x56,0x59,0x59,0x15,0x50,0x45,0x14,0x11,0x11,0x11,0x50,0x01,0x55,0x59,
    0x95,0x75,0x65,0xd7,0x55,0x05,0x55,0x56,0x5d,0x99,0x65,0x59,0x55,0x55,0xd5,0x76,
    0x51,0x5d,0x91,0xd5,0x01,0x55,0x51,0x5c,0x04,0x37,0xdf,0xcf,0x3f,0xff,0xff,0xff,
    0xff,0x77,0x77,0x77,0x4f,0x73,0x7f,0x77,0xf4,0x7f,0x77,0xdd,0xcd,0x0d,0x55,0x55,
    0x40,0x15,0x55,0x55,0x55,0x55,0x55,0x55,0x55,0x55,0x55,0x55,0x55,0x55,0x55,0x55,
    0x55,0x55,0x55,0x55,0x55,0x55,0x55,0x55,0x55,0x55,0x55,0x55,0x55,0x55,0x55,0x45,
    0x45,0x54,0x51,0x15,0x49,0x55,0x50,0x01,0x11,0x05,0x91,0x55,0x51,0x75,0x56,0x75,
    0x51,0x40,0x00,0x00,0x15,0x50,0x00,0x05,0xd5,0x56,0x65,0x15,0x55,0x72,0x11,0x55,
    0x02,0x00,0x84,0x00,0x10,0x15,0x63,0x04,0x66,0x14,0x64,0x14,0x51,0x45,0x55,0x54,
    0x51,0x45,0x55,0x45,0x14,0x01,0x59,0x66,0x55,0x57,0x45,0x00,0x11,0x40,0x14,0x04,
    0x44,0x48,0x44,0x44,0x86,0x00,0x00,0x00,0x15,0x56,0x5d,0x55,0x44,0x92,0x44,0x61,
    0x21,0x21,0x20,0x55,0x45,0x44,0x19,0x19,0x99,0x81,0x45,0x09,0x9b,0x9e,0x19,0xee,
    0xbb,0x15,0x65,0x55,0x55,0x55,0x61,0x59,0x74,0x11,0x44,0x44,0x10,0x01,0x59,0x65,
    0x55,0x56,0x55,0x55,0x65,0x05,0x9d,0x99,0x55,0x45,0x5d,0x94,0x76,0x65,0x64,0x55,
    0x16,0x75,0x75,0x59,0x05,0x9d,0x15,0xd0,0x14,0x3f,0x3c,0x7d,0xdd,0xdd,0xdd,0xdd,
    0x1f,0x3f,0xfc,0xff,0xf7,0xf7,0xf7,0xfc,0x7f,0xdf,0xff,0xff,0xdc,0x05,0x55,0x55,
    0x01,0x05,0x55,0x55,0x55,0x55,0x55,0x55,0x55,0x55,0x55,0x55,0x55,0x55,0x55,0x55,
    0x55,0x55,0x55,0x55,0x55,0x55,0x55,0x55,0x55,0x55,0x55,0x55,0x55,0x55,0x55,0x54,
    0x55,0x15,0x55,0x55,0x05,0xdd,0x94,0x10,0x44,0x05,0x55,0xd9,0x15,0x58,0x45,0x56,
    0x55,0x50,0x00,0x00,0x15,0x54,0x00,0x15,0x5d,0x15,0xd5,0x65,0xd0,0x00,0x00,0x25,
    0x00,0x0c,0x00,0x08,0x00,0x22,0x15,0x59,0xd1,0xb6,0x19,0x05,0x55,0x55,0x14,0x55,
    0x55,0x55,0x14,0x55,0x54,0x01,0x55,0x55,0xd5,0x95,0x55,0x00,0x04,0x50,0x00,0x42,
    0x22,0x21,0x22,0x22,0x21,0x12,0x01,0x15,0x59,0x65,0xd5,0x99,0xc1,0x11,0x22,0x18,
    0x64,0x92,0x44,0x11,0x11,0x00,0x66,0x64,0x61,0x81,0x51,0x04,0xe1,0xa1,0xae,0x98,
    0x64,0x16,0x54,0x51,0xd1,0x5d,0x50,0x64,0x56,0x04,0x45,0x11,0x50,0x00,0x55,0x55,
    0x16,0x55,0x45,0x99,0x55,0x05,0x55,0x75,0xd9,0x56,0x55,0x45,0x55,0xd7,0x55,0x99,
    0x55,0x56,0x56,0x55,0xc1,0x55,0x59,0x90,0x5c,0x11,0xf7,0xf3,0xff,0x3c,0xf3,0xcf,
    0xf7,0x77,0x47,0x74,0x7f,0x4f,0x7c,0x77,0xf7,0xf7,0x47,0x47,0x3c,0x15,0x55,0x14,
    0x04,0x05,0x55,0x55,0x55,0x55,0x55,0x55,0x55,0x55,0x55,0x55,0x55,0x55,0x55,0x55,
    0x55,0x55,0x55,0x55,0x55,0x55,0x55,0x55,0x55,0x55,0x55,0x55,0x55,0x55,0x55,0x15,
    0x45,0x54,0x45,0x11,0x41,0x55,0x74,0x18,0x10,0x16,0x75,0x55,0x66,0x00,0x00,0x05,
    0x19,0x40,0x00,0x00,0x15,0x54,0x00,0x05,0x95,0x65,0x51,0x54,0x00,0x55,0x56,0x01,
    0x43,0x00,0x40,0xc0,0x00,0x35,0xb4,0xb4,0x64,0x44,0x76,0x05,0x14,0x51,0x55,0x45,
    0x14,0x51,0x55,0x51,0x44,0x00,0x5d,0x15,0x59,0x5d,0x55,0x00,0x44,0x45,0x00,0x04,
    0x40,0x12,0x21,0x21,0x12,0x24,0x15,0x65,0x97,0x5d,0x67,0x51,0x41,0x88,0x64,0x49,
    0x21,0x24,0x60,0x55,0x54,0x05,0x64,0x69,0x99,0x41,0x15,0x0a,0x7a,0xda,0xdb,0x49,
    0xeb,0x15,0x45,0x55,0x55,0x55,0x50,0x5d,0x64,0x14,0x51,0x14,0x10,0x01,0x59,0xd5,
    0x55,0x75,0x55,0x55,0x75,0x06,0x76,0x55,0x51,0x9d,0x76,0x56,0x65,0x59,0x45,0x57,
    0x67,0x65,0x15,0xd9,0x43,0x5d,0x9d,0x40,0x94,0x3f,0xcc,0x7d,0xdd,0xdd,0xdd,0xdd,
    0xff,0xfc,0xff,0xff,0xf4,0xf7,0xf7,0xff,0x7d,0xf3,0xff,0xff,0x70,0x15,0x55,0x54,
    0x0a,0x05,0x55,0x55,0x55,0x55,0x55,0x55,0x55,0x55,0x55,0x55,0x55,0x55,0x55,0x55,
    0x55,0x55,0x55,0x55,0x55,0x55,0x55,0x55,0x55,0x55,0x55,0x55,0x55,0x55,0x55,0x5d,
    0x54,0x55,0x55,0x55,0x45,0x98,0x55,0x05,0x00,0x55,0x56,0x76,0x54,0x05,0x55,0x95,
    0x57,0x40,0x00,0x00,0x55,0x54,0x00,0x05,0x76,0x5d,0x96,0x60,0x55,0x55,0x55,0x50,
    0x00,0x40,0x00,0x00,0x0c,0x04,0x46,0x46,0x1d,0x99,0x91,0x41,0x55,0x55,0x45,0x55,
    0x55,0x55,0x45,0x15,0x54,0x01,0x55,0x59,0x55,0xd5,0x95,0x00,0x51,0x11,0x40,0x08,
    0x90,0x01,0x12,0x12,0x21,0x21,0x06,0x5d,0x75,0x96,0x55,0x15,0x41,0x91,0x21,0x84,
    0x92,0x48,0x40,0x44,0x44,0x41,0x66,0x91,0x99,0x05,0x45,0x41,0x27,0xae,0xb9,0xae,
    0x9d,0x05,0x55,0xd5,0x56,0x45,0x10,0x54,0x50,0x04,0x44,0x45,0x10,0x01,0x55,0x59,
    0x67,0x56,0x59,0xd7,0x54,0x05,0x55,0x19,0x15,0x55,0x95,0xd5,0x5d,0x95,0x59,0xd5,
    0x5d,0x5d,0x59,0x55,0x40,0x55,0x45,0x00,0x74,0x3d,0x1f,0xcf,0xf3,0xff,0xff,0xff,
    0x74,0x77,0x77,0x77,0x7f,0x7f,0x4f,0x74,0xf3,0x77,0x77,0x74,0xf0,0x55,0x54,0x50,
    0x19,0x05,0x55,0x55,0x55,0x55,0x55,0x55,0x55,0x55,0x55,0x55,0x55,0x55,0x55,0x55,
    0x55,0x55,0x55,0x55,0x55,0x55,0x55,0x55,0x55,0x55,0x55,0x55,0x55,0x55,0x55,0x15,
    0x45,0x45,0x14,0x51,0x05,0x75,0x65,0x06,0x41,0x67,0x65,0x55,0xd5,0x55,0x64,0x46,
    0x55,0x40,0x00,0x00,0x15,0x55,0x00,0x16,0x55,0xd5,0x75,0x41,0x59,0x66,0x65,0x95,
    0x00,0x08,0x20,0x20,0x40,0x06,0x61,0x91,0x84,0x86,0x1a,0x60,0x51,0x15,0x54,0x51,
    0x45,0x14,0x55,0x51,0x44,0x01,0x59,0x55,0xd5,0x55,0x59,0x01,0x11,0x44,0x54,0x04,
    0x84,0x00,0x08,0x48,0x48,0x84,0x15,0xd5,0xd5,0x75,0xd1,0x59,0x42,0x18,0x44,0x92,
    0x18,0x46,0x41,0x51,0x51,0x40,0x61,0x99,0x11,0x81,0x11,0x07,0x9e,0x46,0x62,0xdb,
    0x4a,0x15,0xd5,0x51,0x45,0x55,0x50,0x75,0x41,0x04,0x45,0x11,0x50,0x00,0x57,0x55,
    0x55,0x55,0x55,0x55,0x55,0x05,0xd9,0x55,0x66,0x75,0x75,0x67,0x55,0x47,0x65,0x67,
    0x55,0x95,0x97,0x64,0x60,0x15,0x54,0x01,0x50,0x13,0xfd,0xdd,0xdd,0xdd,0xdd,0xd3,
    0xcf,0xff,0xff,0x3c,0xf7,0xf7,0xdf,0xcf,0x77,0xff,0xf3,0xcf,0x40,0x55,0x55,0x50,
    0xd3,0x05,0x55,0x55,0x55,0x55,0x55,0x55,0x55,0x55,0x55,0x55,0x55,0x55,0x55,0x55,
    0x55,0x55,0x55,0x55,0x55,0x55,0x55,0x55,0x55,0x55,0x55,0x55,0x55,0x55,0x55,0x55,
    0x55,0x55,0x55,0x55,0x41,0x56,0x55,0x41,0x41,0x55,0x5d,0x19,0x59,0x58,0x00,0x00,
    0x09,0x50,0x00,0x00,0x05,0x54,0x00,0x05,0x75,0x59,0x55,0x15,0x55,0x5d,0x5d,0x55,
    0x02,0x00,0x03,0x00,0x00,0x06,0x18,0x49,0x99,0x66,0x66,0x50,0x55,0x50,0x15,0x55,
    0x55,0x55,0x51,0x55,0x54,0x00,0x55,0x9d,0x59,0x65,0x15,0x01,0x14,0x44,0x45,0x04,
    0x4a,0x40,0x00,0x04,0x88,0x48,0x19,0x59,0x58,0x56,0x56,0x67,0x61,0x86,0x18,0x49,
    0x24,0xa1,0x21,0x14,0x44,0x50,0x59,0x91,0xa6,0x45,0x55,0x42,0xe8,0xab,0xb6,0xb9,
    0xa9,0x05,0x57,0x55,0x55,0xd5,0x50,0x54,0x05,0x05,0x11,0x11,0x10,0x01,0x55,0x59,
    0xd5,0x96,0x75,0x65,0x94,0x15,0x65,0xd9,0x55,0x59,0x59,0x55,0x9d,0x95,0x5d,0x55,
    0x99,0x75,0x75,0x55,0x50,0x02,0x30,0x05,0xd4,0x3f,0xd3,0x3c,0xff,0xf3,0xcf,0x37,
    0x77,0x77,0x47,0x77,0x7d,0xdc,0xf7,0x77,0xff,0x47,0x77,0x74,0xc1,0x55,0x45,0x40,
    0x68,0x05,0x55,0x55,0x55,0x55,0x55,0x55,0x55,0x55,0x55,0x55,0x55,0x55,0x55,0x55,
    0x55,0x55,0x55,0x55,0x55,0x55,0x55,0x55,0x55,0x55,0x55,0x55,0x55,0x55,0x51,0x45,
    0x44,0x51,0x11,0x15,0x41,0x97,0x76,0x41,0x09,0x9d,0x95,0x57,0x57,0x54,0x15,0x57,
    0x41,0x40,0x00,0x00,0x05,0x50,0x00,0x15,0x96,0x45,0x19,0x56,0x1d,0x95,0xd5,0xd9,
    0x40,0x32,0x00,0x00,0x02,0x01,0x65,0x9b,0x46,0x9d,0x87,0xa4,0x15,0x01,0x05,0x11,
    0x45,0x14,0x55,0x14,0x54,0x01,0x59,0x55,0x54,0x55,0x55,0x04,0x44,0x51,0x11,0x08,
    0x84,0xa1,0x00,0x02,0x12,0x10,0x95,0xd7,0x55,0x64,0x5d,0x55,0x40,0x61,0x86,0x12,
    0x49,0x12,0x41,0x45,0x55,0x14,0x19,0x1a,0x66,0x01,0x11,0x06,0x46,0x76,0xdb,0x62,
    0xde,0x15,0x45,0x56,0x5d,0x51,0x50,0x50,0x1d,0x04,0x44,0x51,0x10,0x01,0x59,0x55,
    0x59,0x55,0x56,0x55,0x54,0x06,0x5d,0x57,0x77,0x5d,0x94,0x67,0x55,0x59,0xd6,0x76,
    0x51,0x59,0x16,0x46,0x55,0x00,0x00,0x59,0xd8,0x34,0xff,0xdf,0x74,0x77,0x77,0x7f,
    0xff,0xcf,0xff,0xff,0xd0,0x00,0x03,0xfd,0xdd,0xff,0xff,0xfd,0xc1,0x55,0x55,0x42,
    0x10,0x15,0x55,0x55,0x55,0x55,0x55,0x55,0x55,0x55,0x55,0x55,0x55,0x55,0x55,0x55,
    0x55,0x55,0x55,0x55,0x55,0x55,0x55,0x55,0x55,0x55,0x55,0x55,0x55,0x55,0x55,0x54,
    0x55,0x55,0x55,0x51,0x41,0x75,0x55,0x71,0x05,0x55,0x46,0x65,0x95,0x9d,0x56,0x65,
    0x56,0x50,0x00,0x00,0x00,0x00,0x00,0x16,0x51,0x55,0x55,0x00,0x00,0x05,0x59,0x55,
    0x40,0x00,0x00,0x80,0x80,0x01,0x9e,0x66,0x69,0x24,0x69,0x98,0x14,0x14,0x15,0x55,
    0x55,0x55,0x45,0x55,0x44,0x01,0x55,0xd6,0x65,0x5d,0x65,0x04,0x45,0x11,0x44,0x11,
    0x22,0x12,0x84,0x21,0x21,0x28,0x5d,0x65,0x9d,0x75,0x65,0xdd,0x52,0x12,0x12,0x48,
    0x44,0x91,0x04,0x51,0x11,0x44,0x19,0x99,0x19,0x05,0x45,0x42,0xeb,0xae,0x4a,0x26,
    0xe9,0x05,0x55,0x45,0x55,0x55,0x90,0x01,0x59,0x04,0x51,0x11,0x10,0x00,0x55,0xd5,
    0x95,0x75,0xd5,0x75,0x14,0x15,0xd5,0x95,0x55,0x95,0x45,0x55,0x67,0x65,0x55,0x54,
    0x55,0xd5,0x55,0x55,0xd5,0x80,0x04,0x74,0x50,0x0f,0x4d,0x33,0xff,0xff,0xdf,0xdd,
    0xd1,0xdd,0xdd,0xdc,0x00,0x00,0x00,0x00,0x0c,0xd1,0x1d,0x13,0x01,0x55,0x45,0x01,
    0xa0,0x15,0x55,0x55,0x55,0x55,0x55,0x55,0x55,0x55,0x55,0x55,0x55,0x55,0x55,0x55,
    0x55,0x55,0x44,0x01,0x15,0x55,0x55,0x55,0x55,0x55,0x55,0x55,0x55,0x55,0x51,0x95,
    0x45,0x14,0x54,0x55,0x41,0x56,0x46,0x41,0x35,0xd9,0x55,0x75,0x45,0xd5,0x65,0x57,
    0x55,0x50,0x00,0x00,0x00,0x00,0x00,0x15,0xd5,0x9d,0x9c,0x00,0x00,0x00,0x55,0x9d,
    0x50,0x08,0x10,0x00,0x00,0x01,0xa6,0x1e,0x46,0x6a,0x64,0x45,0x00,0x50,0x00,0x51,
    0x45,0x11,0x54,0x51,0x54,0x00,0x5d,0x55,0x55,0x95,0x55,0x05,0x11,0x14,0x45,0x08,
    0x84,0x48,0x49,0x12,0x22,0x10,0x56,0x51,0x45,0x97,0x5d,0x05,0x71,0x84,0x61,0x24,
    0x92,0x19,0x05,0x15,0x14,0x54,0x19,0x26,0x65,0x04,0x51,0x07,0x46,0xd8,0xa7,0x6e,
    0x4b,0x05,0x96,0x55,0x14,0x55,0x50,0xd6,0x45,0x04,0x44,0x45,0x10,0x01,0x59,0x59,
    0x57,0x55,0x56,0x55,0x54,0x25,0x59,0x46,0x66,0x59,0x56,0x76,0x55,0x5d,0x91,0x99,
    0x75,0x67,0x67,0x67,0x59,0x55,0x55,0x95,0xd4,0x37,0xf3,0xdd,0xdd,0xd1,0x31,0xff,
    0xff,0xff,0xfc,0xc0,0x00,0xc4,0x44,0x00,0x00,0x00,0x00,0x00,0x05,0x55,0x54,0x0b,
    0x70,0x55,0x55,0x55,0x55,0x55,0x55,0x55,0x55,0x55,0x55,0x55,0x55,0x55,0x55,0x55,
    0x55,0x10,0x00,0x00,0x01,0x55,0x55,0x55,0x55,0x55,0x55,0x55,0x55,0x55,0x15,0x45,
    0x55,0x55,0x45,0x51,0x41,0x65,0x55,0x54,0x15,0x57,0x67,0x54,0x59,0x56,0x5d,0xd5,
    0x9d,0x94,0x00,0x00,0x00,0x00,0x00,0x59,0x59,0x55,0x40,0x00,0x00,0x00,0x05,0x56,
    0x54,0x00,0x50,0x04,0x03,0x01,0x61,0x99,0xa7,0x96,0x18,0x99,0x01,0x40,0x50,0x55,
    0x55,0x55,0x45,0x55,0x14,0x01,0x55,0x65,0x17,0x56,0x59,0x01,0x44,0x44,0x50,0x11,
    0x22,0x21,0x22,0x21,0x11,0x20,0x65,0x75,0x55,0x75,0x65,0x01,0x50,0x61,0x18,0x49,
    0x24,0x48,0x84,0x44,0x45,0x14,0x19,0x91,0x92,0x05,0x15,0x0a,0x29,0xb9,0xba,0xb6,
    0xe6,0x05,0x55,0x51,0x55,0x64,0x50,0x5d,0x1d,0x04,0x45,0x11,0x10,0x01,0x55,0x55,
    0x15,0x59,0x65,0x59,0x54,0x17,0x54,0x55,0xd5,0x17,0x65,0x59,0x1d,0x95,0x56,0x57,
    0x59,0x95,0x5d,0x55,0x65,0xd6,0xdd,0xd1,0x94,0x0c,0xdd,0xcf,0xfc,0x00,0x00,0x01,
    0x1d,0x1c,0x40,0x00,0x1d,0x6e,0xb7,0x44,0xc0,0x00,0x00,0x00,0x05,0x54,0x54,0x06,
    0x10,0x55,0x55,0x55,0x55,0x55,0x55,0x55,0x55,0x55,0x55,0x55,0x55,0x55,0x55,0x55,
    0x40,0x00,0x00,0x00,0x00,0x15,0x55,0x55,0x55,0x55,0x55,0x55,0x55,0x55,0x54,0x55,
    0x45,0x11,0x55,0x15,0x51,0x51,0xdb,0x44,0x16,0x75,0x55,0x95,0x95,0xd5,0xd5,0x65,
    0x55,0x54,0x00,0x00,0x00,0x00,0x00,0x55,0xd7,0x75,0x00,0x00,0x00,0x00,0x01,0x75,
    0x65,0x05,0x50,0x00,0x30,0x02,0x66,0x61,0x91,0x84,0x60,0x58,0x15,0x01,0x50,0x51,
    0x45,0x14,0x55,0x15,0x54,0x01,0x59,0x55,0x55,0x55,0xd5,0x04,0x45,0x11,0x14,0x22,
    0x11,0x12,0x11,0x12,0x22,0x10,0x54,0x16,0x74,0x59,0x15,0x00,0x50,0x46,0x21,0x84,
    0x86,0x11,0x05,0x55,0x51,0x44,0x18,0x66,0x65,0x05,0x44,0x1d,0x9e,0xdb,0x9e,0x62,
    0x6d,0x05,0x45,0x15,0x65,0x55,0x50,0x51,0x51,0x04,0x51,0x14,0x50,0x01,0x5d,0x91,
    0x55,0x95,0x54,0x55,0x94,0x05,0x95,0x65,0x51,0x55,0x5d,0xd5,0x55,0x46,0x75,0xd5,
    0x55,0x46,0x65,0x9d,0x5d,0x59,0x46,0x46,0x19,0x01,0xf3,0xf4,0x40,0x00,0x00,0x00,
    0x00,0x00,0x00,0x04,0x64,0x84,0x4a,0x29,0x65,0xd1,0x34,0xd1,0x05,0x55,0x50,0x18,
    0xa0,0x55,0x55,0x55,0x55,0x55,0x55,0x55,0x55,0x55,0x55,0x55,0x55,0x55,0x55,0x50,
    0x00,0x00,0x00,0x00,0x00,0x15,0x55,0x55,0x55,0x55,0x55,0x55,0x55,0x55,0x45,0x51,
    0x55,0x55,0x15,0x54,0x50,0x55,0x65,0x18,0x59,0x59,0x9d,0x65,0x75,0x64,0x59,0x47,
    0x64,0x75,0x00,0x00,0x00,0x00,0x01,0x5d,0x55,0x54,0x00,0x00,0x00,0x00,0x00,0x56,
    0x55,0x35,0x50,0xc0,0x00,0x41,0x91,0x9a,0x1a,0x50,0x41,0x40,0x54,0x15,0x41,0x55,
    0x55,0x55,0x51,0x51,0x44,0x00,0x55,0x16,0x65,0x9d,0x55,0x01,0x44,0x44,0x44,0x11,
    0x22,0x21,0x22,0x22,0x12,0x21,0x5c,0x17,0x50,0x55,0x5d,0x14,0x02,0x92,0x44,0x92,
    0x48,0x64,0x04,0x44,0x44,0x54,0x16,0x64,0x98,0x14,0x54,0x22,0x2d,0x89,0xe8,0xb6,
    0xea,0x05,0x55,0x55,0x54,0x51,0x50,0x67,0x45,0x04,0x44,0x44,0x44,0x00,0x55,0x55,
    0x59,0x54,0x55,0x5d,0x54,0x15,0x46,0x5d,0x95,0x9d,0x95,0x67,0x66,0x55,0xd5,0x67,
    0x67,0x55,0xd4,0x56,0x55,0x94,0x59,0x15,0x75,0x00,0xdf,0x43,0x00,0x45,0x67,0x40,
    0x00,0x00,0x04,0x5d,0xca,0x2a,0xe1,0x92,0x22,0xab,0x69,0x89,0x05,0x54,0x50,0xad,
    0x90,0x15,0x55,0x55,0x55,0x55,0x55,0x55,0x55,0x55,0x55,0x55,0x55,0x55,0x54,0x00,
    0x00,0x00,0x00,0x00,0x00,0x05,0x55,0x55,0x55,0x55,0x55,0x55,0x55,0x54,0x55,0xd5,
    0x44,0x51,0x51,0x45,0x50,0x66,0x51,0x60,0x57,0x54,0x56,0x51,0x59,0x45,0x57,0x55,
    0x45,0x55,0x00,0x00,0x00,0x00,0x05,0x65,0x99,0x14,0x00,0x00,0x00,0x00,0x00,0x95,
    0x15,0x45,0x9c,0x02,0x00,0x00,0x66,0xe5,0xa4,0x62,0x45,0x09,0x40,0x55,0x01,0x45,
    0x11,0x45,0x15,0x55,0x54,0x01,0x59,0x55,0x57,0x55,0x55,0x00,0x14,0x51,0x14,0x12,
    0x21,0x22,0x12,0x11,0x21,0x10,0x50,0x55,0x60,0x64,0x15,0x08,0x01,0x21,0x29,0x24,
    0x91,0x21,0x15,0x14,0x55,0x10,0x66,0x46,0x44,0x11,0x10,0x77,0x76,0xeb,0x9d,0xae,
    0x86,0x45,0x65,0xd6,0x45,0x55,0x50,0x74,0x5d,0x04,0x44,0x44,0x50,0x01,0x56,0x56,
    0x55,0xd5,0x65,0x95,0x54,0x36,0x55,0xd5,0x75,0x55,0x76,0x55,0x5d,0x75,0x59,0xd5,
    0x51,0x65,0x55,0x65,0x19,0x75,0xd1,0x77,0x46,0x40,0x00,0x00,0x07,0x6a,0x99,0x95,
    0x9d,0xd6,0x59,0xb8,0xa1,0x84,0x98,0x8b,0x78,0x46,0x22,0x1b,0x05,0x51,0x40,0x78,
    0xb4,0x05,0x55,0x55,0x55,0x55,0x55,0x55,0x55,0x55,0x55,0x55,0x55,0x55,0x40,0x00,
    0x00,0x00,0x00,0x00,0x00,0x01,0x55,0x55,0x55,0x55,0x55,0x55,0x55,0x55,0x5d,0x55,
    0x55,0x55,0x15,0x54,0x50,0x57,0x77,0x50,0x65,0x95,0x65,0x16,0x5d,0x56,0x75,0x66,
    0x56,0x65,0x60,0x00,0x00,0x00,0x15,0x95,0x75,0x50,0x00,0x00,0x00,0x00,0x00,0x15,
    0x5d,0x4d,0x50,0x00,0x04,0x02,0x6d,0x92,0x46,0x41,0x04,0x15,0x05,0x50,0x00,0x55,
    0x55,0x55,0x54,0x51,0x44,0x01,0x55,0x67,0x55,0x59,0x65,0x00,0x01,0x11,0x44,0x08,
    0x48,0x84,0x88,0x48,0x88,0x80,0x60,0x19,0x40,0x57,0x05,0x05,0x96,0x44,0x84,0x49,
    0x24,0x98,0x04,0x45,0x11,0x50,0x64,0x66,0x64,0x15,0x40,0x62,0xa2,0x66,0x2a,0xd8,
    0x6d,0x05,0x5d,0x55,0x55,0x75,0x90,0x55,0x15,0x05,0x11,0x45,0x10,0x01,0x55,0x75,
    0x75,0x56,0x55,0x55,0x94,0x15,0x65,0x59,0x59,0xd9,0x95,0x19,0xd5,0x59,0x95,0x51,
    0x95,0x5d,0x19,0xd7,0x57,0x57,0x67,0x64,0x5d,0x5c,0x00,0x03,0x66,0x67,0x6e,0xaa,
    0x66,0x69,0xea,0x66,0x67,0xae,0x22,0xd8,0xa4,0xb8,0x9e,0xb9,0x01,0x55,0x02,0x86,
    0x18,0x01,0x55,0x55,0x55,0x55,0x55,0x55,0x55,0x55,0x55,0x55,0x55,0x54,0x00,0x00,
    0x00,0x00,0x00,0x00,0x00,0x01,0x55,0x55,0x55,0x55,0x55,0x55,0x55,0x45,0x15,0x45,
    0x15,0x45,0x51,0x15,0x54,0x15,0x14,0x50,0x5d,0x76,0x5d,0x55,0xd5,0x95,0x59,0x5d,
    0x65,0x5d,0x54,0x00,0x00,0x00,0x59,0x77,0x56,0x50,0x00,0x00,0x00,0x00,0x00,0x05,
    0x96,0x41,0x50,0x10,0x00,0x00,0x59,0x96,0x66,0x46,0x00,0x55,0x55,0x41,0x54,0x14,
    0x51,0x45,0x15,0x55,0x54,0x00,0x57,0x55,0x65,0x95,0x55,0x00,0x00,0x44,0x50,0x12,
    0x11,0x12,0x11,0x21,0x12,0x11,0x40,0x57,0x43,0x56,0x05,0x08,0x40,0x61,0x92,0x12,
    0x49,0x24,0x15,0x51,0x54,0x41,0x99,0x98,0x64,0x11,0x40,0x64,0x76,0xe2,0x74,0xad,
    0xba,0xc5,0xd5,0x45,0xd7,0x55,0x50,0x71,0x74,0x04,0x44,0x44,0x44,0x00,0x59,0x55,
    0x56,0x55,0x75,0xd5,0x54,0x06,0x5d,0x97,0x55,0x5d,0x51,0x55,0x59,0xd7,0x51,0x95,
    0x76,0x75,0x55,0x59,0x65,0x64,0x45,0x1d,0x94,0x65,0x04,0x76,0x9a,0xb6,0xa6,0x76,
    0xaa,0x8a,0x91,0x8a,0x9a,0x66,0x66,0x22,0x22,0x49,0x21,0x12,0x01,0x54,0x09,0x18,
    0xa1,0x81,0x55,0x55,0x55,0x55,0x55,0x55,0x55,0x55,0x55,0x55,0x55,0x40,0x00,0x00,
    0x00,0x00,0x00,0x00,0x00,0x01,0x55,0x55,0x55,0x55,0x55,0x55,0x55,0x55,0x54,0x55,
    0x00,0x55,0x55,0x51,0x44,0x1d,0x91,0xb3,0x55,0x55,0xd5,0x9d,0x59,0x77,0x65,0x15,
    0x5d,0xd5,0x95,0x00,0x00,0x05,0x57,0x55,0x65,0x70,0x00,0x00,0x55,0x00,0x00,0x05,
    0x75,0x41,0x50,0x00,0x00,0x00,0x61,0x00,0x11,0x07,0x05,0x67,0x64,0x05,0x50,0x55,
    0x55,0x55,0x51,0x44,0x54,0x01,0x55,0x59,0x5d,0x51,0x75,0x00,0x50,0x51,0x00,0x21,
    0x22,0x21,0x22,0x80,0x21,0x20,0x04,0x65,0x00,0x54,0x01,0x26,0x40,0x18,0x49,0x84,
    0x92,0x44,0x11,0x14,0x45,0x01,0x91,0x86,0x50,0x54,0x50,0x1e,0x2b,0x67,0xaa,0x7a,
    0xd9,0x05,0x55,0x55,0x55,0x51,0x50,0x54,0x54,0x11,0x14,0x51,0x10,0x01,0x57,0x59,
    0x65,0x75,0x55,0x59,0xd5,0x05,0xd5,0x75,0x9d,0x95,0x15,0x9d,0x95,0x65,0x65,0x76,
    0x55,0x56,0x76,0x75,0x5d,0x55,0x9d,0x64,0x46,0x44,0x2a,0xa2,0x61,0x9a,0x49,0xa9,
    0x1d,0x99,0x2a,0x99,0x29,0x29,0x89,0x99,0x9e,0x28,0xa8,0xa9,0x80,0x50,0x07,0xb9,
    0x1b,0x41,0x55,0x55,0x55,0x55,0x55,0x55,0x55,0x55,0x55,0x55,0x55,0x00,0x00,0x00,
    0x00,0x00,0x00,0x00,0x00,0x01,0x55,0x55,0x55,0x55,0x55,0x55,0x54,0x51,0x45,0x51,
    0x40,0x00,0x55,0x55,0x00,0x06,0x46,0x51,0x59,0xd9,0x51,0x56,0x57,0x55,0x51,0x59,
    0xd5,0x59,0x75,0x58,0x01,0x56,0x75,0x66,0x51,0x40,0x00,0x01,0x55,0x40,0x00,0x01,
    0x56,0x51,0x58,0x00,0x83,0x02,0x00,0x00,0x00,0x00,0x15,0x95,0x50,0x57,0x01,0x51,
    0x45,0x14,0x55,0x55,0x44,0x01,0x66,0x55,0xd5,0x55,0x55,0x00,0x01,0x15,0x00,0x12,
    0x21,0x22,0x11,0x00,0x12,0x10,0x10,0x55,0x04,0x64,0x10,0x04,0x90,0x01,0x84,0x61,
    0x24,0x90,0x15,0x45,0x40,0x05,0x99,0x99,0x90,0x45,0x14,0x29,0xda,0x2e,0x7b,0x91,
    0x8a,0xc5,0x51,0x64,0x51,0x55,0x50,0x75,0x1c,0x14,0x44,0x44,0x50,0x01,0x55,0x55,
    0x55,0x56,0x59,0x55,0x54,0x05,0x59,0x55,0x15,0x75,0x59,0x55,0x74,0x54,0x57,0x55,
    0x76,0x75,0x59,0x54,0x56,0x47,0x51,0xd5,0x9d,0xd4,0x34,0xd8,0x9a,0xa1,0xaa,0x1a,
    0xa6,0xa2,0x66,0x7a,0x6a,0x68,0x6a,0x69,0xa6,0x92,0xd1,0x88,0x70,0x00,0x98,0x92,
    0xb8,0x41,0x55,0x55,0x55,0x55,0x55,0x55,0x55,0x55,0x55,0x55,0x55,0x00,0x00,0x00,
    0x00,0x00,0x00,0x00,0x00,0x01,0x55,0x55,0x55,0x55,0x55,0x55,0x55,0x55,0x55,0x40,
    0x55,0x40,0x00,0x04,0x13,0x00,0x5d,0x10,0x55,0x51,0x65,0x9d,0x75,0x66,0x55,0x95,
    0x66,0x57,0x56,0x55,0x55,0x95,0x56,0x55,0x15,0x50,0x00,0x01,0x55,0x50,0x00,0x01,
    0x65,0x41,0x90,0x08,0x00,0x20,0x55,0x55,0x56,0x41,0x16,0x5d,0x95,0x40,0x15,0x15,
    0x55,0x55,0x45,0x14,0x54,0x01,0x55,0x75,0x56,0x59,0x95,0x00,0x41,0x10,0x04,0x04,
    0x48,0x84,0x88,0x00,0x88,0x48,0x60,0x64,0x10,0x54,0x10,0x91,0x24,0x00,0x62,0x18,
    0x49,0x24,0x44,0x51,0x40,0x59,0x1a,0x46,0x60,0x51,0x44,0x12,0x2d,0xa7,0xa4,0xab,
    0x9d,0x85,0x95,0x55,0x55,0x65,0x41,0x51,0x60,0x44,0x51,0x11,0x10,0x00,0x59,0x67,
    0x5d,0x95,0xd5,0xd6,0x55,0x05,0x94,0x66,0x59,0x59,0x97,0x67,0x55,0x95,0x95,0x99,
    0x15,0x59,0x17,0x45,0x9d,0x56,0x16,0x44,0x75,0x14,0x29,0x21,0xa9,0xda,0x99,0xa7,
    0x68,0x66,0xae,0xa6,0xb6,0xda,0x9b,0x9e,0xda,0x79,0x2b,0x9e,0x90,0x01,0xe1,0x8a,
    0x1a,0x81,0x55,0x55,0x55,0x55,0x55,0x55,0x55,0x55,0x55,0x55,0x54,0x00,0x00,0x00,
    0x00,0x00,0x05,0x50,0x00,0x05,0x55,0x55,0x55,0x55,0x55,0x55,0x14,0x64,0x65,0x00,
    0x59,0x55,0x30,0x00,0x37,0xc0,0x01,0x71,0x67,0x55,0x95,0xd5,0x94,0x51,0xd9,0x77,
    0x54,0x65,0x65,0xd5,0x59,0x77,0x65,0xd1,0x59,0x40,0x00,0x05,0x55,0x50,0x00,0x01,
    0x5d,0x51,0x50,0x00,0x02,0x00,0x59,0x65,0x95,0x55,0x59,0xd5,0x54,0x01,0x51,0x54,
    0x51,0x45,0x55,0x55,0x54,0x00,0x57,0x55,0x95,0x15,0x55,0x00,0x01,0x10,0x15,0x08,
    0x84,0x48,0x40,0x04,0x44,0x86,0x10,0x5c,0x10,0x50,0x66,0x18,0x49,0x40,0x19,0x21,
    0x84,0x48,0x54,0x44,0x50,0x59,0xa4,0x64,0x60,0x54,0x54,0x27,0x67,0xba,0x1e,0x79,
    0xe9,0x05,0x54,0x51,0x59,0x51,0x53,0x45,0xc1,0x11,0x11,0x44,0x50,0x01,0x55,0x55,
    0x55,0x51,0x55,0x55,0x75,0x05,0x75,0x5d,0x57,0x65,0x75,0x55,0x99,0x76,0x75,0x45,
    0x59,0x15,0x65,0x59,0x55,0xd9,0x74,0x67,0x51,0x64,0x12,0x8a,0x76,0xa6,0x7a,0x7a,
    0x86,0xa9,0xd9,0x18,0x68,0xa6,0xe6,0x69,0xa1,0xa6,0x84,0x88,0x49,0xb6,0x1b,0xa1,
    0x89,0x01,0x55,0x55,0x55,0x55,0x55,0x55,0x55,0x55,0x55,0x55,0x54,0x00,0x00,0x00,
    0x00,0x00,0x55,0x55,0x50,0x15,0x55,0x55,0x55,0x55,0x55,0x55,0x55,0x55,0x54,0x05,
    0x65,0x95,0x55,0x55,0x0d,0xdc,0x00,0x50,0x55,0x99,0x75,0x59,0x45,0x95,0x57,0x55,
    0x95,0x5d,0x51,0x59,0x97,0x55,0x95,0x56,0x57,0x50,0x00,0x05,0x55,0x50,0x00,0x01,
    0x55,0x90,0x50,0x00,0x30,0x00,0x57,0x59,0x76,0x59,0x65,0x56,0x40,0x90,0x55,0x45,
    0x55,0x54,0x51,0x45,0x14,0x01,0x55,0x59,0x51,0x55,0xd5,0x00,0x05,0x41,0x44,0x11,
    0x22,0x21,0x20,0x62,0x22,0x11,0x90,0x50,0x60,0x50,0x84,0x49,0x22,0x98,0x04,0x44,
    0x92,0x10,0x11,0x55,0x14,0x18,0x59,0x99,0x81,0x11,0x14,0x12,0xca,0x46,0xba,0xd2,
    0x9c,0x15,0x15,0x55,0x94,0x55,0x61,0x64,0x04,0x44,0x44,0x45,0x10,0x01,0x5d,0x91,
    0x65,0x15,0x59,0x64,0x55,0x09,0x56,0x55,0xd5,0x51,0x56,0x76,0x57,0x55,0x59,0x56,
    0x5d,0x5d,0x5d,0x97,0x76,0x54,0x5d,0x75,0x19,0x1c,0x2e,0x1e,0xa8,0x68,0xa4,0x99,
    0x9a,0x76,0xaa,0xa9,0xa6,0x61,0x98,0xa2,0x66,0x88,0x6e,0x9e,0xae,0x62,0x88,0x6b,
    0x92,0x05,0x55,0x55,0x55,0x55,0x55,0x55,0x55,0x55,0x55,0x55,0x55,0x00,0x00,0x01,
    0x54,0x01,0x55,0x55,0x55,0x55,0x55,0x55,0x55,0x55,0x55,0x51,0x45,0x11,0x50,0x05,
    0x5d,0x76,0x55,0x59,0x4f,0x7d,0xdc,0x01,0x67,0x57,0x57,0x51,0x55,0x59,0x9d,0x65,
    0x46,0x56,0x55,0x97,0x55,0x65,0x47,0x65,0xd5,0x40,0x00,0x01,0x55,0x50,0x00,0x02,
    0x65,0x51,0x50,0x30,0x00,0x00,0x55,0x75,0x55,0xd7,0x5d,0x75,0x01,0x64,0x14,0x55,
    0x14,0x55,0x55,0x55,0x54,0x01,0x59,0x55,0x15,0x59,0x59,0x00,0x01,0x11,0x11,0x08,
    0x84,0x48,0x46,0x11,0x11,0x88,0x44,0x01,0x90,0x52,0x49,0x22,0x44,0x45,0x22,0x92,
    0x18,0x60,0x54,0x44,0x44,0x16,0x46,0x46,0x41,0x55,0x45,0x37,0x6d,0xee,0x6d,0xab,
    0x40,0x59,0x56,0x59,0x55,0x57,0x40,0x00,0x11,0x14,0x51,0x11,0x10,0x00,0x55,0x55,
    0x55,0x56,0x55,0x15,0x55,0x01,0x65,0xd9,0x64,0x56,0x75,0x55,0x15,0x67,0x57,0x65,
    0xd5,0x96,0x55,0x75,0x55,0x45,0xd9,0x11,0x9d,0x50,0x18,0x61,0x99,0xa6,0x69,0xa2,
    0xa7,0xa8,0x64,0x6a,0x89,0xa6,0x89,0x99,0x8a,0x66,0xe1,0x21,0x12,0x24,0x6a,0x21,
    0x29,0xc1,0x55,0x55,0x55,0x55,0x55,0x55,0x55,0x55,0x55,0x55,0x55,0x00,0x00,0x15,
    0x55,0x55,0x55,0x55,0x55,0x55,0x55,0x55,0x55,0x55,0x55,0x55,0x55,0x55,0x40,0x15,
    0x55,0x95,0xd9,0x95,0x41,0xf7,0xf7,0x02,0x55,0x45,0x65,0x95,0x99,0xd7,0x55,0x91,
    0x55,0xd4,0x67,0x55,0x76,0x5d,0x55,0x95,0x66,0x50,0x00,0x01,0x55,0x40,0x00,0x01,
    0x5d,0x90,0x50,0x01,0x01,0x00,0x64,0x57,0x65,0x55,0x55,0x50,0x16,0x98,0x15,0x51,
    0x55,0x45,0x14,0x51,0x44,0x01,0x55,0x19,0x55,0x95,0x55,0x00,0x04,0x44,0x44,0x04,
    0x48,0x84,0x88,0x48,0x88,0x64,0xa4,0x24,0x84,0x01,0x12,0x44,0x91,0x22,0x44,0x49,
    0x24,0x40,0x45,0x45,0x55,0x06,0x98,0x69,0x04,0x44,0x54,0x22,0x1a,0xa7,0x24,0xb6,
    0x01,0x55,0x75,0x45,0x15,0x15,0x41,0x01,0x45,0x11,0x11,0x44,0x50,0x01,0x56,0x56,
    0x5d,0x95,0x65,0x55,0x65,0x01,0x5d,0x54,0x55,0x95,0x59,0xd9,0x5d,0x95,0x91,0x5d,
    0x59,0x75,0xd9,0x56,0x64,0x59,0x11,0x66,0x46,0x10,0xa1,0xba,0x86,0x86,0x86,0x99,
    0x89,0x99,0xaa,0x91,0x9a,0x1a,0x66,0xb6,0x99,0xe8,0x98,0xaa,0xe9,0xe2,0xe1,0xb6,
    0xb2,0x81,0x55,0x55,0x55,0x55,0x55,0x55,0x55,0x55,0x55,0x55,0x55,0x00,0x05,0x55,
    0x55,0x55,0x55,0x55,0x55,0x55,0x55,0x55,0x55,0x55,0x55,0x14,0x74,0x55,0x00,0x55,
    0x9d,0x5d,0x59,0xdd,0x53,0xdf,0x7f,0x70,0x5d,0x59,0x45,0x75,0xd5,0x65,0x45,0x56,
    0x76,0x59,0x55,0x76,0x55,0xd6,0x66,0x47,0x5d,0x50,0x00,0x00,0x55,0x00,0x00,0x01,
    0x55,0x71,0x50,0x00,0x00,0x00,0x55,0x65,0x5d,0x99,0x64,0x00,0x69,0xd5,0x05,0x15,
    0x45,0x55,0x55,0x55,0x54,0x00,0x59,0x55,0x59,0x5d,0x95,0x00,0x14,0x51,0x11,0x08,
    0x84,0x88,0x44,0x84,0x64,0x84,0x49,0x91,0x18,0x06,0x24,0x91,0x24,0x91,0x24,0x92,
    0x48,0x50,0x51,0x11,0x11,0x26,0x46,0x65,0x05,0x51,0x14,0x19,0xee,0x1e,0xae,0x60,
    0x05,0x74,0x54,0x55,0x5d,0x55,0x41,0x54,0x44,0x44,0x44,0x45,0x10,0x01,0x55,0x75,
    0x55,0x59,0x57,0x59,0x55,0x41,0x65,0x95,0x67,0x5d,0x95,0x51,0x95,0x45,0xd5,0x95,
    0x97,0x55,0x64,0x65,0x15,0x97,0x67,0x47,0x5d,0x50,0xd8,0x86,0x6a,0x6a,0x6a,0xea,
    0x66,0x2a,0x19,0x2a,0xb6,0xae,0xab,0x68,0x6e,0x61,0x22,0x84,0x88,0x9a,0x1b,0x88,
    0x98,0x40,0x15,0x55,0x55,0x55,0x55,0x55,0x55,0x55,0x55,0x55,0x55,0x54,0x55,0x55,
    0x55,0x55,0x55,0x55,0x55,0x55,0x55,0x55,0x55,0x55,0x55,0x59,0x55,0x50,0x01,0x57,
    0x75,0x96,0x65,0x56,0x50,0xf7,0xf7,0xd1,0x56,0x67,0x57,0x59,0x5d,0x94,0x59,0xd5,
    0x55,0xd5,0xd9,0x95,0x19,0x59,0x15,0x55,0x95,0x90,0x00,0x00,0x00,0x00,0x00,0x01,
    0x76,0x50,0x60,0x30,0x00,0x30,0x5d,0x94,0x55,0x51,0x00,0x19,0x9d,0x89,0x01,0x54,
    0x54,0x51,0x11,0x14,0x54,0x01,0x55,0x65,0x95,0xd5,0x55,0x00,0x04,0x44,0x51,0x41,
    0x22,0x12,0x22,0x1a,0x11,0x12,0x12,0x12,0x86,0x61,0x81,0x28,0x49,0x24,0x49,0x24,
    0x91,0x20,0x54,0x55,0x14,0x06,0x66,0x46,0x04,0x45,0x44,0x34,0xa7,0xa9,0x98,0x00,
    0x55,0x55,0x55,0x55,0xd5,0x65,0x04,0x04,0x44,0x51,0x44,0x44,0x44,0x00,0x59,0x55,
    0xd9,0x55,0xd5,0x55,0xd5,0x82,0x55,0x19,0xd5,0x65,0x74,0x65,0x76,0x59,0x59,0x75,
    0x45,0x64,0x55,0x75,0x5d,0x75,0x16,0x5d,0x14,0x60,0x4a,0x62,0x9e,0x9e,0x9d,0x91,
    0xaa,0x66,0xa2,0x67,0x69,0x99,0x19,0x86,0xa6,0x86,0xb6,0xde,0x66,0x21,0xb8,0x66,
    0x2d,0x90,0x05,0x55,0x55,0x55,0x55,0x55,0x55,0x55,0x55,0x55,0x55,0x55,0x55,0x55,
    0x55,0x55,0x55,0x55,0x55,0x55,0x55,0x55,0x55,0x55,0x51,0x91,0x50,0x40,0x15,0x55,
    0x91,0x15,0x17,0x65,0xd4,0x7c,0x7f,0x70,0x65,0xd5,0x65,0x94,0x55,0x45,0x55,0x67,
    0x66,0x5d,0x57,0x51,0x57,0x45,0x5d,0xd9,0x51,0x54,0x00,0x00,0x00,0x00,0x00,0x05,
    0x55,0x51,0x40,0x00,0x83,0x00,0x55,0x75,0x60,0x00,0x01,0x99,0xe4,0x66,0x41,0x55,
    0x55,0x55,0x55,0x55,0x44,0x01,0x59,0x57,0x55,0x55,0x95,0x00,0x11,0x11,0x11,0x01,
    0x21,0x21,0x24,0x49,0x28,0x69,0x19,0x24,0x61,0x18,0x40,0x46,0x12,0x4a,0x12,0x49,
    0x24,0x90,0x45,0x11,0x45,0x19,0x19,0x99,0x05,0x51,0x14,0x1b,0x79,0xb4,0x00,0x15,
    0x56,0x55,0x45,0x75,0x54,0x51,0x41,0x51,0x11,0x11,0x11,0x44,0x50,0x01,0x57,0x59,
    0x55,0x9d,0x56,0x5d,0x59,0x40,0x5d,0x55,0x59,0xd7,0x55,0x57,0x55,0xd5,0xd7,0x54,
    0x56,0x55,0x9d,0x57,0x65,0x59,0xb4,0x75,0x9d,0x70,0xa2,0x29,0xe6,0x26,0x2a,0x6a,
    0xd2,0xa1,0x9a,0xaa,0x92,0x2a,0x68,0x9a,0x61,0xa2,0x22,0x22,0x22,0x78,0x86,0x22,
    0x78,0xa7,0x01,0x55,0x55,0x55,0x55,0x55,0x55,0x55,0x55,0x55,0x55,0x55,0x55,0x55,
    0x55,0x55,0x55,0x55,0x55,0x55,0x55,0x55,0x55,0x55,0x55,0x15,0x40,0x00,0x55,0x11,
    0x46,0x76,0x55,0x51,0x54,0x37,0xf7,0xf0,0x5d,0x54,0x56,0x45,0x64,0x56,0x76,0x45,
    0x75,0x56,0x65,0x56,0x65,0x56,0x55,0x57,0x55,0xd6,0x00,0x00,0x00,0x00,0x00,0x05,
    0x99,0xd0,0x50,0x08,0x00,0x00,0x66,0x54,0x00,0x11,0x96,0x7a,0x49,0xa6,0x40,0x45,
    0x14,0x51,0x51,0x45,0x54,0x01,0x57,0x55,0x5d,0x65,0x75,0x00,0x05,0x14,0x45,0x42,
    0x12,0x12,0x12,0x92,0x46,0x12,0x48,0x49,0x12,0x84,0x40,0x11,0x84,0x91,0x84,0x84,
    0x89,0x21,0x51,0x54,0x54,0x19,0x92,0x44,0x14,0x45,0x50,0x00,0x00,0x00,0x05,0x55,
    0x65,0x46,0x55,0x54,0x55,0x55,0x04,0x44,0x51,0x11,0x14,0x44,0x44,0x01,0x55,0x55,
    0x65,0x55,0x65,0x55,0x55,0x40,0x55,0x9d,0x95,0x55,0x99,0xd9,0x65,0x5d,0x55,0x65,
    0x65,0xdd,0x56,0x75,0x5d,0x91,0x45,0xd1,0x14,0x50,0x77,0x86,0x9a,0x69,0x98,0xa6,
    0xa6,0x6a,0xb6,0x76,0x26,0x64,0xa6,0xa9,0xe6,0x1b,0x67,0x69,0xe4,0x86,0xa2,0x9e,
    0x26,0x2d,0x01,0x55,0x55,0x55,0x55,0x55,0x55,0x55,0x55,0x55,0x55,0x55,0x55,0x55,
    0x55,0x55,0x55,0x55,0x55,0x55,0x55,0x55,0x55,0x55,0x11,0x55,0x00,0x05,0x51,0x55,
    0x5d,0x11,0xdd,0x95,0x94,0x3d,0xfd,0xdc,0x55,0x95,0x9d,0x56,0x5d,0x65,0x59,0x56,
    0x54,0x65,0x14,0x65,0x76,0x65,0xd9,0x19,0x76,0x55,0x00,0x00,0x00,0x00,0x00,0x16,
    0x5d,0x51,0x40,0xc0,0x00,0x00,0x55,0x40,0x15,0x99,0x9b,0x64,0x66,0x46,0x00,0x55,
    0x55,0x55,0x15,0x54,0x54,0x00,0x55,0x65,0x95,0x57,0x55,0x00,0x04,0x44,0x51,0x00,
    0x48,0x84,0x64,0x44,0x91,0x24,0x86,0x12,0x24,0x46,0x90,0x24,0x61,0x21,0x18,0x61,
    0x12,0x40,0x44,0x45,0x10,0x19,0x26,0x64,0x11,0x51,0x01,0x44,0x00,0x45,0x55,0x75,
    0x54,0x55,0x59,0x15,0x65,0x54,0x04,0x44,0x45,0x14,0x44,0x44,0x50,0x00,0x59,0x64,
    0x55,0xd5,0x55,0xd6,0x59,0x50,0x59,0x55,0x74,0x64,0x55,0x55,0x9d,0x96,0x64,0x57,
    0x5d,0x56,0x75,0x59,0x15,0x57,0x5d,0x99,0x76,0x40,0xa2,0x4a,0x49,0xa2,0x66,0x61,
    0x98,0x9d,0x98,0xa9,0x9a,0xa9,0xb9,0x9e,0x9a,0x8a,0x22,0x22,0x22,0xae,0x1b,0x8a,
    0x48,0x61,0x85,0x55,0x55,0x55,0x55,0x55,0x55,0x55,0x55,0x55,0x55,0x55,0x55,0x55,
    0x55,0x55,0x55,0x55,0x55,0x55,0x55,0x55,0x55,0x51,0x55,0x54,0x01,0x45,0x15,0x55,
    0x05,0x9d,0x11,0x1d,0x75,0x1f,0x7f,0xfc,0x59,0x45,0x55,0xd5,0xd5,0x9d,0xd5,0x55,
    0x55,0x51,0x55,0x5d,0x55,0xd5,0x51,0x55,0x95,0x65,0x40,0x00,0x00,0x00,0x00,0x15,
    0xd5,0x95,0x70,0x00,0x55,0x50,0x04,0x04,0x29,0xa7,0xb6,0x86,0x98,0x64,0x00,0x51,
    0x45,0x15,0x54,0x55,0x44,0x01,0x59,0x54,0x56,0x65,0x55,0x00,0x05,0x11,0x10,0x10,
    0x11,0x1a,0x21,0x29,0x22,0x49,0x11,0x86,0x49,0x21,0x10,0x06,0x18,0x44,0x86,0x18,
    0x61,0x11,0x55,0x11,0x40,0x59,0x99,0x10,0x54,0x45,0x05,0x55,0x55,0x55,0x5d,0x54,
    0x75,0x57,0x55,0x59,0x55,0x00,0x05,0x11,0x11,0x11,0x11,0x14,0x44,0x01,0x55,0xd5,
    0x59,0x59,0x75,0x55,0x55,0x50,0x17,0x67,0x55,0x55,0x67,0x67,0x55,0x45,0x45,0x65,
    0x95,0x91,0x59,0x15,0x66,0x76,0x18,0x44,0x64,0x70,0x62,0xb6,0xaa,0x19,0xba,0x1a,
    0x89,0xaa,0x29,0x92,0xa8,0x7a,0x68,0xa6,0x24,0x92,0x4a,0x49,0x87,0x84,0xb8,0x61,
    0xea,0xea,0x01,0x55,0x55,0x55,0x55,0x55,0x55,0x55,0x55,0x55,0x55,0x55,0x55,0x55,
    0x55,0x55,0x55,0x55,0x55,0x55,0x55,0x55,0x55,0x55,0x55,0x10,0x05,0x55,0x57,0x45,
    0x02,0x75,0x99,0xd8,0x59,0x3f,0xdd,0xdc,0x17,0x59,0xd9,0x5d,0x59,0x55,0x58,0x00,
    0x26,0x55,0x9d,0x96,0x75,0x51,0x95,0x9d,0x46,0x5d,0x50,0x00,0x00,0x00,0x00,0x59,
    0x55,0x59,0x40,0x05,0x56,0x55,0x00,0x64,0x1d,0xd9,0x98,0x66,0x46,0x90,0x61,0x55,
    0x55,0x51,0x45,0x45,0x54,0x01,0x55,0x15,0x59,0x55,0x95,0x00,0x01,0x45,0x40,0x54,
    0x09,0x84,0x46,0x12,0x44,0x92,0x48,0x61,0x12,0x44,0xa4,0x08,0x49,0x29,0x21,0x21,
    0x24,0x40,0x44,0x54,0x05,0x91,0x91,0x90,0x45,0x51,0x05,0x55,0x55,0x59,0xd5,0x15,
    0x55,0x75,0x45,0xd5,0x44,0x01,0x41,0x14,0x44,0x44,0x44,0x44,0x40,0x01,0x5d,0x55,
    0x95,0x55,0x56,0x59,0xd7,0x50,0x15,0x55,0x99,0xd9,0xd5,0x95,0x46,0x57,0x56,0x5d,
    0x5d,0x55,0x91,0x67,0x55,0x11,0x75,0x59,0xd1,0x42,0xe4,0x89,0x91,0xa6,0x99,0xa9,
    0x9a,0x91,0x9a,0xa6,0x46,0x98,0x99,0x92,0x6a,0x2e,0x24,0xac,0xa8,0x6a,0x46,0x28,
    0x84,0x87,0x41,0x55,0x55,0x55,0x55,0x55,0x55,0x55,0x55,0x55,0x55,0x55,0x55,0x55,
    0x55,0x55,0x55,0x55,0x55,0x55,0x55,0x55,0x55,0x00,0x00,0x00,0x15,0x57,0x55,0x57,
    0x50,0x14,0x44,0x45,0xd1,0x07,0xff,0x34,0x15,0x57,0x54,0x65,0x94,0x75,0x00,0x30,
    0x00,0x59,0x56,0x5d,0x59,0x15,0x76,0x56,0x55,0xd5,0x95,0x00,0x00,0x00,0x05,0x57,
    0x64,0x55,0x40,0x55,0x75,0x65,0x50,0x5c,0x66,0x8a,0x19,0x98,0x99,0x90,0x50,0x51,
    0x45,0x15,0x55,0x54,0x54,0x01,0x51,0x56,0x55,0xd4,0x55,0x00,0x10,0x50,0x05,0x05,
    0x40,0x61,0x84,0x48,0x61,0x24,0xa4,0x84,0xa4,0x92,0x12,0x06,0x12,0x44,0x61,0x92,
    0x4a,0x41,0x51,0x14,0x05,0x9a,0x66,0x41,0x51,0x15,0x45,0x55,0x65,0x95,0x55,0x56,
    0x54,0x55,0x55,0x51,0x00,0x15,0x81,0x44,0x51,0x45,0x14,0x44,0x50,0x00,0x55,0x59,
    0x57,0x59,0x15,0x55,0x55,0x54,0x36,0x75,0x45,0x65,0x5d,0x46,0x55,0xd5,0x95,0xd5,
    0xd5,0x19,0x55,0x55,0x90,0x00,0x58,0x74,0x56,0x40,0x4a,0x1a,0x2a,0x6b,0x8a,0x6e,
    0xa7,0xaa,0x69,0x2a,0xa9,0xa6,0x4a,0xe6,0x92,0x79,0x8a,0xda,0x1e,0x22,0x2b,0x6d,
    0xae,0x62,0x80,0x15,0x55,0x55,0x55,0x55,0x55,0x55,0x55,0x55,0x55,0x55,0x55,0x55,
    0x55,0x55,0x55,0x55,0x55,0x55,0x55,0x55,0x14,0x00,0x00,0x01,0x55,0x15,0x45,0x15,
    0x54,0x01,0x67,0x5d,0x19,0x0d,0xdd,0xff,0x16,0x75,0x65,0x54,0x55,0x58,0x0d,0xdd,
    0xf0,0x17,0x75,0xd5,0x91,0x59,0x95,0xd4,0x5d,0x51,0x55,0x40,0x00,0x00,0x16,0x75,
    0x55,0x9d,0x41,0x59,0x59,0x16,0x54,0x10,0x48,0x59,0x92,0x49,0xa4,0x41,0x94,0x15,
    0x55,0x54,0x51,0x45,0x44,0x00,0x55,0x65,0x75,0x55,0x65,0x00,0x10,0x00,0x11,0x10,
    0x44,0x06,0x12,0x91,0x24,0x84,0x49,0x1a,0x12,0x24,0x46,0x01,0x84,0x8a,0x18,0x84,
    0x91,0x20,0x45,0x45,0x01,0x91,0x86,0x41,0x14,0x44,0x40,0x01,0xd5,0x55,0x55,0x55,
    0x55,0x55,0x10,0x00,0x05,0x59,0x41,0x11,0x11,0x11,0x11,0x14,0x44,0x01,0x56,0x55,
    0xd5,0x55,0x59,0x45,0x96,0x54,0x05,0x59,0x56,0x5d,0x96,0x55,0xd9,0x66,0x5d,0x59,
    0x66,0x57,0x76,0x76,0x40,0x03,0x65,0xd9,0x87,0x42,0xa1,0xb9,0x99,0xb6,0x66,0x19,
    0x1a,0x46,0xb6,0x9d,0x9e,0x4a,0xa6,0x6a,0x6e,0x22,0x1e,0x21,0x8a,0x79,0xe2,0x22,
    0x18,0xb6,0x60,0x05,0x55,0x55,0x55,0x55,0x55,0x55,0x55,0x55,0x55,0x55,0x55,0x55,
    0x55,0x55,0x55,0x55,0x55,0x55,0x55,0x51,0x54,0x04,0x44,0x55,0x5d,0x51,0x55,0x51,
    0x45,0x40,0x1d,0x86,0x47,0x4f,0xff,0x77,0x05,0x59,0x46,0x75,0x76,0x40,0xdc,0xcf,
    0x77,0x05,0x59,0x59,0x55,0x97,0x5d,0x65,0x65,0x95,0x9d,0x56,0x00,0x21,0x55,0x56,
    0x75,0xd5,0x05,0x97,0x55,0x5d,0x65,0x02,0x65,0xa1,0xa6,0x99,0x86,0x86,0x45,0x05,
    0x11,0x45,0x55,0x55,0x55,0x01,0x56,0x55,0x55,0x96,0x55,0x00,0x14,0x11,0x44,0x45,
    0x11,0x01,0x64,0x4a,0x49,0x18,0x92,0x49,0x24,0x49,0x21,0x04,0x61,0x11,0x21,0x11,
    0x22,0x41,0x51,0x51,0x41,0x99,0x99,0x04,0x45,0x55,0x01,0x00,0x00,0x00,0x00,0x01,
    0x00,0x00,0x00,0x11,0x59,0xd1,0x41,0x11,0x14,0x44,0x44,0x44,0x50,0x01,0x65,0x65,
    0x56,0x51,0x55,0x55,0x55,0x65,0x01,0x54,0x65,0xd5,0x45,0x75,0x57,0x55,0xd6,0x51,
    0x55,0xd5,0x57,0x55,0x40,0x55,0x40,0x11,0x5d,0x40,0x78,0xa6,0xae,0xaa,0xa9,0xaa,
    0xa8,0x69,0xa2,0x6a,0x26,0xa7,0x6e,0x86,0xe1,0x86,0xb8,0x62,0xe1,0x22,0x19,0xa6,
    0x89,0x22,0x18,0x00,0x55,0x55,0x55,0x55,0x55,0x55,0x55,0x55,0x55,0x55,0x55,0x55,
    0x55,0x55,0x55,0x55,0x55,0x55,0x55,0x55,0x50,0x15,0x55,0x55,0xd5,0x55,0x14,0x55,
    0x55,0x54,0x01,0x51,0x9d,0x07,0x77,0xfd,0x05,0xd4,0x55,0x59,0x65,0x01,0xc7,0x74,
    0xc7,0x41,0x95,0x94,0x75,0x75,0x56,0x5d,0x54,0x59,0x56,0x65,0x55,0x55,0x67,0x65,
    0x59,0x56,0x15,0x55,0x91,0x95,0x55,0x81,0x13,0x66,0x19,0x24,0x66,0x07,0x76,0x41,
    0x55,0x55,0x14,0x51,0x44,0x01,0x55,0x5d,0x65,0x5d,0x55,0x00,0x11,0x44,0x44,0x51,
    0x11,0x40,0x06,0x11,0x21,0x86,0x12,0x12,0x49,0x12,0x44,0x61,0x28,0x62,0x44,0xa2,
    0x44,0x41,0x14,0x44,0x50,0x64,0x66,0x05,0x51,0x11,0x45,0x55,0x10,0x00,0x00,0x00,
    0x00,0x02,0x15,0x56,0x74,0x54,0x50,0x45,0x11,0x11,0x11,0x11,0x10,0x00,0x55,0x51,
    0x65,0x55,0x97,0x66,0x75,0x55,0x01,0x65,0x75,0x59,0x59,0x96,0x75,0x45,0x65,0x15,
    0x91,0x67,0x65,0x61,0x55,0x67,0x00,0x67,0x46,0x02,0x86,0x21,0x99,0x91,0x92,0x91,
    0x99,0xab,0x66,0x86,0x68,0x6a,0x99,0x9a,0x48,0xa2,0x12,0x86,0x1a,0x86,0x88,0x88,
    0x78,0xa7,0x86,0x40,0x01,0x15,0x55,0x55,0x55,0x55,0x55,0x55,0x55,0x55,0x55,0x55,
    0x55,0x55,0x55,0x55,0x55,0x54,0x15,0x55,0x40,0x55,0x55,0xd1,0x51,0x45,0x55,0x45,
    0x44,0x55,0x40,0x17,0x45,0x83,0xff,0x7f,0x41,0x65,0x67,0x67,0x54,0x37,0x7c,0xd1,
    0xdc,0xd0,0x5d,0x45,0x59,0x96,0x45,0x15,0xd9,0x5d,0xd5,0xd5,0x55,0x56,0x55,0x5d,
    0x95,0x14,0x17,0x75,0x55,0x76,0x75,0x41,0xd8,0x61,0xae,0x6a,0x64,0x14,0x51,0x50,
    0x54,0x51,0x55,0x55,0x54,0x00,0x59,0x55,0x57,0x55,0x65,0x00,0x14,0x51,0x11,0x11,
    0x11,0x14,0x00,0x64,0x92,0x11,0x24,0x61,0x12,0x84,0xa1,0x18,0x46,0x18,0x61,0x18,
    0x61,0x81,0x45,0x55,0x10,0x66,0x44,0x11,0x15,0x14,0x06,0xd9,0x65,0x55,0x55,0x56,
    0x55,0x55,0x5d,0x24,0x51,0x45,0xd0,0x51,0x11,0x45,0x14,0x51,0x10,0x01,0x57,0x55,
    0x57,0x59,0x55,0x55,0x56,0x5d,0x40,0x5d,0x96,0x75,0xd7,0x5d,0x59,0x99,0xd5,0x65,
    0xd5,0x95,0x91,0x55,0xd9,0xd8,0x06,0x45,0x19,0x41,0xe2,0x66,0xe8,0x6a,0x26,0xaa,
    0xba,0x9a,0xa8,0x6a,0x9a,0x91,0x8a,0x26,0x26,0x1b,0x68,0x6e,0x88,0x6e,0x1b,0x7b,
    0x89,0x8a,0x6e,0xd0,0x00,0x01,0x55,0x55,0x55,0x55,0x55,0x55,0x55,0x55,0x55,0x55,
    0x55,0x55,0x55,0x55,0x55,0x50,0x01,0x55,0x00,0x54,0x75,0x55,0x55,0x56,0x45,0x55,
    0x55,0x45,0x54,0x01,0x51,0x4d,0xdc,0xdf,0xc1,0x56,0x55,0x95,0x50,0x1c,0xf7,0x7f,
    0xc7,0xf0,0x55,0x56,0x57,0x54,0x59,0x59,0x55,0xd5,0x64,0x59,0xd9,0x99,0x76,0x55,
    0x45,0x50,0x59,0x59,0x19,0x55,0x59,0x50,0x46,0x19,0x96,0x91,0xb4,0xdd,0x9d,0x94,
    0x15,0x55,0x45,0x14,0x54,0x01,0x55,0xd9,0x95,0x65,0x55,0x00,0x11,0x11,0x44,0x44,
    0x44,0x45,0x40,0x09,0x19,0x28,0x4a,0x18,0xa4,0x61,0x18,0x86,0x21,0x21,0x24,0x84,
    0x84,0x90,0x51,0x11,0x50,0x61,0x98,0x15,0x44,0x45,0x05,0x47,0x45,0xdd,0x19,0xd1,
    0x76,0x74,0x75,0x75,0xd7,0x5d,0x50,0x44,0x44,0x44,0x44,0x44,0x50,0x01,0x59,0x59,
    0x75,0x55,0x75,0x95,0x65,0x55,0x40,0x55,0x5d,0x59,0x65,0x65,0x14,0x55,0x51,0x96,
    0x59,0x74,0x56,0x76,0x5d,0x14,0x45,0xdd,0x9d,0x02,0x18,0x8a,0x66,0xa6,0x69,0xd9,
    0x99,0x24,0x66,0x99,0x27,0xaa,0x66,0x6a,0x48,0xb4,0x86,0x21,0x27,0x88,0xa2,0x24,
    0x98,0x92,0x21,0x29,0xc0,0x00,0x00,0x15,0x45,0x55,0x55,0x55,0x55,0x55,0x55,0x55,
    0x55,0x55,0x55,0x01,0x54,0x00,0x00,0x00,0x01,0x55,0x51,0x45,0x14,0x51,0x54,0x64,
    0x51,0x54,0x55,0x40,0x27,0x43,0xf7,0xf7,0x70,0x65,0xdd,0x47,0x50,0x7d,0xc4,0xc7,
    0x7d,0x1c,0x19,0xd9,0xd5,0x45,0x57,0x57,0x61,0x66,0x55,0x55,0x57,0x55,0x55,0x59,
    0x59,0xd5,0x55,0x95,0x5d,0xd9,0xd7,0x50,0x91,0x9b,0x49,0x1a,0x50,0x51,0x11,0x54,
    0x05,0x14,0x55,0x55,0x44,0x01,0x59,0x55,0x5d,0x54,0x59,0x00,0x14,0x44,0x45,0x11,
    0x11,0x10,0x54,0x40,0x84,0x46,0x11,0x21,0x12,0x18,0x46,0x48,0x44,0x92,0x49,0x11,
    0x12,0x10,0x54,0x51,0x42,0x59,0x90,0x44,0x51,0x54,0x14,0x54,0x5d,0x45,0x74,0x57,
    0x44,0x51,0x51,0x11,0x45,0x94,0x40,0x44,0x51,0x11,0x11,0x11,0x10,0x01,0x55,0x95,
    0x55,0x97,0x55,0x5d,0x55,0xd5,0x50,0x16,0x65,0x94,0x57,0x51,0x65,0x76,0x65,0x75,
    0x75,0x55,0x65,0x55,0xd6,0x75,0x9d,0x14,0x51,0x41,0x89,0xe6,0x89,0x89,0xae,0xa2,
    0x4a,0x6a,0xb9,0xba,0x69,0x9e,0xa2,0x98,0xae,0x40,0x62,0x98,0xa2,0x26,0xda,0x4a,
    0x22,0xeb,0x6a,0x92,0x99,0x20,0x00,0x04,0x00,0x55,0x55,0x55,0x55,0x55,0x55,0x55,
    0x45,0x55,0x54,0x00,0x00,0x01,0x40,0x00,0x15,0x75,0x15,0x55,0x55,0x55,0x45,0x55,
    0x55,0x45,0x45,0x54,0x01,0x41,0xfd,0xff,0xdc,0xdd,0x56,0x55,0x43,0xd3,0x7d,0xdc,
    0xd3,0xdc,0x15,0x55,0x64,0x59,0x95,0x95,0x55,0x95,0x1d,0x9d,0x99,0x40,0x00,0x17,
    0x55,0x66,0x76,0x46,0x55,0x55,0x45,0x54,0x1b,0x46,0x9a,0x67,0x80,0x65,0x95,0xd5,
    0x41,0x55,0x51,0x45,0x54,0x01,0x55,0x59,0x55,0x95,0x55,0x00,0x11,0x11,0x11,0x14,
    0x51,0x45,0x05,0x10,0x01,0x91,0x86,0x18,0x49,0x24,0xa1,0x11,0x92,0x18,0x48,0x62,
    0x86,0x41,0x45,0x15,0x01,0x91,0x90,0x51,0x14,0x44,0x19,0xd1,0x64,0x59,0x55,0x19,
    0x55,0x16,0x19,0x55,0x58,0x40,0x00,0x11,0x11,0x11,0x44,0x44,0x50,0x00,0x5d,0x5d,
    0x65,0x55,0x59,0x55,0x9d,0x56,0x54,0x05,0x5d,0x45,0x65,0x95,0x96,0x55,0xd7,0x57,
    0x57,0x46,0x77,0x49,0x11,0x18,0x5d,0x66,0x75,0x02,0xe2,0x29,0x9a,0x9b,0x99,0x19,
    0xa6,0xe7,0x64,0x9a,0xe8,0xa6,0x19,0xb6,0x21,0x80,0x2b,0x22,0xb6,0x88,0x88,0xa1,
    0xa7,0x84,0x84,0x89,0x2e,0x40,0x08,0x00,0x00,0x15,0x55,0x55,0x55,0x55,0x55,0x54,
    0x00,0x55,0x50,0x00,0x00,0x15,0x54,0x01,0x15,0x51,0x54,0x51,0x45,0x14,0x55,0x11,
    0x14,0x55,0x54,0x55,0x00,0x53,0xdf,0x77,0xf4,0x14,0x9d,0x65,0x0d,0x37,0x13,0xc7,
    0x4d,0xc7,0x16,0x47,0x55,0x95,0xdd,0x74,0x67,0x51,0x55,0x65,0xd5,0x00,0x30,0x00,
    0x67,0x55,0x55,0x55,0xd9,0x91,0x56,0x64,0x18,0x61,0xa1,0x89,0x40,0x51,0xdd,0x59,
    0x40,0x51,0x55,0x54,0x54,0x00,0x57,0x55,0xd6,0x56,0x75,0x00,0x14,0x51,0x44,0x44,
    0x44,0x44,0x51,0x15,0x10,0x08,0x51,0x86,0x12,0x49,0x12,0x84,0x86,0x44,0x91,0x24,
    0x61,0x20,0x51,0x44,0x05,0x99,0x41,0x15,0x45,0x00,0x51,0x66,0x45,0x90,0x05,0x51,
    0x11,0x65,0x54,0x4c,0x00,0x00,0xdc,0x51,0x11,0x44,0x45,0x11,0x10,0x01,0x55,0x55,
    0x56,0x59,0x55,0x99,0x55,0x55,0x54,0x05,0xd5,0x56,0x5d,0x59,0x75,0xd9,0x45,0x91,
    0x86,0x67,0x46,0x77,0x65,0x97,0x74,0x47,0x46,0x01,0x9a,0x67,0xad,0xb6,0x86,0xaa,
    0xda,0x6a,0x8a,0xa4,0x66,0x61,0xa6,0x98,0x9b,0x00,0x01,0xa7,0x48,0x6d,0x92,0x4a,
    0x22,0x6a,0xee,0x78,0x92,0x80,0x56,0x00,0x00,0x00,0x00,0x15,0x55,0x55,0x55,0x50,
    0x00,0x15,0x00,0x55,0x45,0x55,0x95,0x55,0x54,0x55,0x55,0x55,0x56,0x55,0x51,0x55,
    0x55,0x51,0x45,0x45,0x04,0x03,0x7f,0xfd,0xfd,0x05,0xd1,0xd5,0x07,0xf1,0xfd,0xfc,
    0xdc,0x7d,0x35,0x59,0x45,0x75,0x56,0x55,0x95,0x65,0x99,0xd5,0x51,0x55,0x55,0x50,
    0x05,0x67,0x67,0x65,0x5d,0x56,0x65,0x54,0x19,0x1a,0x5a,0x66,0x84,0x06,0x45,0x97,
    0x50,0x55,0x11,0x45,0x45,0x01,0x55,0x65,0x55,0x45,0x55,0x00,0x11,0x11,0x11,0x11,
    0x11,0x11,0x04,0x41,0x11,0x00,0x24,0x61,0x84,0x92,0x18,0x61,0x21,0x21,0x28,0x48,
    0x44,0x90,0x44,0x50,0x16,0x19,0x01,0x44,0x51,0x05,0x75,0x14,0x5d,0x14,0x00,0x15,
    0x67,0x44,0x00,0x00,0x03,0x77,0x74,0x11,0x44,0x44,0x44,0x51,0x10,0x01,0x59,0x96,
    0x75,0x55,0x97,0x55,0x55,0x99,0x65,0x01,0x66,0x67,0x76,0x1d,0xd1,0x93,0x64,0x76,
    0x5d,0x1d,0x64,0x51,0x91,0xd1,0x46,0x64,0x59,0x0e,0x08,0xea,0x64,0xa9,0x9a,0x66,
    0x62,0x86,0x66,0x4a,0xab,0x9a,0x6e,0x4a,0x34,0x06,0x02,0x48,0xa2,0xe2,0x2b,0xad,
    0xe4,0x8d,0x18,0x86,0xe8,0x41,0xa1,0x65,0x45,0x00,0x00,0x01,0x50,0x05,0x55,0x00,
    0x50,0x00,0x00,0x55,0x55,0x64,0x55,0x55,0x65,0x51,0x45,0x14,0x65,0x14,0x55,0x51,
    0x45,0x15,0x55,0x55,0x4f,0xc0,0xdd,0x1f,0x4f,0xc1,0x94,0x46,0x0c,0x77,0x1c,0x77,
    0x7d,0xc4,0x16,0x75,0x59,0x97,0x65,0x19,0x76,0x5d,0x75,0x51,0x96,0x50,0x02,0x55,
    0x56,0x55,0x55,0x5d,0xd5,0x19,0x77,0x75,0x34,0x74,0x87,0x49,0x06,0x0d,0x15,0x75,
    0x54,0x15,0x55,0x55,0x54,0x01,0x65,0x57,0x64,0x55,0x65,0x00,0x14,0x44,0x44,0x44,
    0x44,0x44,0x51,0x11,0x11,0x44,0x00,0x14,0x61,0x24,0x49,0x18,0x44,0x92,0x46,0x11,
    0x21,0x10,0x55,0x14,0x19,0x64,0x04,0x55,0x14,0x14,0x51,0x75,0xd4,0x55,0x30,0x00,
    0x00,0x00,0x03,0x37,0xdd,0xff,0xfc,0x14,0x44,0x45,0x11,0x51,0x50,0x01,0x55,0x55,
    0x55,0x17,0x55,0x57,0x5d,0x55,0x55,0x40,0x51,0xd1,0x91,0x74,0x59,0x15,0x1d,0x91,
    0xd1,0x74,0x45,0xd9,0x1d,0x76,0x59,0x1d,0x85,0x01,0xad,0x24,0xaa,0x64,0xa8,0xa2,
    0xa6,0x6a,0x1a,0x99,0x91,0xaa,0xda,0xa1,0x90,0x06,0x40,0x26,0x26,0x66,0x76,0x12,
    0x22,0x9a,0xa9,0xa8,0x46,0x80,0x6a,0x19,0x01,0x50,0x01,0x00,0x00,0x01,0x54,0x01,
    0x55,0x00,0x05,0x59,0x57,0x55,0x45,0x17,0x54,0x55,0x55,0x55,0x51,0x55,0x45,0x15,
    0x55,0x54,0x51,0x45,0x41,0xd3,0xff,0xff,0xdd,0xf0,0x76,0x74,0x1d,0xcd,0xf7,0xcc,
    0xd3,0x7f,0x15,0x56,0x75,0x75,0x51,0x57,0x54,0x55,0x57,0x65,0x75,0x40,0x00,0x02,
    0x59,0xdd,0x86,0x75,0x65,0x67,0x55,0x56,0x06,0x86,0x66,0x99,0x05,0xc1,0x59,0x56,
    0x55,0x05,0x14,0x51,0x44,0x00,0x56,0x75,0x55,0x59,0x55,0x00,0x44,0x51,0x14,0x51,
    0x14,0x51,0x11,0x14,0x44,0x45,0x10,0x00,0x99,0x21,0x21,0x21,0x89,0x24,0x84,0xa2,
    0x48,0xa0,0x44,0x45,0x06,0x14,0x15,0x11,0x45,0x05,0x96,0x51,0x45,0x91,0x07,0x70,
    0x00,0xcd,0xf7,0x7d,0xff,0xdd,0xdc,0x11,0x11,0x11,0x11,0x91,0x10,0x00,0x59,0xd4,
    0x59,0x55,0x59,0x65,0x55,0x5d,0x75,0x40,0x17,0x67,0x45,0xd6,0x47,0x77,0x64,0x57,
    0x57,0x65,0x9d,0x1d,0x76,0x14,0x74,0x54,0x5d,0x09,0x12,0x89,0x91,0xaa,0x66,0x66,
    0x7a,0x91,0xa9,0xea,0xe6,0x86,0x61,0x9e,0x20,0x18,0x90,0x0b,0x62,0x00,0x00,0x69,
    0x99,0xe0,0x00,0x11,0xa9,0x01,0x84,0x61,0x05,0x55,0x55,0x70,0x00,0x40,0x40,0x05,
    0x75,0x44,0x55,0x51,0x15,0x14,0x55,0x55,0x15,0x51,0x46,0x45,0x15,0x45,0x55,0x55,
    0x45,0x15,0x55,0x54,0x4f,0xf0,0x77,0x77,0xff,0x74,0x1d,0x14,0x3c,0xdc,0xcd,0x1d,
    0xc7,0x1c,0x19,0x19,0x57,0x56,0x65,0x95,0x95,0x76,0x75,0x57,0x56,0x75,0x55,0x40,
    0x15,0x55,0x55,0x56,0x51,0x95,0x64,0x65,0x04,0x61,0xd8,0x64,0x1a,0x40,0x97,0x65,
    0xd9,0x41,0x55,0x55,0x54,0x01,0x55,0x55,0x59,0x55,0xd5,0x00,0x14,0x44,0x44,0x44,
    0x44,0x44,0x44,0x44,0x44,0x44,0x45,0x00,0x00,0x66,0x92,0x44,0x92,0x12,0x49,0x18,
    0x64,0x44,0x55,0x51,0x05,0x90,0x45,0x44,0x51,0x06,0x47,0x46,0x5d,0x15,0x4f,0xdd,
    0xdd,0xdf,0x7f,0xdf,0xdd,0xff,0xf4,0x11,0x14,0x44,0x45,0x54,0x44,0x01,0x55,0x55,
    0x55,0x65,0x95,0x55,0x96,0x55,0x55,0x50,0x35,0x14,0x59,0x11,0xd5,0x91,0x91,0xd1,
    0x24,0x44,0x76,0x64,0x65,0x46,0x45,0xe5,0xd6,0x02,0xe8,0x66,0xaa,0x86,0xe9,0xeb,
    0x99,0x2a,0x6e,0x64,0x6a,0x69,0x2a,0x4a,0x40,0x69,0x24,0x00,0x00,0x00,0x00,0x00,
    0x22,0x00,0x00,0x00,0x21,0x02,0x69,0x24,0x05,0x95,0x55,0x55,0x15,0x40,0x00,0x55,
    0x55,0x55,0x55,0x15,0x51,0x55,0x51,0x75,0x54,0x55,0x55,0x55,0x54,0x54,0x64,0x74,
    0x55,0x51,0x45,0x15,0x41,0xdc,0xff,0xfd,0xdf,0xff,0x01,0x74,0x1d,0xc7,0x74,0xfc,
    0x7d,0xc4,0x15,0x57,0x65,0x64,0x57,0x5d,0x46,0x54,0x59,0x19,0x65,0x55,0x56,0x55,
    0x1d,0x46,0x77,0x64,0x55,0x75,0xd5,0x54,0x01,0x9e,0x46,0x98,0x19,0x40,0x15,0x5d,
    0x55,0x50,0x55,0x44,0x54,0x01,0x59,0x59,0x95,0x9d,0x55,0x00,0x11,0x11,0x11,0x11,
    0x11,0x11,0x11,0x11,0x11,0x11,0x11,0x54,0x40,0x00,0x44,0x92,0x11,0x84,0x92,0x11,
    0x09,0x10,0x11,0x15,0x09,0x40,0x51,0x15,0x15,0x05,0x14,0x5d,0x14,0x5e,0x41,0xff,
    0xff,0xf7,0xf7,0xfd,0xff,0xdd,0xfc,0x11,0x11,0x11,0x16,0x85,0x10,0x01,0x5d,0x65,
    0x97,0x55,0x57,0x51,0x55,0x45,0x96,0x50,0x01,0x75,0xb7,0x65,0x91,0x16,0x15,0x99,
    0x76,0x59,0xd1,0x1d,0x84,0x67,0x5d,0x91,0x85,0x01,0x86,0x2a,0x46,0x69,0x92,0x99,
    0x8a,0x66,0xda,0x2a,0x92,0x92,0x99,0x89,0x02,0x48,0x69,0x00,0x00,0x00,0x20,0x00,
    0x00,0x00,0x00,0x00,0x00,0x06,0x12,0x49,0x05,0x45,0x75,0x15,0x55,0x54,0x05,0x54,
    0x51,0x55,0x5d,0x55,0x55,0x45,0x15,0x51,0x45,0x51,0x91,0x14,0x55,0x55,0x45,0x55,
    0x45,0x15,0x55,0x51,0x41,0xf0,0x77,0x7f,0xf7,0x77,0x70,0x94,0x3c,0x7f,0x3d,0xdd,
    0xf3,0x7c,0x57,0x75,0x51,0x95,0x75,0x65,0x95,0xd9,0x55,0x57,0x51,0xd9,0x99,0x55,
    0x56,0x55,0x55,0x45,0x67,0x56,0x59,0xd5,0x01,0x11,0x29,0x10,0x67,0x44,0x05,0x95,
    0x9d,0x94,0x00,0x15,0x44,0x01,0x57,0x55,0x57,0x55,0x65,0x00,0x14,0x44,0x44,0x51,
    0x44,0x44,0x51,0x44,0x44,0x44,0x44,0x11,0x14,0x00,0x01,0x26,0x48,0x61,0x21,0x22,
    0x62,0x24,0x54,0x45,0x05,0x01,0x15,0x44,0x44,0x17,0x5d,0x65,0x45,0x55,0x50,0xdd,
    0xdd,0xff,0x7d,0xdf,0xdd,0xff,0x1d,0x11,0x11,0x45,0x59,0x59,0x50,0x01,0x55,0x55,
    0x55,0x59,0x75,0x55,0x64,0x55,0x55,0x50,0x01,0x61,0x45,0x1d,0x19,0xdd,0x74,0x47,
    0x44,0x74,0x65,0x94,0x5d,0xdd,0x18,0x77,0x5d,0x0d,0xa2,0xb7,0xab,0x9e,0x26,0x66,
    0x59,0xa9,0xa6,0x66,0xa6,0xe6,0xa8,0xa4,0x01,0xa6,0x12,0x40,0x41,0x99,0x58,0x10,
    0x00,0x05,0x41,0x90,0x00,0x09,0x84,0x98,0x05,0x54,0x55,0x55,0x14,0x55,0x55,0xd5,
    0x55,0x11,0x95,0x51,0xd4,0x55,0x57,0x55,0x55,0x15,0x55,0x55,0x45,0x11,0x55,0x15,
    0x55,0x54,0x51,0x55,0x53,0xdc,0xff,0x1d,0xcf,0xcf,0xf4,0x04,0xdd,0xf4,0x73,0xcc,
    0x74,0xd0,0x75,0x59,0x15,0x76,0x56,0x51,0x5d,0x55,0xdd,0x99,0x55,0x55,0xd5,0xd9,
    0x95,0xd9,0xd9,0x96,0x59,0x65,0x15,0x65,0x10,0x64,0x99,0x90,0x69,0x05,0x01,0x5d,
    0x55,0x57,0x04,0x01,0x55,0x00,0x55,0x59,0x45,0x56,0x55,0x00,0x44,0x45,0x11,0x54,
    0x45,0x11,0x11,0x11,0x14,0x51,0x11,0x11,0x10,0x55,0x00,0x00,0x19,0x18,0x44,0x44,
    0x84,0x48,0x11,0x51,0x04,0x05,0x44,0x51,0x54,0x11,0x45,0x55,0x55,0x95,0x54,0x3f,
    0xff,0x77,0xff,0xfd,0xff,0xdd,0xf4,0x11,0x14,0x44,0x64,0x66,0x50,0x00,0x59,0x46,
    0x75,0x95,0x55,0x96,0x55,0x59,0x65,0x50,0x00,0x17,0x5d,0x94,0x77,0x64,0x67,0x5d,
    0x96,0x46,0x47,0x46,0x75,0x91,0x75,0x14,0x45,0x01,0x24,0x99,0x99,0xa6,0x66,0x02,
    0x08,0x46,0x6a,0xa1,0x89,0x9a,0x76,0xd0,0x06,0x12,0x49,0x96,0x99,0x24,0xa0,0x56,
    0x47,0x59,0x41,0xa6,0x48,0x92,0x6a,0x24,0x15,0x15,0x51,0x45,0x55,0x65,0x5d,0x51,
    0x45,0x55,0x45,0x15,0x55,0x54,0x55,0x45,0x15,0x57,0x45,0x47,0x55,0x55,0xd1,0x51,
    0x45,0x15,0x55,0x14,0x41,0xc4,0xdd,0xff,0x77,0x77,0x7f,0xc0,0x33,0x4f,0xdd,0x1d,
    0xcd,0xf0,0x52,0x65,0x59,0x55,0xd9,0x15,0xd6,0x76,0x56,0x75,0x19,0x9d,0x5d,0x57,
    0x5d,0x56,0x54,0x55,0xd7,0x51,0x5d,0x54,0x14,0xd1,0x87,0x93,0x64,0x11,0x50,0x55,
    0x19,0xd5,0x55,0x50,0x54,0x01,0x59,0x54,0x55,0x65,0x55,0x00,0x11,0x11,0x15,0xa4,
    0x44,0x44,0x44,0x44,0x44,0x44,0x44,0x55,0x40,0x59,0x56,0x40,0x00,0x04,0x9a,0x69,
    0x19,0x18,0x14,0x45,0x10,0x14,0x55,0x14,0x50,0x16,0x55,0x45,0x95,0x51,0x55,0x07,
    0x77,0xff,0x77,0x7f,0xdd,0xff,0xdf,0x04,0x44,0x44,0x59,0x91,0x90,0x01,0x55,0x55,
    0x55,0x5d,0x59,0x55,0x75,0x55,0x5d,0x50,0x00,0x05,0xd9,0x1d,0x91,0x45,0xd1,0xd8,
    0x47,0x67,0x5d,0x1d,0x11,0x17,0x61,0x65,0x59,0x00,0x00,0x21,0xa6,0x61,0x00,0x00,
    0x00,0x00,0x05,0x1a,0x66,0x89,0x29,0x80,0x1a,0x48,0x92,0x21,0x22,0x4a,0x14,0x27,
    0x55,0x91,0xc9,0x12,0x65,0x18,0x84,0x44,0x05,0x55,0x15,0x56,0x45,0x14,0x55,0x15,
    0x55,0x94,0x55,0x55,0x14,0x55,0x74,0x55,0x51,0x75,0x54,0x55,0x47,0x5d,0x55,0x55,
    0x55,0x51,0x45,0x55,0x50,0xfc,0x3f,0xdf,0xff,0xff,0xf7,0x7c,0x1d,0x34,0x4f,0xfc,
    0x7c,0x41,0xd9,0x13,0x76,0x75,0x55,0x59,0x65,0x59,0x45,0x55,0x5d,0x56,0x55,0x95,
    0x65,0x9d,0x45,0x67,0x55,0x95,0x96,0x15,0x04,0x18,0x66,0x42,0x60,0x14,0x60,0x15,
    0x55,0x65,0x96,0x14,0x14,0x01,0x55,0xd5,0x56,0x55,0xd5,0x00,0x14,0x44,0x46,0x59,
    0x11,0x14,0x51,0x11,0x11,0x11,0x14,0x59,0x50,0x51,0xd9,0x55,0x84,0x00,0x00,0x01,
    0x21,0x20,0x05,0x14,0x01,0x45,0x11,0x45,0x10,0x5d,0x1d,0x55,0x5d,0x55,0xd5,0x43,
    0xfd,0xdf,0xff,0xdd,0xff,0xdd,0xfc,0x14,0x44,0x44,0x59,0x16,0x14,0x01,0x59,0x96,
    0x59,0x55,0x95,0x75,0x56,0x65,0xd5,0x50,0x00,0x01,0x44,0x64,0x59,0x18,0x59,0x15,
    0xd9,0x1d,0x19,0x97,0x59,0x76,0x56,0x70,0xc0,0x00,0x00,0x00,0x00,0x00,0x00,0x00,
    0x00,0x00,0x00,0x21,0x9a,0x66,0x64,0x00,0x61,0x26,0x24,0x6a,0x64,0x91,0xa0,0x1d,
    0xdd,0x1d,0x01,0xa6,0x12,0xa6,0x61,0xa8,0x25,0x45,0x54,0x51,0x55,0x55,0x45,0x55,
    0x14,0x55,0x51,0x45,0x55,0x45,0x55,0x51,0x55,0x54,0x55,0x51,0x55,0x45,0x14,0x75,
    0x45,0x15,0x54,0x51,0x53,0x74,0xdd,0xfd,0xdd,0xdd,0xcf,0xdd,0x34,0xdf,0xdd,0x1f,
    0xd1,0xc5,0x11,0xd7,0x47,0x51,0x87,0x57,0x5d,0x14,0x59,0xd1,0x95,0xd4,0x64,0x76,
    0x51,0x55,0x59,0x75,0x64,0x5d,0x75,0x54,0x15,0x06,0xd1,0x81,0x81,0x45,0x15,0x02,
    0x59,0xd4,0x55,0x01,0x14,0x00,0x59,0x56,0x55,0x75,0x55,0x00,0x11,0x11,0x14,0x64,
    0x44,0x44,0x44,0x45,0x11,0x11,0x41,0x64,0x41,0x75,0x91,0x1d,0x55,0x98,0x40,0x00,
    0x00,0x01,0x04,0x50,0x04,0x51,0x50,0x00,0x01,0x65,0x75,0x64,0x55,0x15,0x59,0x50,
    0x77,0xf7,0x77,0xff,0xdd,0xff,0xdd,0x04,0x51,0x11,0x16,0x65,0x10,0x01,0x55,0x55,
    0x55,0xd5,0x51,0x56,0x55,0x55,0x56,0x50,0x00,0x00,0x59,0x75,0xd1,0x9d,0x87,0x61,
    0x47,0x51,0x74,0x45,0x9d,0x91,0x00,0x00,0x00,0x09,0x84,0x80,0x00,0x00,0x08,0x65,
    0x05,0xd0,0x00,0x00,0x00,0x12,0x00,0x01,0xa6,0x89,0x8a,0x11,0x21,0x28,0x44,0x16,
    0x46,0x75,0x06,0x12,0x69,0x12,0x18,0x44,0x05,0x55,0x45,0x55,0x51,0x75,0x55,0x45,
    0x55,0x45,0x15,0x55,0x14,0x54,0x51,0x55,0x14,0x45,0x45,0x15,0x45,0x55,0x55,0x51,
    0x55,0x54,0x55,0x55,0x10,0xfc,0x3f,0xdf,0xff,0xff,0xdd,0xff,0x0f,0x4d,0x33,0xc4,
    0x4f,0x01,0x59,0xd1,0x91,0x18,0x56,0x75,0x55,0x65,0x65,0x56,0x75,0x65,0x55,0x57,
    0x56,0x74,0x97,0x56,0x45,0x65,0x56,0x74,0x11,0x06,0x19,0x81,0x41,0x44,0x44,0x40,
    0x05,0x55,0x61,0x40,0x54,0x01,0x55,0x65,0x67,0x55,0x95,0x00,0x44,0x51,0x16,0x65,
    0x11,0x11,0x11,0x11,0x14,0x44,0x51,0x45,0x41,0x51,0x15,0xd1,0x11,0x45,0x55,0x59,
    0x11,0x15,0x05,0x10,0x55,0x14,0x50,0x00,0x45,0xd1,0x16,0x55,0x51,0x59,0x55,0x54,
    0x3f,0x7f,0xfd,0xdd,0xff,0xd1,0xfc,0x11,0x11,0x14,0x45,0x99,0x10,0x00,0x5d,0x75,
    0xd5,0x59,0x55,0x55,0x75,0x9d,0x65,0x50,0x00,0x80,0x05,0xd1,0x99,0xd4,0x5d,0x47,
    0x65,0x16,0x59,0x5e,0x10,0x00,0x00,0x00,0x04,0x98,0x69,0x44,0x00,0x48,0x66,0x4a,
    0x41,0x65,0x74,0x00,0x00,0x00,0x00,0x1a,0x12,0x44,0x64,0x68,0x9a,0x91,0x98,0x34,
    0x64,0x59,0x09,0xa8,0x84,0xa4,0x49,0xa4,0x05,0x47,0x55,0x45,0x15,0x54,0x51,0x56,
    0x45,0x55,0x55,0x15,0x55,0x55,0x55,0x15,0x55,0x55,0x55,0x54,0x54,0x51,0x45,0x15,
    0x45,0x15,0x45,0x15,0x50,0x74,0x1d,0xcd,0xd1,0xdd,0xff,0x1d,0x07,0xf4,0xdd,0xdf,
    0xdc,0x00,0x31,0x67,0x46,0x75,0xf4,0x47,0x86,0x5d,0x5d,0x99,0x56,0x5d,0x9d,0x95,
    0x17,0x51,0x75,0x65,0x56,0x57,0x64,0x54,0x19,0x41,0x49,0x06,0x04,0x59,0x51,0x54,
    0x00,0x59,0x50,0x50,0x54,0x01,0x57,0x55,0x55,0x59,0x55,0x00,0x14,0x44,0x45,0x91,
    0x14,0x44,0x44,0x44,0x44,0x51,0x11,0x66,0x41,0x19,0x44,0x59,0x67,0x58,0x76,0x15,
    0x55,0x64,0x41,0x41,0x11,0x45,0x10,0x55,0x56,0x45,0x65,0x45,0x55,0x55,0x14,0x55,
    0x01,0xf7,0x7f,0xff,0x77,0x3f,0xdd,0x04,0x44,0x44,0x46,0x44,0x50,0x01,0x55,0x55,
    0x59,0x55,0xd6,0x67,0x55,0x55,0x55,0x50,0x00,0x14,0x01,0x65,0x9d,0x75,0x65,0x95,
    0x9d,0x6d,0x04,0x00,0x00,0x00,0x01,0x19,0x69,0x86,0x12,0xa9,0x96,0x96,0x48,0x91,
    0x01,0x9e,0x65,0x5c,0x10,0x00,0x08,0x64,0x68,0x6a,0x12,0x11,0x21,0x24,0x84,0x19,
    0xdd,0xd1,0x04,0x85,0x92,0x4a,0x92,0x18,0x05,0x55,0x54,0x55,0x57,0x45,0x55,0x45,
    0x54,0x51,0x51,0x5d,0x14,0x5d,0x15,0x51,0x45,0x91,0x45,0x15,0x55,0x55,0x55,0x55,
    0x55,0x51,0x55,0x51,0x50,0xfc,0xff,0x7f,0xff,0xf3,0xdd,0xff,0xc3,0x4d,0xf3,0x31,
    0xc0,0x7c,0x00,0x0d,0x17,0x47,0x47,0x64,0x5d,0x19,0xd5,0xd7,0x67,0x55,0x55,0xd9,
    0x55,0x67,0x56,0x5d,0xd5,0xd5,0x95,0x5c,0x51,0x10,0x61,0x84,0x15,0x11,0x14,0x45,
    0x50,0x04,0x14,0x14,0x15,0x00,0x55,0x59,0xd5,0x95,0x45,0x00,0x11,0x11,0x16,0x54,
    0x44,0x51,0x14,0x51,0x11,0x11,0x11,0x65,0x01,0x74,0x59,0x84,0x45,0x15,0xd1,0x74,
    0x92,0x45,0x40,0x41,0x44,0x51,0x50,0x56,0x44,0x54,0x45,0x55,0xd6,0x5d,0x55,0x65,
    0x50,0xdc,0xdd,0xdf,0xfd,0xdd,0xfc,0x11,0x11,0x11,0x11,0x54,0x44,0x01,0x59,0x66,
    0x57,0x51,0x55,0x55,0x59,0x75,0x96,0x50,0x00,0x26,0x00,0x00,0x00,0x10,0xc0,0x0c,
    0x00,0x00,0x00,0x00,0x00,0x44,0x66,0x62,0x84,0x61,0xa4,0x44,0xa8,0x48,0x99,0x2a,
    0x42,0x47,0x47,0x98,0x66,0x61,0x96,0x4a,0x11,0x21,0x86,0xaa,0x46,0x89,0x24,0x05,
    0x91,0x9b,0x09,0x92,0x28,0x91,0x26,0x49,0x05,0x45,0x15,0x59,0x45,0x55,0x14,0x55,
    0x15,0x55,0xd5,0x55,0x55,0x55,0x51,0x55,0x54,0x55,0x55,0x5d,0x45,0x18,0x51,0x11,
    0x45,0x15,0x44,0x55,0x10,0x74,0x1f,0xdd,0xdd,0xdd,0xff,0xdd,0xd0,0xdf,0x1d,0xdf,
    0x03,0xc7,0xc0,0x00,0x0d,0x19,0x66,0x1d,0xd1,0xd1,0x21,0x11,0x1d,0x1e,0x1d,0x51,
    0x32,0x14,0x85,0xd5,0x67,0x51,0x45,0xd0,0x85,0x10,0x65,0x00,0x44,0x51,0x45,0x11,
    0x15,0x05,0x14,0x14,0x14,0x01,0x59,0x55,0x59,0x57,0x55,0x00,0x14,0x44,0x46,0x11,
    0x11,0x11,0x44,0x44,0x44,0x44,0x44,0x51,0x41,0x65,0xd1,0x55,0x9d,0x84,0x59,0x19,
    0x17,0x5e,0x50,0x04,0x55,0x14,0x41,0x61,0xd5,0xd9,0x94,0x55,0x55,0x55,0x65,0x55,
    0x54,0x0d,0xff,0x37,0x7f,0xff,0x77,0x05,0x14,0x51,0x45,0xa1,0x10,0x01,0x55,0x55,
    0x75,0x55,0x65,0xd5,0x95,0x55,0x55,0x50,0x00,0x11,0x80,0x00,0x00,0x00,0x00,0x00,
    0x00,0x00,0x00,0x11,0x16,0x69,0x88,0x84,0x6a,0x18,0x4a,0x9a,0x46,0x86,0x22,0x44,
    0x81,0xd9,0x19,0x10,0x22,0x1a,0x22,0x19,0xaa,0x98,0x61,0x11,0x21,0x12,0x48,0x27,
    0x46,0x44,0x18,0x49,0x91,0x2a,0x48,0x98,0x05,0x55,0x56,0x51,0x55,0x45,0x55,0x51,
    0x55,0x15,0x54,0x51,0x45,0x14,0x55,0x14,0x65,0x51,0x45,0x15,0x55,0x55,0x55,0x55,
    0x55,0x54,0x55,0x45,0x50,0xdc,0x37,0xff,0xff,0xff,0xd1,0xcf,0xfc,0x0d,0xf4,0xc0,
    0x1d,0xf3,0x45,0x54,0x80,0x00,0xd1,0x59,0x19,0x1d,0x9d,0x9d,0xd1,0x91,0x74,0x00,
    0x00,0x05,0x76,0x59,0x45,0x65,0x59,0x90,0x51,0x54,0x11,0x01,0x45,0x14,0x51,0x54,
    0x51,0x41,0x05,0x05,0x14,0x01,0x55,0x9d,0x55,0x75,0x55,0x00,0x44,0x51,0x11,0x51,
    0x44,0x44,0x44,0x44,0x51,0x11,0x11,0x11,0x05,0x11,0x45,0x1d,0x14,0x56,0x45,0x91,
    0x75,0x14,0x64,0x45,0x11,0x45,0x41,0x55,0x46,0x47,0x45,0x5d,0x45,0x16,0x51,0x74,
    0x55,0x03,0x77,0x7f,0xdd,0xdf,0xfc,0x11,0x11,0x11,0x11,0x51,0x50,0x00,0x59,0xd7,
    0x55,0x96,0x55,0x59,0x54,0x59,0x75,0x50,0x00,0x86,0x59,0x66,0x44,0x42,0x04,0x10,
    0x44,0x55,0x55,0x59,0xa2,0x12,0x19,0x1a,0x11,0x86,0x91,0x21,0x21,0x21,0x91,0x29,
    0x80,0x51,0x9d,0x90,0x64,0x61,0x99,0x88,0x44,0x46,0x26,0x86,0x98,0xa4,0xa4,0x05,
    0x17,0x74,0x06,0x92,0x26,0x91,0x26,0x26,0x01,0x64,0x51,0x55,0x14,0x55,0x45,0x95,
    0x51,0x5d,0x15,0x55,0x55,0x55,0x51,0x55,0x54,0x55,0x55,0x54,0x74,0x75,0x1d,0x45,
    0x45,0x15,0x51,0x54,0x54,0xf4,0xfd,0xd1,0xdd,0xdd,0xff,0xdc,0x77,0xc0,0x00,0x01,
    0xf3,0x1f,0x05,0x95,0x50,0x00,0x00,0x37,0x5d,0x9d,0x14,0x74,0x67,0x46,0x40,0x0f,
    0x77,0xc1,0xd1,0xd5,0x56,0x57,0x74,0x41,0x14,0x44,0x06,0x04,0x51,0x45,0x18,0x45,
    0x18,0x50,0x41,0x41,0x04,0x00,0x59,0x55,0x67,0x55,0x65,0x00,0x11,0x11,0x44,0x44,
    0x45,0x11,0x11,0x11,0x11,0x14,0x44,0x44,0x41,0x64,0x59,0xd1,0x75,0xd1,0xd1,0x17,
    0x51,0x91,0x45,0x41,0x54,0x54,0x05,0x41,0xd8,0x54,0x55,0x95,0x55,0x55,0x15,0x55,
    0x5d,0x50,0x3d,0xf7,0xf3,0xf7,0x77,0x04,0x44,0x44,0x44,0x51,0x10,0x01,0x55,0x55,
    0x55,0x55,0x5d,0x55,0x45,0x55,0x96,0x50,0x00,0x18,0x86,0x21,0x99,0x99,0x66,0x66,
    0x55,0x55,0x95,0x58,0x66,0x69,0x86,0x86,0x68,0x62,0x2a,0x4a,0x6a,0x68,0x8a,0x92,
    0x42,0x76,0x74,0x70,0x89,0x24,0x84,0x99,0x29,0x22,0x48,0x62,0x26,0x49,0x18,0x06,
    0x76,0x54,0x18,0x49,0x88,0x4a,0x49,0x11,0x05,0x55,0x55,0x15,0x55,0x51,0x54,0x54,
    0x55,0x55,0x51,0x46,0x46,0x45,0x15,0x64,0x55,0x51,0x47,0x45,0x55,0x51,0x54,0x56,
    0x55,0x51,0x55,0x15,0x50,0x4c,0x1f,0x3f,0xf3,0xfc,0xdd,0xf0,0xfd,0xdc,0x0c,0x7f,
    0x7d,0xf3,0x16,0x5c,0x03,0x37,0x30,0x00,0x04,0x75,0x77,0x46,0x44,0x5c,0x02,0xdd,
    0xff,0x41,0x99,0x11,0xd5,0xd9,0x19,0xc1,0x44,0x45,0x08,0x14,0x44,0x55,0x45,0x11,
    0x45,0x14,0x51,0x40,0x14,0x01,0x55,0xd6,0x55,0x56,0x55,0x00,0x14,0x44,0x44,0x51,
    0x11,0x11,0x11,0x14,0x44,0x44,0x51,0x11,0x06,0x45,0xd1,0x67,0x51,0x94,0x56,0x75,
    0x19,0x17,0x5d,0x90,0x05,0x10,0x15,0x45,0x45,0x45,0x85,0x51,0x66,0x75,0x55,0x95,
    0x95,0x55,0x03,0x7d,0xdd,0xff,0xfc,0x11,0x11,0x11,0x11,0x84,0x44,0x01,0x59,0x65,
    0x99,0x65,0xd5,0x97,0x55,0x99,0x55,0x50,0x00,0x21,0xa1,0x92,0x22,0x22,0x12,0x22,
    0x15,0x59,0x56,0x56,0x20,0x84,0x92,0x12,0x21,0x24,0x44,0x92,0x12,0x11,0x11,0x21,
    0x20,0x67,0x46,0x50,0x62,0x89,0xa1,0x22,0x84,0xa4,0xa4,0x86,0x48,0x92,0x86,0x05,
    0xd8,0x78,0x26,0x21,0x19,0x24,0xa1,0x8a,0x01,0x45,0x15,0x51,0x45,0x15,0x95,0x45,
    0x5d,0x14,0x55,0x55,0x55,0x55,0x56,0x45,0x45,0x15,0x55,0x55,0x14,0x55,0x45,0x51,
    0x45,0x15,0x15,0x51,0x54,0xf7,0x37,0x77,0x77,0xdd,0xff,0x41,0xdf,0xf7,0x77,0xdf,
    0xdc,0xf4,0x55,0x00,0x3d,0xf3,0xdf,0xf0,0x00,0x00,0x91,0x65,0xd5,0xb0,0x1d,0xff,
    0xf7,0xf0,0x74,0x67,0x61,0x84,0x75,0x05,0x15,0x11,0x40,0x45,0x15,0x44,0x54,0x54,
    0x51,0x44,0x10,0x60,0x15,0x01,0x5d,0x55,0x55,0x95,0x55,0x00,0x44,0x44,0x45,0x11,
    0x44,0x44,0x44,0x44,0x45,0x11,0x11,0x14,0x41,0x5d,0x67,0x45,0x19,0x1d,0x87,0x51,
    0x91,0x76,0x14,0x54,0x00,0x00,0x55,0x41,0x94,0x67,0x5d,0x55,0x55,0x55,0x5d,0x51,
    0x55,0x55,0x40,0x37,0xff,0x77,0x47,0x11,0x44,0x51,0x44,0x51,0x10,0x01,0x55,0x55,
    0x55,0x15,0x55,0x55,0x59,0x55,0x75,0x50,0x00,0x55,0x55,0x55,0x55,0x55,0x65,0x55,
    0x95,0x95,0x55,0x54,0x59,0x11,0x21,0x21,0x12,0x12,0x12,0x21,0x21,0x22,0x22,0x12,
    0x10,0x74,0x67,0x40,0x10,0x40,0x12,0x20,0x48,0x02,0x02,0x10,0x21,0x08,0x10,0x06,
    0x45,0xd0,0x00,0x48,0x80,0x82,0x04,0x21,0x01,0x55,0x51,0x55,0x55,0x55,0x14,0x55,
    0xd5,0x55,0x51,0x91,0x45,0x14,0x65,0x55,0x55,0x54,0x75,0x15,0x55,0x51,0x55,0x15,
    0x55,0x51,0x51,0x55,0x14,0x1c,0x3f,0xff,0xff,0x7f,0xdf,0x0f,0xfd,0x3f,0xff,0xf7,
    0xcd,0xf0,0x50,0x0d,0xd3,0x3d,0xcf,0x7d,0xf3,0x00,0x00,0x0c,0x4d,0x01,0xff,0xdf,
    0x7f,0x7c,0x51,0xdd,0x1b,0x5d,0x94,0x04,0x44,0x54,0x51,0x51,0x44,0x55,0x45,0x45,
    0x14,0x51,0x04,0x11,0x54,0x00,0x55,0x59,0x75,0x51,0x65,0x00,0x11,0x11,0x11,0x14,
    0x44,0x51,0x14,0x44,0x44,0x44,0x44,0x44,0x45,0xd1,0x11,0x51,0x91,0x45,0x54,0x45,
    0x17,0x51,0x65,0x15,0x51,0x15,0x54,0x41,0xd1,0x75,0x15,0x16,0x45,0x14,0x55,0x15,
    0x45,0x16,0x55,0x00,0x77,0xff,0xfc,0x11,0x11,0x11,0x11,0x14,0x50,0x00,0x5d,0x76,
    0x45,0x56,0x59,0x65,0x95,0x75,0x56,0x50,0x00,0x00,0x00,0x00,0x00,0x00,0x00,0x00,
    0x00,0x00,0x00,0x00,0x00,0x00,0x00,0x00,0x00,0x00,0x00,0x00,0x00,0x00,0x00,0x00,
    0x00,0x59,0xd1,0x90,0x00,0x00,0x00,0x00,0x00,0x00,0x00,0x00,0x00,0x00,0x00,0x07,
    0x67,0x58,0x00,0x00,0x00,0x00,0x00,0x00,0x01,0x51,0x55,0x14,0x5d,0x45,0x55,0x55,
    0x51,0x45,0x15,0x55,0x55,0x55,0x51,0x14,0x51,0xd5,0x55,0x51,0x91,0x15,0x15,0x55,
    0x44,0x55,0x15,0x11,0x54,0xf4,0x1d,0xdd,0xf7,0x37,0xc7,0x37,0x7f,0x77,0x77,0x7c,
    0x7f,0x71,0x40,0xdc,0xff,0x7c,0xfc,0xcf,0x37,0xdf,0x30,0x00,0x00,0x37,0xdd,0xfd,
    0xc7,0xdc,0x19,0x46,0x75,0x11,0x10,0x15,0x45,0x11,0x14,0x44,0x55,0x51,0x54,0x51,
    0x45,0x15,0x04,0x01,0x44,0x01,0x56,0x55,0x54,0x55,0x55,0x00,0x14,0x44,0x44,0x44,
    0x44,0x44,0x44,0x44,0x44,0x44,0x44,0x45,0x0d,0x16,0x54,0x75,0x17,0x58,0x45,0x99,
    0x75,0x16,0x44,0x55,0x55,0x55,0x45,0x41,0x67,0x51,0x45,0x55,0x55,0x55,0x65,0x55,
    0x55,0x55,0x55,0x50,0x03,0x77,0x77,0x11,0x11,0x11,0x14,0x44,0x44,0x01,0x55,0x55,
    0x55,0x65,0x55,0x5d,0x56,0x56,0x55,0x50,0x00,0x00,0x00,0x00,0x00,0x00,0x00,0x00,
    0x00,0x00,0x00,0x00,0x00,0x00,0x00,0x00,0x00,0x00,0x00,0x00,0x00,0x00,0x00,0x00,
    0x00,0x1d,0x19,0xc0,0x00,0x00,0x00,0x00,0x00,0x00,0x00,0x00,0x00,0x00,0x00,0x09,
    0x1d,0x10,0x00,0x00,0x00,0x00,0x00,0x00,0x00,0x55,0x15,0x55,0x54,0x55,0x17,0x51,
    0x15,0x55,0x54,0x51,0x47,0x45,0x15,0x55,0x55,0x51,0x44,0x55,0x15,0x55,0x51,0x91,
    0x55,0x45,0x51,0x55,0x14,0x3c,0xff,0xff,0x1f,0x7f,0x7c,0x1f,0xdf,0xff,0xff,0xc7,
    0xf7,0xc1,0x0f,0xff,0xcc,0xcf,0x7d,0xf7,0xfc,0xf3,0x7f,0xdf,0xc0,0x7f,0xff,0xdf,
    0xff,0xf7,0x07,0x64,0x44,0x65,0x70,0x50,0x51,0x45,0x45,0x14,0x44,0x55,0x15,0x55,
    0x11,0x48,0x50,0x55,0x54,0x01,0x65,0x67,0x55,0x65,0x95,0x00,0x44,0x51,0x11,0x11,
    0x11,0x11,0x11,0x11,0x11,0x11,0x11,0x11,0x05,0x64,0x76,0x51,0x75,0x15,0xdd,0x11,
    0x11,0x91,0x15,0x96,0x55,0x59,0x55,0x41,0x91,0x14,0x65,0x64,0x5d,0x65,0x51,0x59,
    0xd6,0x5d,0x75,0x55,0x00,0x00,0x30,0x11,0x11,0x44,0x44,0x44,0x50,0x01,0x59,0x65,
    0x59,0x55,0xd7,0x55,0x65,0x55,0x75,0x90,0x00,0x00,0x00,0x00,0x00,0x00,0x00,0x00,
    0x00,0x00,0x00,0x00,0x00,0x00,0x00,0x00,0x00,0x00,0x00,0x00,0x00,0x00,0x00,0x00,
    0x00,0x99,0x9d,0x40,0x00,0x00,0x00,0x00,0x00,0x00,0x00,0x00,0x00,0x00,0x00,0x01,
    0x64,0x60,0x00,0x00,0x00,0x00,0x00,0x00,0x00,0x55,0x51,0x47,0x45,0x5d,0x55,0x15,
    0x54,0x51,0x45,0x55,0x55,0x55,0x55,0xd1,0xd4,0x55,0x55,0x45,0x57,0x51,0xd5,0x55,
    0x45,0x54,0x55,0x45,0x54,0x1c,0x1d,0xd1,0xff,0xf4,0xd0,0xfd,0xcd,0xdd,0x1d,0xff,
    0x7f,0x40,0xf7,0x77,0x77,0xdf,0x33,0x33,0xc7,0xf7,0xcd,0xcd,0x0f,0xf7,0x77,0xfd,
    0xdd,0xcf,0x40,0x5d,0x9d,0x9d,0x01,0x45,0x15,0x51,0x11,0x45,0x15,0x45,0x51,0x45,
    0x54,0x55,0x14,0x51,0x15,0x01,0x55,0x55,0x66,0x55,0x75,0x00,0x11,0x11,0x45,0x11,
    0x14,0x44,0x44,0x44,0x44,0x45,0x14,0x44,0x44,0x45,0xd1,0x19,0x11,0x91,0x91,0x57,
    0x59,0x17,0x51,0xd5,0x75,0xd4,0x55,0x4d,0x45,0x66,0x75,0x15,0x55,0x51,0x55,0x55,
    0x55,0x15,0x55,0x15,0x55,0x00,0x00,0x11,0x14,0x44,0x44,0x44,0x44,0x01,0x55,0x57,
    0x55,0xd5,0x55,0x65,0x57,0x5d,0x55,0x50,0x00,0x00,0x00,0x00,0x00,0x00,0x00,0x00,
    0x00,0x00,0x00,0x00,0x00,0x00,0x00,0x00,0x00,0x00,0x00,0x00,0x00,0x00,0x00,0x00,
    0x00,0x1d,0x11,0x80,0x00,0x00,0x00,0x00,0x00,0x00,0x00,0x00,0x00,0x00,0x00,0x06,
    0xdd,0x90,0x00,0x00,0x00,0x00,0x00,0x00,0x00,0x14,0x55,0x55,0x55,0x55,0x45,0x55,
    0x45,0x55,0x55,0xd4,0x51,0x45,0xd1,0x55,0x55,0x45,0x17,0x55,0xd5,0x15,0x51,0x11,
    0x54,0x55,0x44,0x54,0x45,0x34,0xdf,0x3f,0xdd,0xcf,0xf3,0x7f,0xdf,0xcf,0xff,0x77,
    0xf7,0x03,0x7f,0xff,0xff,0xfd,0xfd,0xfd,0xff,0x3c,0xfc,0xf0,0x37,0x7f,0xff,0x4f,
    0xff,0xdf,0xf0,0x19,0x75,0xd0,0x05,0x11,0x44,0x55,0x54,0x51,0x51,0x54,0x55,0x54,
    0x55,0x45,0x45,0x55,0x54,0x00,0x59,0xd5,0x55,0x5d,0x55,0x00,0x54,0x44,0x51,0x45,
    0x44,0x51,0x51,0x51,0x51,0x44,0x44,0x51,0x05,0x9d,0x55,0x91,0x65,0x19,0x16,0x1d,
    0x91,0x75,0x19,0x54,0x55,0x55,0x5d,0x41,0x5d,0x11,0x45,0x55,0xd4,0x55,0xd6,0x45,
    0x15,0x56,0x45,0x55,0x55,0x55,0x54,0x11,0x44,0x51,0x51,0x51,0x50,0x00,0x59,0xd5,
    0x65,0x59,0x65,0x56,0x75,0x55,0x99,0x54,0x00,0x00,0x00,0x00,0x00,0x00,0x00,0x00,
    0x00,0x00,0x00,0x00,0x00,0x00,0x00,0x00,0x00,0x00,0x00,0x00,0x00,0x00,0x00,0x00,
    0x00,0x16,0x59,0x40,0x00,0x00,0x00,0x00,0x00,0x00,0x00,0x00,0x00,0x00,0x00,0x01,
    0x64,0x70,0x00,0x00,0x00,0x00,0x00,0x00,0x00,0x15,0x5d,0x45,0x45,0x11,0x54,0x51,
    0x55,0x91,0x91,0x55,0x55,0x55,0x55,0x45,0x14,0x55,0x55,0x51,0x51,0x54,0x55,0x55,
    0x55,0x45,0x55,0x55,0x55,0x00,0xfd,0xdd,0xfc,0xdd,0xc1,0xf7,0xfd,0xdd,0xdf,0x3f,
    0x7f,0x77,0xf7,0xd3,0x7d,0xdf,0xdf,0xdc,0xf1,0xff,0x7d,0xd0,0x7f,0xf7,0xd3,0xdd,
    0xf7,0xf7,0x77,0x00,0x10,0x00,0x51,0x44,0x55,0x44,0x45,0x15,0x15,0x45,0x51,0x45,
    0x44,0x54,0x54,0x45,0x14,0x01,0x55,0x59,0x16,0x55,0x65,0x00,0x04,0x44,0x04,0x00,
    0x00,0x00,0x00,0x00,0x00,0x00,0x00,0x00,0x01,0x44,0x48,0x57,0x47,0x51,0x45,0x74,
    0x57,0x51,0x91,0x15,0x59,0x15,0xd5,0x41,0xd1,0x67,0x51,0x5d,0x55,0x59,0x55,0x55,
    0x59,0x75,0x55,0x67,0x55,0x55,0x54,0x00,0x00,0x00,0x00,0x04,0x04,0x01,0x55,0x56,
    0x55,0x95,0x56,0x51,0x55,0x95,0x55,0xd4,0x00,0x00,0x00,0x00,0x00,0x00,0x00,0x00,
    0x00,0x00,0x00,0x00,0x00,0x00,0x00,0x00,0x00,0x00,0x00,0x00,0x00,0x00,0x00,0x00,
    0x00,0x41,0x33,0x40,0x00,0x00,0x00,0x00,0x00,0x00,0x00,0x00,0x00,0x00,0x00,0x06,
    0x45,0x50,0x00,0x00,0x00,0x00,0x00,0x00,0x00,0x15,0x55,0x54,0x55,0x55,0x15,0x55,
    0x14,0x55,0x55,0x44,0x74,0x51,0x14,0x55,0x55,0x5d,0x11,0x15,0x15,0x45,0x45,0x17,
    0x45,0x54,0x54,0x51,0x51,0x03,0x7f,0xff,0xdd,0xff,0x4f,0x71,0xdf,0xff,0xfd,0xdf,
    0xf7,0xff,0x73,0xf7,0xf7,0xfd,0xfd,0xfd,0xdf,0xdf,0xd3,0xc3,0xf7,0x4f,0x7d,0xff,
    0xd3,0x7f,0xff,0x40,0x00,0x05,0x14,0x55,0x54,0x55,0x55,0x51,0x54,0x55,0x55,0x55,
    0x55,0x55,0x55,0x55,0x55,0x01,0x56,0x55,0x55,0x75,0x55,0x00,0x00,0x00,0x00,0x00,
    0x00,0x00,0x00,0x00,0x00,0x00,0x00,0x00,0x05,0xd5,0x95,0x11,0x59,0x17,0x5d,0x15,
    0x11,0x16,0x57,0x55,0x55,0x55,0x55,0x85,0x96,0x45,0x15,0x95,0x59,0x55,0x51,0x55,
    0x55,0x55,0x55,0x55,0x55,0x55,0x54,0x00,0x00,0x00,0x00,0x00,0x00,0x01,0x56,0x55,
    0x5d,0x57,0x5d,0x55,0x59,0x59,0x45,0x55,0x45,0x44,0x44,0x48,0x41,0x08,0x10,0x20,
    0x00,0x00,0x00,0x00,0x00,0x01,0x01,0x01,0x01,0x00,0x00,0x00,0x00,0x00,0x00,0x00,
    0x00,0x00,0x00,0x00,0x00,0x00,0x00,0x00,0x00,0x00,0x00,0x00,0x00,0x00,0x00,0x00,
    0x00,0xc0,0x00,0x00,0x00,0x00,0x00,0x00,0x00,0x13,0x11,0x15,0x51,0x91,0x54,0x51,
    0x55,0x45,0x14,0x55,0x55,0x55,0x55,0x5d,0x45,0xd5,0x55,0x55,0x54,0x55,0x55,0x55,
    0x00,0x00,0x00,0x00,0x00,0x43,0xd1,0xdd,0xcf,0xdf,0x07,0xff,0xf1,0xdd,0xd3,0xf7,
    0x4f,0x77,0xf7,0x7f,0x7f,0x4f,0x1f,0x1f,0xfd,0xf4,0xfd,0x07,0x7f,0xf7,0xff,0xdd,
    0xff,0xf4,0x77,0xf7,0x01,0x55,0x45,0x10,0x00,0x00,0x00,0x00,0x00,0x00,0x00,0x00,
    0x00,0x00,0x00,0x00,0x00,0x00,0x55,0x75,0x67,0x56,0x55,0x00,0x00,0x00,0x00,0x00,
    0x00,0x00,0x00,0x00,0x00,0x00,0x00,0x00,0x05,0x55,0x55,0x55,0x95,0x55,0x55,0x55,
    0x55,0x55,0x75,0x56,0x5d,0x59,0x65,0x45,0x55,0x55,0x59,0x55,0x95,0x14,0x55,0xd1,
    0xd1,0x11,0x11,0x11,0x12,0x11,0x1c,0x00,0x00,0x00,0x00,0x00,0x00,0x01,0x65,0x75,
    0x95,0x55,0x55,0x65,0x95,0x54,0x55,0x65,0x55,0x55,0x55,0x55,0x55,0x55,0x55,0x55,
    0x55,0x55,0x55,0x55,0x55,0x55,0x55,0x55,0x55,0x55,0x55,0x55,0x55,0x55,0x55,0x55,
    0x55,0x55,0x55,0x55,0x55,0x55,0x55,0x55,0x55,0x55,0x55,0x55,0x55,0x55,0x55,0x55,
    0x56,0x55,0x55,0x55,0x55,0x55,0x55,0x55,0x55,0x65,0x59,0x76,0x55,0x55,0x65,0x55,
    0x65,0x55,0x55,0x55,0x95,0xd5,0x75,0x55,0x55,0x55,0x55,0x65,0x65,0x56,0x59,0x65,
    0x00,0x00,0x00,0x00,0x00,0x07,0x7f,0xfc,0xdd,0xf7,0x0f,0x77,0x7f,0xf3,0xfd,0xff,
    0xf7,0xcf,0x7f,0xf7,0xf4,0xf7,0xfd,0xfd,0xf7,0xcf,0x7c,0x3f,0xf7,0x7f,0x77,0xff,
    0xdd,0xff,0xfc,0x7d,0xc0,0x00,0x10,0x00,0x00,0x00,0x00,0x00,0x00,0x00,0x00,0x00,
    0x00,0x00,0x00,0x00,0x00,0x01,0x59,0x56,0x55,0x55,0x75,0x40,0x00,0x00,0x00,0x00,
    0x00,0x00,0x00,0x00,0x00,0x00,0x00,0x00,0x00,0x00,0x00,0x00,0x00,0x00,0x00,0x00,
    0x00,0x00,0x00,0x00,0x00,0x00,0x00,0x00,0x00,0x00,0x00,0x00,0x00,0x00,0x00,0x00,
    0x00,0x00,0x00,0x00,0x00,0x00,0x00,0x00,0x00,0x00,0x00,0x00,0x00,0x01,0x57,0x55,
    0x55,0x9d,0x65,0x55,0x57,0x55,0x59,0x55,0x56,0x55,0x55,0x55,0x55,0x55,0x55,0x55,
    0x55,0x55,0x55,0x55,0x55,0x55,0x55,0x55,0x55,0x55,0x55,0x55,0x55,0x55,0x55,0x55,
    0x55,0x55,0x55,0x55,0x55,0x55,0x55,0x55,0x55,0x55,0x55,0x55,0x55,0x55,0x55,0x55,
    0x65,0x55,0x55,0x55,0x55,0x55,0x55,0x55,0x55,0x55,0x55,0x55,0x75,0x95,0x55,0x96,
    0x57,0x59,0x65,0x99,0x51,0x59,0x56,0x59,0x59,0x59,0x66,0x57,0x55,0x65,0x55,0x55,
    0x00,0x00,0x00,0x00,0x00,0x0f,0xf7,0xdd,0xff,0xcf,0x1f,0x3f,0x1d,0xdf,0x7f,0xdc,
    0x7f,0x7f,0xfd,0xcf,0x4f,0x7f,0x7f,0xff,0xfc,0x77,0xd0,0x77,0x73,0xf7,0xff,0x77,
    0xff,0xdd,0xdf,0xff,0x00,0x00,0x00,0x00,0x00,0x00,0x00,0x00,0x00,0x00,0x00,0x00,
    0x00,0x00,0x00,0x00,0x00,0x00,0x55,0xd5,0x55,0x96,0x55,0x55,0x11,0x00,0x00,0x00,
    0x00,0x00,0x00,0x00,0x00,0x00,0x00,0x00,0x00,0x00,0x00,0x00,0x00,0x00,0x00,0x00,
    0x00,0x00,0x00,0x00,0x00,0x00,0x00,0x00,0x00,0x00,0x00,0x00,0x00,0x00,0x00,0x00,
    0x00,0x00,0x00,0x00,0x00,0x00,0x00,0x00,0x00,0x00,0x00,0x00,0x00,0x15,0x55,0x59,
    0x75,0x55,0x56,0x75,0xd5,0x65,0x95,0x96,0x65,0x59,0x65,0x96,0x66,0x59,0x65,0x96,
    0x56,0x56,0x56,0x56,0x56,0x59,0x66,0x59,0x65,0x96,0x56,0x56,0x56,0x56,0x55,0x95,
    0x65,0x99,0x99,0x99,0x65,0x65,0x96,0x56,0x56,0x55,0x65,0x59,0x59,0x59,0x59,0x66,
    0x55,0x66,0x59,0x55,0x95,0x65,0x65,0x65,0x96,0x56,0x56,0x56,0x55,0x5d,0x95,0x55,
    0x75,0x55,0x55,0x55,0xd5,0x55,0x95,0x55,0xd5,0xd5,0x15,0x55,0x56,0x55,0xd7,0x5d,
    0x00,0x00,0x00,0x00,0x00,0x37,0x33,0xcf,0xf4,0xdc,0x37,0x77,0xff,0x3f,0xc7,0xc7,
    0xf4,0xf7,0x1c,0xdf,0xf7,0xf7,0xf4,0x74,0x77,0xff,0xc3,0xff,0x37,0xcf,0x47,0x3c,
    0x74,0xfc,0xf7,0x47,0x40,0x00,0x00,0x00,0x00,0x00,0x00,0x00,0x00,0x00,0x00,0x00,
    0x00,0x00,0x00,0x00,0x00,0x00,0x15,0x56,0x75,0x55,0x59,0x55,0x55,0x55,0x55,0x55,
    0x55,0x55,0x55,0x55,0x55,0x55,0x55,0x55,0x54,0x59,0x1d,0x9d,0x45,0x19,0x19,0x19,
    0x19,0xd1,0x14,0x44,0x44,0x44,0x44,0x74,0x74,0x47,0x45,0x1d,0x17,0x64,0x64,0x67,
    0x59,0x75,0x65,0xd6,0x55,0x56,0x55,0x55,0x55,0x55,0x55,0x55,0x55,0x55,0x96,0x55,
    0x56,0x56,0x55,0x55,0x59,0x55,0x55,0x55,0x55,0x95,0x55,0x55,0x55,0x55,0x55,0x55,
    0x65,0x65,0x65,0x65,0x55,0x55,0x55,0x55,0x55,0x55,0x65,0x65,0x65,0x65,0x65,0x59,
    0x55,0x55,0x55,0x55,0x56,0x55,0x55,0x65,0x65,0x66,0x56,0x55,0x95,0x95,0x95,0x55,
    0x57,0x55,0x55,0x99,0x59,0x56,0x56,0x55,0x55,0x65,0x65,0x75,0x59,0xd5,0x5d,0x9d,
    0x55,0x97,0x5d,0x75,0x55,0x97,0x57,0x51,0x55,0x55,0x55,0xd6,0x55,0x5d,0x55,0x55,
    0x55,0x55,0x55,0x55,0x55,0x55,0x55,0x55,0x55,0x55,0x55,0x51,0x55,0x55,0x55,0x55,
    0x55,0x55,0x55,0x55,0x55,0x55,0x55,0xd5,0x5d,0x55,0x55,0x55,0x55,0x55,0x55,0x55,
    0x55,0x55,0x55,0xd5,0xd5,0x55,0x55,0x55,0x55,0x55,0x55,0x55,0x55,0x55,0x55,0x55,
    0x55,0x55,0x55,0x55,0x55,0x55,0x59,0x65,0x56,0x75,0x15,0x96,0x55,0x55,0x55,0x55,
    0x55,0x55,0x55,0x55,0x55,0x55,0x55,0x55,0x55,0x55,0x55,0x55,0x55,0x55,0x55,0x55,
    0x55,0x55,0x55,0x55,0x55,0x55,0x55,0x55,0x55,0x55,0x55,0x55,0x55,0x55,0x55,0x55,
    0x55,0x55,0x55,0x55,0x55,0xd5,0x55,0x55,0x55,0x55,0x55,0x55,0x55,0x55,0x5d,0x59,
    0x65,0x75,0x75,0xd6,0x55,0x17,0x5d,0x75,0xd5,0x57,0x59,0x99,0x5d,0x65,0x99,0x65,
    0x55,0x55,0x55,0x55,0x99,0x65,0x95,0x96,0x66,0x65,0x55,0x55,0x55,0x55,0x56,0x55,
    0x96,0x59,0x59,0x59,0x65,0x59,0x65,0x55,0x55,0x55,0x55,0x65,0x55,0x55,0x56,0x59,
    0x75,0x59,0x75,0x55,0x55,0x95,0x55,0x66,0x65,0x57,0x57,0x55,0x95,0x55,0x95,0x55,
    0x95,0x59,0x55,0x55,0x65,0x55,0x65,0x55,0x65,0x96,0x5d,0x55,0x75,0xd5,0x65,0x99,
    0x55,0x55,0x55,0x55,0x55,0x55,0x55,0x55,0x55,0x55,0x57,0x55,0x55,0x55,0x55,0x55,
    0x55,0x55,0x55,0x55,0x55,0x5d,0x55,0x57,0x55,0x55,0x55,0x55,0x55,0x55,0x5d,0x55,
    0x55,0x55,0x55,0x55,0x55,0x55,0x59,0x55,0x55,0x55,0x55,0x55,0x55,0x55,0x55,0x55,
    0x55,0x55,0x55,0x55,0x55,0x55,0x55,0x55,0x65,0x55,0x55,0x55,0x59,0x59,0x55,0x55,
    0x55,0x55,0x55,0x54,0x54,0x54,0x54,0x51,0x55,0x55,0x55,0x55,0x56,0x55,0x55,0x55,
    0x55,0x55,0x65,0x55,0x55,0x55,0x55,0x55,0x55,0x55,0x59,0x55,0x59,0x55,0x55,0x55,
    0x54,0x56,0x55,0x55,0x9d,0x55,0xd6,0x55,0x55,0x55,0x55,0x55,0x55,0x96,0x55,0x55,
    0x55,0x55,0x55,0x55,0x65,0x55,0x55,0x55,0x59,0xd5,0x55,0x55,0xd5,0x57,0x55,0x5d,
    0x67,0x59,0xd6,0x59,0x55,0x55,0x5d,0x55,0x55,0x56,0x59,0xd6,0x59,0x76,0x55,0x75,
    0x55,0x55,0xd5,0xd5,0x55,0xd5,0x57,0x66,0x5d,0x97,0x65,0x57,0x59,0xd9,0x75,0x55,
    0x55,0x95,0x56,0x5d,0x65,0x5d,0x67,0x55,0x57,0x65,0x55,0x59,0x51,0x65,0x56,0x59,
    0x59,0xd5,0x66,0x59,0x56,0x75,0x55,0x96,0x55,0x51,0x55,0x65,0x55,0x55,0x55,0x55,
    0x66,0x66,0x59,0x65,0x96,0x66,0x59,0x65,0x9d,0x75,0xd5,0x55,0x95,0x95,0x97,0x5d,
    0x9d,0x9d,0x67,0x59,0x76,0x55,0x9d,0x65,0x59,0x65,0x96,0x59,0x76,0x59,0xd5,0x65,
    0xd9,0xd6,0x75,0x65,0x56,0x59,0x95,0x66,0x65,0x96,0x56,0x56,0x55,0x55,0x55,0x55,
    0x55,0x55,0x55,0x55,0x55,0x56,0x59,0xd7,0x55,0x59,0x65,0xd6,0x55,0x95,0x66,0x59,
    0x65,0x96,0x51,0x75,0x55,0x55,0x55,0x55,0x76,0x76,0x66,0x76,0x65,0x75,0x9d,0x99,
    0xd9,0x99,0x55,0x99,0x65,0x96,0x59,0x66,0x66,0x66,0x55,0x96,0x55,0x67,0x65,0x99,
    0x95,0x65,0x46,0x65,0x55,0x65,0x55,0x66,0x59,0x65,0x96,0x59,0x65,0x55,0xd6,0x5d,
    0x9d,0x65,0x96,0x59,0x57,0x59,0x99,0x96,0x55,0x56,0x59,0x75,0x56,0x55,0x57,0x55,
    0x55,0x55,0x55,0x55,0x5d,0x67,0x55,0x67,0x57,0x55,0xd5,0x55,0x75,0x55,0x75,0x55,
    0x9d,0x75,0x55,0x57,0x5d,0x56,0x75,0x55,0xd5,0x55,0x57,0x65,0x55,0x55,0x55,0x9d,
    0x65,0x5d,0x65,0x55,0x57,0x55,0x55,0x5d,0x75,0x55,0x65,0x95,0x15,0x57,0x55,0xd5,
    0x55,0x56,0x55,0xd5,0xd5,0x56,0x51,0x55,0x5d,0x55,0x96,0x57,0x66,0x59,0x99,0xd5,
    0x55,0x55,0x55,0x55,0x55,0x55,0x55,0x55,0x55,0x55,0x55,0x99,0x5d,0x5d,0x55,0x65,
    0x55,0x55,0x55,0x57,0x55,0x65,0x55,0x56,0x55,0x5d,0x55,0x55,0x55,0x75,0x56,0x55,
    0x55,0x55,0x56,0x57,0x65,0x55,0x56,0x55,0x55,0x55,0x65,0x65,0x59,0x99,0x99,0x99,
    0x99,0x99,0x96,0x65,0x96,0x65,0x55,0x55,0x5d,0x45,0x55,0x55,0x5d,0x55,0x55,0x55,
    0x55,0x55,0x55,0x55,0x65,0x65,0x65,0x56,0x55,0x55,0x55,0x55,0x57,0x55,0x55,0x55,
    0x55,0x55,0x95,0x55,0x55,0x55,0x55,0x55,0x55,0x55,0x65,0x55,0x75,0x55,0x57,0x55,
    0x59,0x55,0x55,0x5d,0x59,0x56,0x59,0x55,0x55,0x55,0x55,0x55,0x56,0x5d,0x55,0x55,
    0x55,0x55,0x51,0x54,0x55,0x65,0x55,0x55,0x65,0x65,0x57,0x55,0x65,0x65,0x95,0x59,
    0x75,0x96,0x59,0xd7,0x55,0x55,0x59,0x55,0x65,0x5d,0x55,0x97,0x55,0x96,0x56,0x59,
    0x55,0x56,0x59,0x65,0x55,0x65,0x55,0x95,0x56,0x75,0x95,0x55,0x9d,0x59,0x65,0x55,
    0x56,0x55,0x55,0xd6,0x75,0x65,0x9d,0x55,0x55,0x97,0x55,0x55,0x56,0x55,0x65,0x57,
    0x5d,0x65,0x75,0x55,0x59,0x55,0x55,0x75,0xd5,0x95,0x55,0x75,0x55,0x55,0x55,0x59,
    0x59,0x75,0xd7,0x59,0xd6,0x5d,0x76,0x75,0xd6,0x66,0x59,0x55,0x55,0x55,0x66,0x55,
    0x96,0x59,0x96,0x65,0x59,0x57,0x59,0x95,0xd7,0x55,0x67,0x67,0x65,0x55,0x95,0x76,
    0x5d,0x66,0x55,0x75,0x55,0xd7,0x55,0x55,0x96,0x59,0x55,0x55,0x95,0x55,0x55,0x55,
    0x55,0x55,0x55,0x55,0x55,0x55,0xd6,0x59,0x55,0x55,0x9d,0x65,0xd5,0x59,0x65,0x97,
    0x67,0x5d,0x65,0x96,0x55,0x57,0x55,0x95,0x56,0x56,0x5d,0x56,0x55,0x59,0xd6,0x5d,
    0x59,0x75,0x5d,0x75,0x9d,0x67,0x67,0x59,0x75,0x97,0x57,0x5d,0x56,0x75,0x65,0x57,
    0x55,0x67,0x59,0x55,0x95,0x65,0x57,0x5d,0x75,0x97,0x59,0x67,0x55,0x55,0x59,0x65,
    0x56,0x51,0x55,0x65,0x59,0x55,0xd5,0xd6,0x57,0x55,0xd5,0x56,0x55,0x55,0x59,0x55,
    0x55,0x55,0x55,0x55,0x59,0x75,0x95,0x75,0x55,0x95,0x59,0x55,0x59,0x55,0x55,0x55,
    0xd6,0x55,0x55,0x55,0x96,0x57,0x59,0x5d,0x65,0x55,0x59,0x75,0x55,0x95,0x57,0x59,
    0x95,0x75,0x9d,0x55,0x55,0x55,0x55,0x96,0x59,0x55,0x5d,0x45,0x95,0x76,0x5d,0x65,
    0x55,0x57,0x55,0x66,0x55,0xd9,0xd6,0x56,0x55,0x5d,0x9d,0x55,0x65,0xd7,0x5d,0x55,
    0x55,0x55,0x55,0x65,0x55,0xd5,0x55,0x55,0x55,0x55,0x55,0xd7,0x59,0x96,0x55,0x5d,
    0x55,0x75,0x5d,0x55,0x95,0xd5,0x55,0x75,0x55,0x96,0x55,0x55,0x57,0x59,0x59,0x55,
    0x55,0x55,0x75,0x55,0x59,0x55,0x65,0xd9,0x55,0xd5,0xd6,0x5d,0x55,0x55,0x75,0x75,
    0x75,0x55,0x75,0x65,0x9d,0x5d,0x55,0x55,0x96,0x59,0x55,0x55,0x55,0x95,0x55,0x75,
    0x55,0x55,0x55,0x55,0x5d,0x95,0x59,0x5d,0x65,0x75,0x55,0x95,0x75,0x95,0x55,0x55,
    0x95,0x55,0xd5,0x55,0x55,0x55,0x55,0x55,0x55,0x55,0x55,0x55,0x95,0x56,0x55,0x65,
    0x5d,0x55,0x55,0xd5,0x51,0x57,0x55,0x55,0x55,0x55,0x55,0x55,0x67,0x59,0x55,0xd6,
    0x75,0x55,0x96,0x55,0x95,0xd5,0x59,0x55,0x75,0x55,0x55,0x95,0x5d,0x75,0xd5,0xd9,
    0x65,0x9d,0x75,0x65,0x95,0x55,0x57,0x56,0x59,0x55,0x95,0x75,0x95,0x75,0x9d,0x9d,
    0x55,0x65,0xd7,0x5d,0x55,0x55,0x55,0xd5,0x55,0x96,0x55,0x56,0x59,0x57,0x55,0x55,
    0x75,0x55,0x55,0x65,0x96,0x5d,0x95,0x55,0x55,0x75,0x95,0x55,0x59,0x55,0x55,0x55,
    0x99,0x95,0x59,0x55,0x75,0x55,0x55,0x65,0x59,0x95,0x55,0x65,0x55,0x55,0x55,0x96,
    0x67,0x59,0x66,0x55,0x65,0x56,0x59,0x59,0x99,0xd7,0x65,0x55,0x55,0x55,0x75,0xd5,
    0x75,0x55,0xd5,0x5d,0x55,0x59,0x67,0x55,0x99,0x55,0x75,0x96,0x55,0x65,0x55,0xd6,
    0x66,0x5d,0x56,0x59,0x55,0x65,0x55,0x55,0xd5,0x55,0x55,0x55,0x67,0x67,0x55,0x55,
    0x55,0xd9,0x56,0x55,0x55,0x95,0x65,0xd5,0x55,0x55,0x56,0x5d,0x59,0x57,0x5d,0x55,
    0x55,0x96,0x5d,0x65,0xd5,0x56,0x55,0xd5,0x57,0x55,0xd5,0x51,0x55,0x55,0x96,0x59,
    0x57,0x59,0x56,0x59,0x65,0x96,0x56,0x5d,0x65,0xd6,0x59,0x65,0x59,0x65,0x5d,0x55,
    0x95,0x75,0x95,0x59,0x55,0x75,0x65,0x96,0x59,0x75,0x97,0x59,0x55,0x55,0x9d,0x55,
    0x55,0x95,0x75,0x5d,0x5d,0x59,0x55,0x65,0x55,0x65,0x99,0x57,0x55,0x55,0x55,0x55,
    0x55,0x55,0x56,0x55,0x57,0x59,0x65,0x55,0x55,0x75,0x57,0x55,0x57,0x55,0x55,0x55,
    0x59,0x55,0x55,0x55,0x67,0x65,0x9d,0x56,0x65,0x55,0xd7,0x55,0x55,0x75,0x66,0x67,
    0x56,0x59,0x65,0x56,0x55,0x65,0x5d,0x9d,0x9d,0x55,0x56,0x66,0x55,0xd6,0x59,0x45,
    0x55,0x51,0x55,0x17,0x55,0x95,0x99,0x55,0x95,0x56,0x59,0x56,0x75,0x99,0x95,0x45,
    0x55,0x55,0x55,0x5d,0x56,0x55,0x55,0xd5,0x55,0x55,0x57,0x59,0x65,0xd9,0x55,0x56,
    0x56,0x59,0x55,0x95,0x65,0x95,0x55,0x59,0x55,0x76,0x55,0x5d,0x66,0x55,0xd5,0x55,
    0x55,0x55,0x95,0x55,0x9d,0x56,0x5d,0x59,0x59,0x65,0x97,0x59,0x55,0x55,0x59,0x65,
    0x95,0x55,0x95,0x5d,0x59,0x55,0x55,0x59,0xd9,0xd7,0x65,0x55,0x95,0x75,0x55,0x59,
    0x99,0x55,0x55,0x55,0x55,0x65,0x5d,0x55,0x95,0x55,0x59,0x55,0x65,0x9d,0x55,0xd5,
    0x75,0x55,0x55,0x55,0x55,0x75,0x55,0x55,0x55,0x55,0x75,0x56,0x55,0x55,0x15,0x65,
    0x56,0x55,0x5d,0x55,0xd6,0x55,0x55,0x55,0x55,0x55,0x55,0x55,0x75,0x95,0x55,0x59,
    0x59,0x5d,0x55,0xd5,0x55,0x55,0x97,0x57,0x56,0x55,0x55,0x75,0x59,0x66,0x59,0x67,
    0x5d,0x65,0x95,0x5d,0x75,0x55,0x55,0x96,0x75,0x56,0x55,0x59,0x65,0x59,0x65,0x56,
    0x55,0xd6,0x66,0x65,0x55,0x55,0x55,0x65,0x5d,0x75,0x55,0x67,0x5d,0x55,0x55,0x55,
    0x55,0x57,0x56,0x65,0x76,0x55,0xd5,0x55,0x55,0x99,0x65,0x55,0x75,0x55,0x75,0x56,
    0x75,0x15,0x99,0x55,0x59,0x51,0x57,0x5d,0x5d,0x75,0x55,0xd5,0x55,0x55,0x51,0x55,
    0x59,0x67,0x59,0x55,0x95,0x75,0x9d,0x55,0xd5,0x96,0x55,0x55,0x5d,0x55,0xd6,0x55,
    0x55,0xd5,0x59,0x56,0x57,0x57,0x65,0x95,0x75,0x95,0x59,0xd5,0x55,0x5d,0x59,0x65,
    0xd7,0x65,0x59,0xd5,0x55,0x65,0x55,0x95,0x55,0x55,0x55,0x55,0xd5,0x65,0x95,0x55,
    0x59,0x59,0x57,0x55,0x95,0x59,0x65,0x95,0x55,0x55,0x55,0xd5,0x55,0x55,0x65,0x95,
    0x55,0x75,0x96,0x75,0x96,0x55,0xd5,0x59,0x55,0x99,0x55,0xd6,0x55,0x55,0x65,0x55,
    0x55,0x95,0x96,0x5d,0x75,0x55,0x9d,0x66,0x5d,0x67,0x55,0x95,0x75,0xd5,0x56,0x57,
    0x55,0x59,0x55,0x95,0x55,0x59,0x64,0x5d,0x67,0x59,0x65,0x9d,0x55,0x5d,0x65,0x95,
    0xd5,0x15,0x95,0x55,0x95,0x95,0x75,0x55,0x65,0x5d,0x75,0x55,0x95,0x55,0x55,0x55,
    0x55,0x55,0x5d,0x55,0x55,0x65,0xd5,0x55,0x55,0x95,0x75,0x95,0x55,0x95,0x57,0x65,
    0x5d,0x55,0x55,0x56,0x75,0x67,0x59,0x55,0xd5,0x56,0x59,0x55,0x55,0x96,0x5d,0x75,
    0x65,0xd5,0x55,0x57,0x55,0x75,0x56,0x59,0x65,0x55,0xd5,0xd7,0x56,0x59,0x56,0x65,
    0x55,0x55,0x55,0x65,0x95,0x15,0x75,0x55,0x55,0x55,0xd5,0x59,0x64,0x5d,0x55,0x96,
    0x55,0x55,0x55,0x15,0x75,0x55,0x55,0x65,0x59,0x55,0x75,0x97,0x55,0x59,0x55,0x66,
    0x75,0x56,0x55,0xd5,0x75,0x55,0x55,0x57,0x55,0x56,0x55,0x55,0x97,0x55,0x55,0xd5,
    0x55,0x55,0xd5,0x59,0xd6,0x57,0x59,0x57,0x5d,0x75,0xd9,0x95,0x59,0x55,0x57,0x5d,
    0x55,0xd5,0x75,0x59,0x57,0x55,0x5d,0x55,0x55,0x65,0x5d,0x59,0x67,0x56,0x55,0x55,
    0x75,0x55,0x55,0x55,0x55,0x75,0x55,0x95,0x75,0x55,0x95,0x55,0x5d,0x56,0x55,0x67,
    0x59,0x5d,0x55,0x55,0x56,0x59,0x55,0x55,0x55,0x95,0x59,0x5d,0x55,0x59,0x65,0x55,
    0x67,0x55,0xd5,0x59,0x65,0x95,0x55,0x55,0x55,0x55,0x55,0x55,0x65,0x95,0x55,0x55,
    0x55,0x55,0x59,0x65,0x59,0x5d,0x55,0x65,0x55,0xd5,0x56,0x59,0x56,0x5d,0x76,0x75,
    0x96,0x75,0xd5,0x96,0x56,0x55,0x59,0x75,0x65,0x57,0x55,0x56,0x75,0x57,0x55,0x55,
    0xd5,0x65,0xd5,0xd5,0x56,0x55,0x55,0x95,0x56,0x55,0x55,0xd6,0x65,0x55,0x55,0x56,
    0x55,0x59,0x67,0x55,0x56,0x55,0x95,0x55,0x57,0x5d,0x55,0x55,0x55,0x57,0x55,0x55,
    0xd6,0x59,0x75,0xd5,0x55,0x56,0x55,0x96,0x65,0x99,0x59,0x95,0x15,0x55,0x99,0x55,
    0x67,0x59,0x65,0x59,0x56,0x59,0x16,0x56,0x55,0xd9,0x55,0x65,0x65,0x95,0x67,0x55,
    0x56,0x55,0x75,0x57,0x55,0x66,0x51,0x75,0x59,0x65,0x75,0x95,0x55,0x59,0x65,0x59,
    0x65,0x95,0x55,0x55,0x55,0x55,0x55,0x75,0x55,0x55,0x55,0x51,0x55,0x17,0x55,0x55,
    0x9d,0x55,0x55,0x55,0x75,0x5d,0x55,0x75,0xd9,0x56,0x55,0x55,0x55,0x65,0x59,0x76,
    0x55,0x96,0x75,0x96,0x5d,0x55,0x65,0x57,0x56,0x51,0x51,0x65,0xd5,0x95,0x75,0xd5,
    0x55,0x55,0x75,0xd6,0x65,0x55,0x59,0x75,0xd9,0x55,0x95,0x55,0x65,0x95,0x55,0xd6,
    0x55,0x59,0x59,0x95,0x5d,0x57,0x56,0x59,0x75,0x65,0xd9,0xd6,0x55,0x56,0x75,0xd6,
    0x59,0x65,0x95,0x56,0x55,0xd5,0x59,0x56,0x5d,0x56,0x55,0x55,0x65,0x55,0x55,0x55,
    0x55,0x55,0x55,0x55,0x65,0x59,0x55,0x56,0x57,0x55,0x59,0x65,0x55,0x95,0x65,0x75,
    0x56,0x55,0x59,0x57,0x55,0x75,0x9d,0x5d,0x65,0x67,0x65,0x55,0x56,0x5d,0x96,0x55,
    0x76,0x55,0x55,0x75,0x95,0x59,0x59,0xd7,0x75,0x55,0x66,0x65,0x99,0xd5,0x65,0xd5,
    0x55,0x57,0x55,0x59,0xd6,0x55,0x59,0x55,0x51,0x55,0x55,0x51,0x55,0x99,0x55,0x75,
    0x55,0x55,0xd5,0x95,0x95,0x15,0x55,0x55,0x75,0x55,0xd9,0x55,0x55,0x5d,0x55,0x5d,
    0x65,0x67,0x55,0x95,0x56,0x55,0x55,0x55,0x95,0xd7,0x55,0x59,0xd6,0x55,0x5d,0x55,
    0x55,0x5d,0x66,0x75,0x65,0xd6,0x51,0x55,0x96,0x66,0x54,0x55,0x95,0x55,0x65,0x95,
    0x55,0x59,0x59,0x97,0x55,0x55,0x95,0x55,0x55,0x15,0x75,0x96,0x56,0x55,0xd5,0x55,
    0x59,0x55,0x55,0x55,0x55,0x96,0x56,0x55,0x55,0x55,0x55,0x55,0x55,0x5d,0x55,0x55,
    0x96,0x59,0x55,0x55,0x55,0xd7,0x55,0x55,0x55,0x75,0x57,0x59,0x55,0x51,0x75,0x55,
    0x45,0x95,0x55,0x5d,0x55,0x75,0x65,0x55,0x55,0x55,0x55,0x55,0x59,0x75,0x55,0x55,
    0x55,0x55,0x57,0x55,0xd5,0x56,0x55,0x95,0xd5,0x55,0x65,0xd6,0x57,0x59,0x65,0x59,
    0x75,0x96,0x59,0x75,0x55,0xd5,0xd7,0x65,0x75,0x65,0x95,0x57,0x59,0x56,0x57,0x55,
    0x95,0x5d,0x55,0x65,0x65,0x55,0x55,0x55,0x55,0x55,0x57,0x65,0xd5,0x55,0x55,0xd6,
    0x55,0x76,0x75,0x55,0x5d,0x55,0xd5,0x55,0x55,0x96,0x55,0x55,0x55,0x59,0x51,0x59,
    0x66,0x75,0x59,0x55,0x55,0x76,0x55,0x46,0x55,0x75,0x19,0xd5,0x59,0x55,0xd7,0x56,
    0x59,0x75,0x57,0x57,0x51,0x55,0x96,0x75,0x56,0x5d,0x55,0xd6,0x75,0xd5,0x75,0x95,
    0x55,0x55,0x59,0x59,0x65,0x75,0xd9,0x99,0x55,0x55,0x59,0x15,0x55,0x76,0x55,0x97,
    0x67,0x55,0x55,0x56,0x55,0x55,0x15,0x65,0x55,0x55,0x45,0x59,0x5d,0x65,0x55,0x59,
    0x56,0x55,0xd5,0x55,0x56,0x59,0x5d,0x65,0x95,0x57,0x55,0x55,0xd5,0x5d,0x56,0x55,
    0x95,0x75,0x96,0x75,0xd5,0x55,0x55,0x75,0x94,0x59,0x66,0x66,0x59,0x95,0x59,0x65,
    0x55,0x15,0x65,0x99,0x75,0x55,0x67,0x59,0x65,0x56,0x55,0x57,0x51,0x55,0x56,0x59,
    0x55,0x54,0x59,0x55,0x96,0x55,0x57,0x5d,0x66,0x5d,0x65,0x65,0xd5,0x55,0x65,0x99,
    0xd7,0x5d,0x75,0x65,0x56,0x55,0x45,0x51,0x55,0x99,0x55,0x55,0x75,0x55,0x57,0x55,
    0x55,0x55,0x55,0x56,0x75,0x55,0x55,0x55,0x55,0x55,0x56,0x75,0x55,0x75,0x55,0x59,
    0x56,0x55,0x97,0x55,0x57,0x59,0x65,0x96,0x5d,0x96,0x55,0x55,0x59,0xd6,0x75,0x55,
    0x57,0x55,0x56,0x66,0x55,0x9d,0x55,0x99,0x65,0x55,0x5d,0x76,0x75,0x95,0x95,0x57,
    0x55,0x55,0x95,0x9d,0x67,0x55,0x75,0x95,0x75,0x55,0x55,0x55,0x95,0xd5,0x55,0x55,
    0x55,0x56,0x55,0x55,0x55,0x59,0x55,0x56,0x65,0x55,0x59,0x55,0x55,0x56,0x55,0x56,
    0x46,0x75,0x95,0x55,0x55,0x55,0x55,0x55,0x46,0x59,0x55,0x56,0x67,0x55,0x59,0x55,
    0x55,0x66,0x5d,0x65,0x45,0x91,0x56,0x56,0x46,0x45,0x55,0x95,0x55,0x56,0x76,0x57,
    0x65,0x5d,0x55,0xd5,0x95,0x55,0x55,0x55,0x5d,0x65,0x56,0x5d,0x57,0x55,0x55,0x75,
    0x57,0x55,0x55,0x55,0x59,0x67,0x5d,0x55,0x55,0x55,0xd5,0x55,0x55,0x56,0x55,0x54,
    0x65,0x56,0x55,0x55,0x56,0x59,0x55,0x55,0x57,0x55,0x75,0x95,0x55,0x96,0x55,0x57,
    0x56,0x55,0x55,0xd5,0x55,0x56,0x55,0x55,0x55,0x55,0x57,0x55,0x57,0x59,0x55,0x55,
    0x55,0x55,0x55,0x57,0x55,0x45,0x56,0x55,0x59,0x55,0x75,0x97,0x55,0x67,0x55,0x65,
    0x99,0x75,0xd6,0x55,0x55,0x65,0x99,0x65,0x96,0x5d,0x65,0x55,0x65,0x55,0xd6,0x55,
    0x65,0x65,0x55,0x59,0x75,0x55,0xd5,0x55,0xd5,0x5d,0x75,0x99,0x95,0x55,0x55,0x99,
    0xd5,0x56,0x55,0x55,0x15,0x55,0x65,0x55,0x56,0x67,0x55,0x55,0x55,0x5d,0x56,0x65,
    0x5d,0x65,0x55,0x55,0x55,0x59,0x55,0x57,0x56,0x59,0x96,0x59,0x5d,0x59,0x65,0x99,
    0x67,0x55,0x65,0x99,0x65,0x95,0xd7,0x55,0x54,0x59,0x95,0x64,0x59,0x65,0x59,0x15,
    0x55,0x55,0x57,0x67,0x5d,0x96,0x59,0x75,0x55,0x55,0x19,0x65,0x55,0x56,0x55,0xd9,
    0x75,0x55,0x55,0x54,0x55,0x55,0x55,0x55,0x55,0x56,0x59,0x55,0xd6,0x65,0x55,0x45,
    0x55,0xd5,0x59,0x59,0x56,0x75,0xd6,0x51,0x55,0x55,0x65,0x55,0x65,0x56,0x59,0x56,
    0x75,0x59,0x75,0x96,0x55,0x55,0x55,0x96,0x59,0x9d,0x55,0xd7,0x5d,0x75,0x45,0xd5,
    0x55,0x65,0x5d,0x75,0x95,0x55,0xd5,0x97,0x55,0x65,0x55,0x45,0x99,0x5d,0x65,0xd5,
    0x65,0x75,0x9d,0x59,0x17,0x65,0x45,0x96,0x5d,0x66,0x55,0x59,0x65,0x55,0xd6,0x5d,
    0x65,0x99,0x96,0x55,0x67,0x56,0x55,0x59,0x55,0x59,0x55,0x55,0x56,0x55,0x65,0x57,
    0x55,0x55,0x55,0xd7,0x56,0x55,0x55,0x57,0x55,0x55,0x57,0x56,0x57,0x59,0x55,0x59,
    0x57,0x55,0xd9,0x57,0x55,0x99,0x57,0x65,0x56,0x55,0x55,0x55,0x55,0x65,0x65,0x55,
    0x59,0x65,0x75,0xd5,0x59,0xd6,0x57,0x5d,0x95,0x55,0x65,0x95,0x97,0x55,0x65,0x55,
    0x95,0x56,0x76,0x59,0x65,0x95,0x66,0x75,0x55,0x65,0x5d,0x55,0xd5,0x55,0x5d,0x55,
    0x55,0x66,0x55,0x55,0x55,0x5d,0x55,0x67,0x55,0x55,0x54,0x55,0x55,0x95,0x15,0x59,
    0x65,0xd6,0x45,0x55,0x55,0x51,0x57,0x56,0x65,0xd9,0x55,0x57,0x56,0x55,0xd5,0x55,
    0x56,0x45,0xd6,0x45,0x59,0x65,0x99,0x75,0x95,0x55,0x55,0x75,0x55,0x57,0x54,0x55,
    0x5d,0x55,0x95,0x55,0x75,0x55,0x55,0x55,0x96,0x59,0x55,0xd6,0x55,0x65,0x55,0xd5,
    0x55,0x55,0x55,0x55,0x67,0x59,0x65,0x55,0x75,0x55,0x59,0x55,0x55,0x55,0x55,0x59,
    0x5d,0x57,0x55,0x55,0x5d,0x75,0x59,0x55,0x99,0x54,0x66,0x55,0x55,0xd5,0x5d,0x59,
    0x55,0x55,0x55,0x55,0x55,0x55,0x55,0x55,0x55,0x55,0x75,0x95,0x55,0x95,0x55,0xd5,
    0x55,0x55,0x55,0x75,0x55,0x55,0x65,0xd5,0x96,0x55,0xd6,0x65,0x95,0x55,0x56,0x75,
    0x57,0x59,0x65,0x55,0x65,0x5d,0x75,0x95,0x59,0xd6,0x55,0x55,0x55,0x55,0x65,0xd5,
    0xd5,0x5d,0x55,0x95,0x59,0x55,0x65,0x57,0x55,0x59,0x65,0x17,0x51,0x5d,0x54,0x5d,
    0x55,0x57,0x55,0x59,0x55,0x55,0x45,0x55,0x5d,0x75,0x55,0x5d,0x55,0x65,0x57,0x5d,
    0x56,0x75,0x55,0x75,0x55,0x57,0x55,0x55,0x99,0x57,0x55,0x75,0x56,0x59,0xd5,0x65,
    0x59,0x55,0x75,0x17,0x5d,0x55,0x65,0x55,0x65,0x9d,0x45,0x56,0x65,0x51,0x56,0x55,
    0xd5,0x55,0x55,0x96,0x65,0x15,0x95,0x55,0x55,0x55,0x65,0xd5,0x65,0x45,0x59,0x59,
    0x65,0x55,0x65,0x55,0x55,0x55,0x55,0x55,0x5d,0x9d,0x75,0x56,0x59,0x75,0x55,0x56,
    0x55,0x59,0x55,0x97,0x55,0x59,0x65,0xd5,0x55,0x55,0xd5,0x55,0x56,0x55,0x9d,0x55,
    0x56,0x59,0x96,0x75,0x55,0x55,0x56,0x5d,0x55,0x56,0x55,0x65,0x96,0x59,0x65,0x95,
    0x95,0x95,0x56,0x59,0xd5,0x56,0x55,0xd9,0x55,0x95,0x55,0x59,0x65,0x56,0x55,0x55,
    0x75,0x99,0x65,0x95,0x96,0x59,0x66,0x67,0x59,0x75,0x55,0x57,0x59,0x5d,0x65,0x55,
    0x94,0x59,0x75,0x56,0x59,0x65,0x5d,0x55,0x55,0xd5,0x55,0x55,0x59,0x76,0x5d,0x55,
    0x65,0x55,0x56,0x59,0x55,0xd5,0x55,0x5d,0x55,0x55,0x75,0x99,0xd6,0x65,0x55,0x55,
    0x55,0x95,0x59,0x5d,0x55,0x5d,0x55,0x75,0x65,0x15,0x55,0x55,0x55,0x95,0x95,0x55,
    0x99,0xd5,0x59,0x95,0xd9,0x64,0x55,0x96,0x55,0x56,0x5d,0x95,0x46,0x54,0x55,0x55,
    0x65,0x55,0x65,0x56,0x45,0xd5,0x67,0x59,0x55,0xd5,0x59,0x56,0x55,0x55,0x56,0x55,
    0x55,0xd7,0x55,0x55,0x55,0x96,0x56,0x59,0x5d,0x55,0x55,0x95,0x5d,0x55,0x65,0x75,
    0x56,0x59,0x65,0x55,0x55,0x55,0x5d,0x65,0xd6,0x59,0x55,0x59,0x54,0x56,0x55,0x15,
    0xd5,0x66,0x55,0x59,0x97,0x5d,0x75,0x99,0xd5,0x55,0x56,0x65,0x55,0x55,0x65,0x95,
    0x56,0x55,0x5d,0x55,0x56,0x55,0x55,0x59,0x75,0xd5,0x59,0x65,0x95,0x5d,0x55,0x59,
    0x95,0x55,0x55,0x56,0x45,0x9d,0x75,0x55,0x96,0x75,0x65,0x55,0x55,0x55,0x55,0x55,
    0x55,0x5d,0x65,0x55,0x56,0x55,0x65,0x55,0x5d,0x59,0x65,0xd5,0x5d,0x65,0x59,0x96,
    0x55,0x55,0xd5,0x5d,0x55,0x57,0x55,0x55,0x55,0x56,0x59,0x75,0x55,0xd5,0x56,0x59,
    0x55,0x55,0x56,0x65,0x55,0x57,0x55,0x65,0xd9,0x59,0x65,0xd7,0x55,0x55,0x55,0x56,
    0x55,0x97,0x65,0x55,0x75,0x56,0x59,0xd5,0x95,0x96,0x55,0x55,0x55,0x57,0x5d,0x65,
    0x99,0x56,0x55,0xd5,0x96,0x55,0x67,0x55,0x56,0x57,0x51,0x96,0x65,0x55,0x5d,0x95,
    0x55,0x59,0x55,0x51,0x55,0x55,0x59,0x55,0xd6,0x55,0x55,0x56,0x55,0x55,0x65,0x96,
    0x54,0x59,0x57,0x55,0x55,0x59,0x55,0x55,0x75,0x56,0x55,0x95,0x66,0x75,0x95,0x45,
    0x65,0x55,0x59,0x66,0x65,0x55,0x55,0xd5,0x15,0x59,0x65,0x5d,0x55,0x96,0x57,0x56,
    0x55,0xd5,0xd5,0xd9,0x16,0x65,0x95,0x55,0x59,0x75,0xd6,0x55,0xd5,0x55,0x65,0x55,
    0x54,0x55,0x51,0x95,0x55,0x95,0x55,0x55,0x55,0x96,0x65,0x55,0xd7,0x59,0x55,0x56,
    0x75,0x59,0x55,0x45,0x65,0x45,0x91,0x55,0x55,0x59,0x55,0x55,0x5d,0x55,0x56,0x55,
    0x5d,0x67,0x5d,0x55,0x55,0x55,0x55,0x15,0x55,0x55,0x57,0x5d,0x76,0x46,0x75,0xd7,
    0x59,0xd5,0x57,0x51,0x55,0x66,0x55,0x57,0x55,0x55,0x55,0x56,0x55,0x55,0xd5,0x55,
    0x59,0xd5,0x56,0x55,0x67,0x55,0x57,0x55,0x97,0x55,0x55,0x55,0x95,0x56,0x65,0x55,
    0x45,0x9d,0x65,0x55,0x17,0x55,0x65,0x55,0x55,0x55,0x55,0x55,0x67,0x59,0x65,0x95,
    0x5d,0x55,0x57,0x5d,0x56,0x55,0x55,0x55,0x5d,0x55,0x59,0x75,0x65,0xd5,0x55,0x57,
    0x55,0x75,0x5d,0x55,0x55,0x16,0x55,0x59,0x65,0x55,0x55,0x55,0x57,0x59,0x15,0x59,
    0xd6,0x55,0x91,0x55,0x67,0x59,0x55,0x75,0x55,0x46,0x75,0x95,0x59,0x76,0x5d,0x55,
    0x15,0x55,0xd5,0x64,0x59,0x95,0xd5,0x97,0x56,0x59,0x75,0x5d,0x55,0x55,0x51,0x56,
    0x56,0x59,0x55,0x55,0x56,0x75,0xd9,0x55,0x56,0x55,0x56,0x55,0x95,0x75,0x55,0x55,
    0x65,0x55,0x59,0x55,0x55,0x57,0x56,0x64,0x55,0x55,0x55,0xd5,0x56,0x59,0x5d,0x66,
    0x59,0x5d,0x55,0x5d,0x75,0x56,0x66,0x75,0x65,0x55,0x55,0xd5,0x55,0x55,0xd7,0x55,
    0x55,0x95,0x16,0x56,0x55,0x55,0x55,0x96,0x65,0x95,0x9d,0x9d,0x55,0x96,0x65,0x59,
    0x55,0x55,0x55,0x91,0x59,0x59,0x65,0x59,0x75,0x65,0xd5,0x55,0x55,0x55,0x55,0x55,
    0x55,0x55,0x95,0x55,0x96,0x55,0x75,0xd5,0x65,0x17,0x5d,0x65,0x75,0x95,0x55,0xd9,
    0x15,0x59,0x65,0x59,0x55,0x65,0x95,0x65,0x75,0x65,0xd6,0x59,0x51,0x65,0x54,0x5d,
    0x55,0x55,0x55,0xd5,0x55,0x66,0x56,0x59,0x65,0xd7,0x59,0x65,0x55,0x55,0x55,0x59,
    0x55,0x65,0x95,0x55,0x95,0x65,0x9d,0x59,0x55,0x67,0x55,0x56,0x55,0x59,0x99,0x95,
    0x57,0x55,0x95,0x59,0x65,0x55,0x75,0x55,0x57,0x59,0x96,0x5d,0x75,0x55,0x55,0x95,
    0x55,0x45,0x55,0x96,0x55,0x55,0xd6,0x56,0x59,0x55,0x55,0x45,0xd5,0x55,0x55,0x75,
    0x55,0x9d,0x59,0x55,0x55,0x5d,0x59,0x55,0x55,0x45,0x56,0x55,0x9d,0x67,0x55,0x95,
    0x55,0x55,0x91,0x9d,0x75,0x55,0x55,0x59,0x65,0x76,0x75,0x75,0x5d,0x55,0xd9,0x66,
    0x5d,0x66,0x55,0x65,0x67,0x55,0x65,0x55,0x67,0x59,0x65,0x59,0x95,0x57,0x55,0x55,
    0xd5,0x55,0x99,0x55,0x56,0x59,0x55,0x56,0x57,0x5d,0x75,0x59,0x65,0x95,0x55,0x67,
    0x55,0x55,0x55,0x55,0x5d,0x65,0xd5,0x55,0x55,0x55,0x55,0x55,0x95,0x55,0x55,0xd5,
    0xd6,0x55,0x95,0x55,0x55,0xd5,0x56,0x55,0x56,0x55,0x59,0x96,0x65,0x65,0x65,0x99,
    0x65,0x65,0x56,0x59,0x55,0x45,0x55,0x65,0x55,0x55,0x55,0x57,0x55,0x5d,0x65,0x55,
    0x55,0x95,0x57,0x55,0xd5,0x55,0x59,0x57,0x55,0x55,0x55,0xd5,0x55,0x55,0x45,0x55,
    0x66,0x59,0x75,0x59,0x66,0x55,0x55,0x57,0x55,0x55,0x57,0x56,0x56,0x59,0xd7,0x55,
    0x16,0x55,0x55,0x95,0x56,0x55,0x55,0x95,0x96,0x55,0x67,0x55,0x75,0x95,0x55,0x59,
    0x65,0x55,0x56,0x55,0x51,0x65,0x56,0x64,0x65,0x55,0x55,0x55,0x55,0x9d,0x65,0x57,
    0x59,0x56,0x59,0x55,0x56,0x75,0x59,0x55,0x45,0x96,0x59,0x55,0x57,0x65,0xd6,0x56,
    0x59,0x55,0x55,0x16,0x67,0x55,0x55,0x19,0x64,0x55,0x95,0xd5,0x55,0x55,0x65,0x55,
    0x67,0x5d,0x55,0x55,0x55,0x65,0x95,0xd5,0x57,0x55,0x55,0x56,0x55,0x95,0x55,0x55,
    0x55,0x55,0x75,0x5d,0x55,0x66,0x55,0xd6,0x55,0x55,0x5d,0x55,0x5d,0x95,0x59,0x75,
    0x56,0x65,0x57,0x59,0x95,0x55,0xd7,0x55,0x75,0x55,0x55,0x95,0x55,0x5d,0x65,0x55,
    0x59,0x75,0x96,0x59,0x55,0x55,0x56,0x5d,0x75,0x9d,0x65,0x59,0x51,0x75,0xd5,0x55,
    0x55,0x75,0x59,0x59,0x9d,0x56,0x45,0x59,0x95,0x45,0x95,0x55,0x56,0x57,0x55,0x55,
    0x5d,0x56,0x75,0x55,0x75,0x56,0x59,0x56,0x45,0x99,0x99,0x95,0x59,0x56,0x56,0x59,
    0x65,0x51,0x75,0x51,0x59,0x9d,0x55,0xd5,0x56,0x59,0x99,0x55,0x96,0x59,0x55,0x65,
    0x55,0x55,0x56,0x55,0x55,0x57,0x5d,0x75,0x56,0x59,0x65,0x55,0x75,0x55,0x55,0x5d,
    0x55,0x51,0x75,0x59,0x65,0x75,0xd5,0x55,0x5d,0x5d,0x55,0x65,0x55,0x51,0x5d,0x55,
    0x55,0x99,0x15,0x64,0x55,0x57,0x55,0x55,0x55,0x9d,0x76,0x66,0x59,0x55,0x56,0x75,
    0x55,0xd5,0x55,0xd9,0xd5,0x56,0x55,0xd9,0x55,0x75,0x57,0x59,0x95,0x55,0x59,0x55,
    0x75,0x75,0x91,0x55,0x55,0x59,0x91,0x55,0x55,0x59,0x5d,0x59,0xd6,0x75,0x56,0x75,
    0x55,0x55,0x65,0x59,0x65,0x55,0x5d,0x57,0x55,0x56,0x59,0x95,0x75,0x59,0x97,0x67,
    0x59,0x17,0x56,0x55,0x96,0x55,0x75,0x55,0x56,0x51,0x95,0x9d,0x55,0x59,0x55,0x56,
    0x55,0x57,0x55,0x55,0x5d,0x9d,0x55,0x65,0x55,0x96,0x59,0x57,0x5d,0x95,0x56,0x59,
    0x55,0x55,0x55,0x55,0xd6,0x5d,0x65,0x55,0x55,0x55,0x57,0x55,0x55,0x55,0x59,0x65,
    0x96,0x56,0x55,0xd5,0x55,0x55,0x55,0x95,0x5d,0x55,0x57,0x5d,0x65,0x75,0x59,0x75,
    0x95,0x65,0x55,0x16,0x56,0x55,0x75,0x65,0x55,0x55,0x55,0x5d,0x55,0xd5,0x5d,0x55,
    0x5d,0x55,0x55,0x95,0x55,0x55,0x91,0x55,0x95,0x55,0x55,0x59,0x55,0x75,0x96,0x56,
    0x5d,0x76,0x55,0x51,0x97,0x55,0x55,0x55,0x65,0x55,0x55,0x97,0x55,0x97,0x59,0x55,
    0x65,0xd5,0x56,0x55,0xd5,0x55,0x59,0x67,0x55,0x55,0x65,0x54,0x59,0x15,0x55,0x91,
    0x75,0x55,0x56,0x55,0x59,0x65,0x65,0x15,0x95,0x55,0x55,0x55,0x55,0x65,0x95,0x55,
    0x91,0x59,0xd5,0x55,0x59,0x65,0x75,0x55,0x97,0x55,0xd5,0x55,0x59,0x66,0x55,0xd9,
    0x56,0x55,0x55,0x67,0x5d,0x55,0x55,0x59,0xd6,0x55,0xd5,0x55,0x55,0x56,0x65,0x56,
    0x59,0x66,0x57,0x55,0x57,0x64,0x55,0x65,0x65,0x95,0x75,0x5d,0x56,0x55,0x55,0x55,
    0x55,0x55,0x55,0x15,0x75,0x75,0x56,0x59,0xd5,0xd5,0x55,0x55,0x99,0x75,0x9d,0x95,
    0x76,0x75,0x65,0x9d,0x55,0x55,0x65,0x57,0x59,0x55,0x55,0x75,0x55,0x56,0x51,0x55,
    0xd7,0x59,0x75,0xd5,0x55,0x55,0x55,0xd6,0x59,0x75,0x95,0x64,0x59,0x99,0x55,0x55,
    0x55,0x55,0x75,0x55,0x56,0x65,0x65,0x5d,0x55,0x65,0xd5,0x55,0x54,0x55,0x57,0x55,
    0x56,0x54,0x55,0x55,0x55,0x75,0x56,0x54,0x59,0x97,0x5d,0x55,0x99,0x59,0x55,0x91,
    0x55,0x96,0x59,0x55,0x97,0x55,0x55,0x65,0x59,0x19,0x75,0x15,0xd7,0x55,0x55,0x55,
    0xd5,0x55,0x75,0x95,0x55,0x65,0x96,0x59,0x57,0x5d,0x95,0x45,0x59,0x55,0x55,0x96,
    0x55,0x56,0x55,0x75,0x57,0x59,0x55,0x55,0x65,0x96,0x54,0x59,0x55,0x56,0x65,0x55,
    0x56,0x45,0x65,0x56,0x55,0x55,0x55,0x59,0x5d,0x65,0x96,0x75,0xd9,0x55,0x75,0x65,
    0x55,0x55,0x59,0x97,0x57,0x54,0x56,0x59,0x55,0x59,0x59,0x67,0x57,0x55,0x75,0x55,
    0xd5,0x59,0x96,0x55,0x55,0x9d,0x59,0x65,0x55,0x65,0x56,0x65,0x99,0x65,0x5d,0x55,
    0x55,0xd5,0x75,0x67,0x59,0x55,0x65,0x56,0x55,0x5d,0x55,0xd5,0x95,0x75,0xd9,0x75,
    0x91,0x66,0x65,0x59,0x55,0x56,0x55,0x75,0x59,0x56,0x5d,0x65,0x55,0x55,0x55,0x5d,
    0x55,0x55,0x5d,0x55,0x99,0x65,0x56,0x75,0x55,0x64,0x67,0x55,0x96,0x55,0x15,0x75,
    0x55,0x55,0x55,0x59,0x65,0xd6,0x5d,0x55,0x55,0x55,0x51,0x55,0x55,0x55,0x97,0x5d,
    0x75,0x97,0x55,0x97,0x65,0x57,0x57,0x55,0x65,0x55,0x59,0x99,0x95,0x56,0x65,0x59,
    0x75,0x45,0x59,0x99,0xd6,0x56,0x55,0x45,0x55,0x55,0x55,0x95,0x55,0x55,0x15,0x55,
    0x95,0x55,0x55,0x59,0x55,0x64,0x56,0x56,0x55,0x55,0x55,0x55,0x55,0x59,0x75,0xd5,
    0x56,0x59,0x55,0x55,0x96,0x55,0x55,0x55,0x95,0x55,0x51,0x55,0x95,0x45,0x95,0x55,
    0x59,0x65,0x65,0x55,0x65,0x55,0x9d,0x75,0x55,0x45,0x55,0x55,0x96,0x55,0x57,0x56,
    0x65,0x56,0x57,0x5d,0x5d,0x9d,0x9d,0x95,0x55,0x55,0x55,0x55,0x55,0xd9,0x56,0x57,
    0x56,0x65,0x95,0x75,0x65,0x55,0x55,0x57,0x59,0x95,0x55,0x95,0x65,0x51,0x56,0x51,
    0x59,0x75,0x55,0x75,0x99,0x55,0x95,0x57,0x59,0x5d,0x65,0x54,0x57,0x57,0x55,0x99,
    0x65,0x55,0x55,0x55,0x55,0x59,0x56,0x45,0x5d,0x95,0x95,0x55,0x59,0x55,0x55,0x55,
    0x55,0x55,0x56,0x55,0x97,0x65,0xd9,0x55,0x95,0x65,0x56,0x54,0x5d,0x97,0x59,0x55,
    0x96,0x59,0x95,0x65,0x57,0x56,0x75,0x55,0x94,0x55,0x55,0x59,0x55,0x45,0x56,0x55,
    0x96,0x59,0x65,0x95,0x55,0x55,0x55,0x66,0x76,0x59,0x55,0x65,0x97,0x55,0x75,0x55,
    0x55,0x75,0x55,0x55,0x55,0xd5,0x55,0x56,0x57,0x59,0x95,0x55,0x5d,0x65,0x55,0x55,
    0x55,0x55,0x55,0x55,0x55,0x55,0xd9,0x55,0x97,0x5d,0x95,0x76,0x51,0x9d,0x59,0x65,
    0x76,0x75,0xd7,0x55,0xd6,0x55,0x65,0x55,0xd6,0x5d,0x65,0x96,0x59,0x55,0x55,0x59,
    0x65,0x55,0x99,0x19,0x55,0x5d,0x76,0x75,0x56,0x59,0x55,0x65,0x57,0x55,0x5d,0x45,
    0x95,0x55,0x5d,0x66,0x55,0x94,0x55,0x56,0x51,0x55,0x9d,0x95,0x5d,0x65,0xd5,0x65,
    0x57,0x55,0x55,0x55,0x55,0x55,0x55,0x57,0x66,0x76,0x45,0xd6,0x5d,0x55,0xd5,0x75,
    0x65,0x57,0x5d,0x55,0x55,0x99,0x66,0x75,0x55,0x57,0x65,0x56,0x55,0x95,0x95,0x55,
    0x55,0x55,0xd9,0x55,0x55,0xd5,0x5d,0x95,0x57,0x55,0x55,0xd5,0x55,0x55,0x59,0x55,
    0x57,0x59,0xd6,0x59,0x75,0x15,0x75,0x55,0x95,0x55,0x51,0x66,0x57,0x59,0x91,0x99,
    0x16,0x5d,0x75,0x75,0x75,0x55,0x55,0x15,0x5d,0x57,0x55,0x45,0x55,0x55,0x55,0xd9,
    0x55,0x55,0x56,0x57,0x65,0x55,0x55,0x65,0x55,0x59,0x56,0x55,0x45,0x56,0x55,0x59,
    0x55,0x57,0x55,0x57,0x5d,0x99,0x96,0x55,0x55,0x55,0xd6,0x55,0x55,0x67,0x55,0x96,
    0x66,0x55,0x66,0x59,0x65,0x56,0x59,0x65,0x55,0x55,0x54,0x54,0x55,0x55,0x75,0x94,
    0x59,0x59,0x9d,0x75,0x67,0x65,0x55,0x65,0x55,0x55,0x59,0x55,0x55,0x55,0x56,0x57,
    0x55,0x55,0x55,0x65,0x55,0x55,0x55,0xd5,0x55,0x55,0x55,0x55,0x55,0x9d,0x99,0x55,
    0x55,0xd5,0x55,0x55,0x75,0xd5,0x55,0x56,0x45,0x55,0xd6,0x55,0x65,0x56,0x55,0x55,
    0x5d,0x76,0x55,0x55,0x51,0x55,0x56,0x55,0x55,0x95,0x55,0x59,0xd5,0x55,0x59,0x57,
    0x55,0x65,0xd6,0x59,0x96,0x56,0x56,0x55,0x55,0x55,0x55,0x55,0x55,0x65,0x57,0x55,
    0x55,0xd5,0x55,0x66,0x5d,0x55,0x55,0x55,0x9d,0x75,0x54,0x5d,0x51,0x55,0x5d,0x99,
    0x99,0xd5,0x55,0xd9,0x9d,0x59,0x15,0x5d,0x65,0x65,0x9d,0x59,0x65,0x91,0x95,0x75,
    0x65,0x55,0x55,0xd4,0x56,0x57,0x55,0x95,0x45,0x19,0x16,0x55,0x15,0x65,0x55,0x55,
    0x55,0xd5,0x56,0x56,0x56,0x51,0x65,0x66,0x55,0x95,0x64,0x56,0x66,0x46,0x75,0x55,
    0x19,0x1d,0x15,0xd5,0x55,0x19,0xd4,0x54,0x66,0x55,0xd5,0x45,0x96,0x65,0x65,0x95,
    0x75,0x95,0x5d,0x75,0x55,0x55,0x75,0x5d,0x59,0x19,0x59,0x5d,0x75,0x55,0x55,0x51,
    0x55,0x59,0x55,0x15,0x57,0x55,0x57,0x57,0x5d,0x67,0x55,0x65,0x59,0x5d,0x55,0x45,
    0x54,0x55,0x55,0x56,0x55,0x54,0x59,0xd5,0xd9,0x99,0x57,0x59,0x19,0x65,0x95,0xd5,
    0x59,0x66,0x66,0x54,0x65,0x19,0xd9,0x59,0x19,0xd9,0xd9,0xd9,0xd1,0x55,0x55,0x9d,
    0x9d,0x59,0xd5,0x97,0x55,0x56,0x65,0x15,0x55,0xd9,0x55,0x76,0x55,0x95,0x66,0x66,
    0x55,0x55,0x75,0x91,0x55,0x75,0x95,0x91,0x99,0x5d,0x96,0x55,0x56,0x76,0x55,0xd5,
    0x75,0x5d,0x55,0x75,0x5d,0x75,0x75,0x76,0x5d,0x45,0x99,0x99,0x19,0x51,0x65,0x59,
    0x9d,0x59,0x96,0x55,0x15,0x91,0xd9,0xd5,0x55,0x56,0x55,0x55,0x15,0x76,0x55,0x55,
    0x55,0x59,0x15,0x55,0x55,0x55,0x56,0x55,0x54,0x55,0x55,0x95,0xd7,0x55,0x5d,0x55,
};

#endif
